scenario,strategy,month,eligible_currencies,gross_price_return,modeled_transaction_cost_return,before_financing_return
ADVERSE,B0_CASH,2011-02-01,9,0.0,0.0,0.0
ADVERSE,B0_CASH,2011-03-01,9,0.0,0.0,0.0
ADVERSE,B0_CASH,2011-04-01,9,0.0,0.0,0.0
ADVERSE,B0_CASH,2011-05-01,9,0.0,0.0,0.0
ADVERSE,B0_CASH,2011-06-01,9,0.0,0.0,0.0
ADVERSE,B0_CASH,2011-07-01,9,0.0,0.0,0.0
ADVERSE,B0_CASH,2011-08-01,9,0.0,0.0,0.0
ADVERSE,B0_CASH,2011-09-01,9,0.0,0.0,0.0
ADVERSE,B0_CASH,2011-10-01,9,0.0,0.0,0.0
ADVERSE,B0_CASH,2011-11-01,9,0.0,0.0,0.0
ADVERSE,B0_CASH,2011-12-01,9,0.0,0.0,0.0
ADVERSE,B0_CASH,2012-01-01,9,0.0,0.0,0.0
ADVERSE,B0_CASH,2012-02-01,9,0.0,0.0,0.0
ADVERSE,B0_CASH,2012-03-01,9,0.0,0.0,0.0
ADVERSE,B0_CASH,2012-04-01,9,0.0,0.0,0.0
ADVERSE,B0_CASH,2012-05-01,9,0.0,0.0,0.0
ADVERSE,B0_CASH,2012-06-01,9,0.0,0.0,0.0
ADVERSE,B0_CASH,2012-07-01,9,0.0,0.0,0.0
ADVERSE,B0_CASH,2012-08-01,9,0.0,0.0,0.0
ADVERSE,B0_CASH,2012-09-01,9,0.0,0.0,0.0
ADVERSE,B0_CASH,2012-10-01,9,0.0,0.0,0.0
ADVERSE,B0_CASH,2012-11-01,9,0.0,0.0,0.0
ADVERSE,B0_CASH,2012-12-01,9,0.0,0.0,0.0
ADVERSE,B0_CASH,2013-01-01,9,0.0,0.0,0.0
ADVERSE,B0_CASH,2013-02-01,9,0.0,0.0,0.0
ADVERSE,B0_CASH,2013-03-01,9,0.0,0.0,0.0
ADVERSE,B0_CASH,2013-04-01,9,0.0,0.0,0.0
ADVERSE,B0_CASH,2013-05-01,9,0.0,0.0,0.0
ADVERSE,B0_CASH,2013-06-01,9,0.0,0.0,0.0
ADVERSE,B0_CASH,2013-07-01,9,0.0,0.0,0.0
ADVERSE,B0_CASH,2013-08-01,9,0.0,0.0,0.0
ADVERSE,B0_CASH,2013-09-01,9,0.0,0.0,0.0
ADVERSE,B0_CASH,2013-10-01,9,0.0,0.0,0.0
ADVERSE,B0_CASH,2013-11-01,9,0.0,0.0,0.0
ADVERSE,B0_CASH,2013-12-01,9,0.0,0.0,0.0
ADVERSE,B0_CASH,2014-01-01,9,0.0,0.0,0.0
ADVERSE,B0_CASH,2014-02-01,9,0.0,0.0,0.0
ADVERSE,B0_CASH,2014-03-01,9,0.0,0.0,0.0
ADVERSE,B0_CASH,2014-04-01,9,0.0,0.0,0.0
ADVERSE,B0_CASH,2014-05-01,9,0.0,0.0,0.0
ADVERSE,B0_CASH,2014-06-01,9,0.0,0.0,0.0
ADVERSE,B0_CASH,2014-07-01,9,0.0,0.0,0.0
ADVERSE,B0_CASH,2014-08-01,9,0.0,0.0,0.0
ADVERSE,B0_CASH,2014-09-01,9,0.0,0.0,0.0
ADVERSE,B0_CASH,2014-10-01,9,0.0,0.0,0.0
ADVERSE,B0_CASH,2014-11-01,9,0.0,0.0,0.0
ADVERSE,B0_CASH,2014-12-01,9,0.0,0.0,0.0
ADVERSE,B0_CASH,2015-01-01,9,0.0,0.0,0.0
ADVERSE,B0_CASH,2015-02-01,9,0.0,0.0,0.0
ADVERSE,B0_CASH,2015-03-01,9,0.0,0.0,0.0
ADVERSE,B0_CASH,2015-04-01,9,0.0,0.0,0.0
ADVERSE,B0_CASH,2015-05-01,9,0.0,0.0,0.0
ADVERSE,B0_CASH,2015-06-01,9,0.0,0.0,0.0
ADVERSE,B0_CASH,2015-07-01,9,0.0,0.0,0.0
ADVERSE,B0_CASH,2015-08-01,9,0.0,0.0,0.0
ADVERSE,B0_CASH,2015-09-01,9,0.0,0.0,0.0
ADVERSE,B0_CASH,2015-10-01,9,0.0,0.0,0.0
ADVERSE,B0_CASH,2015-11-01,9,0.0,0.0,0.0
ADVERSE,B0_CASH,2015-12-01,9,0.0,0.0,0.0
ADVERSE,B0_CASH,2016-01-01,9,0.0,0.0,0.0
ADVERSE,B0_CASH,2016-02-01,9,0.0,0.0,0.0
ADVERSE,B0_CASH,2016-03-01,9,0.0,0.0,0.0
ADVERSE,B0_CASH,2016-04-01,9,0.0,0.0,0.0
ADVERSE,B0_CASH,2016-05-01,9,0.0,0.0,0.0
ADVERSE,B0_CASH,2016-06-01,9,0.0,0.0,0.0
ADVERSE,B0_CASH,2016-07-01,9,0.0,0.0,0.0
ADVERSE,B0_CASH,2016-08-01,9,0.0,0.0,0.0
ADVERSE,B0_CASH,2016-09-01,9,0.0,0.0,0.0
ADVERSE,B0_CASH,2016-10-01,9,0.0,0.0,0.0
ADVERSE,B0_CASH,2016-11-01,9,0.0,0.0,0.0
ADVERSE,B0_CASH,2016-12-01,9,0.0,0.0,0.0
ADVERSE,B0_CASH,2017-01-01,9,0.0,0.0,0.0
ADVERSE,B0_CASH,2017-02-01,9,0.0,0.0,0.0
ADVERSE,B0_CASH,2017-03-01,9,0.0,0.0,0.0
ADVERSE,B0_CASH,2017-04-01,9,0.0,0.0,0.0
ADVERSE,B0_CASH,2017-05-01,9,0.0,0.0,0.0
ADVERSE,B0_CASH,2017-06-01,9,0.0,0.0,0.0
ADVERSE,B0_CASH,2017-07-01,9,0.0,0.0,0.0
ADVERSE,B0_CASH,2017-08-01,9,0.0,0.0,0.0
ADVERSE,B0_CASH,2017-09-01,9,0.0,0.0,0.0
ADVERSE,B0_CASH,2017-10-01,9,0.0,0.0,0.0
ADVERSE,B0_CASH,2017-11-01,9,0.0,0.0,0.0
ADVERSE,B0_CASH,2017-12-01,9,0.0,0.0,0.0
ADVERSE,B0_CASH,2018-01-01,9,0.0,0.0,0.0
ADVERSE,B0_CASH,2018-02-01,9,0.0,0.0,0.0
ADVERSE,B0_CASH,2018-03-01,9,0.0,0.0,0.0
ADVERSE,B0_CASH,2018-04-01,9,0.0,0.0,0.0
ADVERSE,B0_CASH,2018-05-01,9,0.0,0.0,0.0
ADVERSE,B0_CASH,2018-06-01,9,0.0,0.0,0.0
ADVERSE,B0_CASH,2018-07-01,9,0.0,0.0,0.0
ADVERSE,B0_CASH,2018-08-01,9,0.0,0.0,0.0
ADVERSE,B0_CASH,2018-09-01,9,0.0,0.0,0.0
ADVERSE,B0_CASH,2018-10-01,9,0.0,0.0,0.0
ADVERSE,B0_CASH,2018-11-01,9,0.0,0.0,0.0
ADVERSE,B0_CASH,2018-12-01,9,0.0,0.0,0.0
ADVERSE,B0_CASH,2019-01-01,9,0.0,0.0,0.0
ADVERSE,B0_CASH,2019-02-01,9,0.0,0.0,0.0
ADVERSE,B0_CASH,2019-03-01,9,0.0,0.0,0.0
ADVERSE,B0_CASH,2019-04-01,9,0.0,0.0,0.0
ADVERSE,B0_CASH,2019-05-01,9,0.0,0.0,0.0
ADVERSE,B0_CASH,2019-06-01,9,0.0,0.0,0.0
ADVERSE,B0_CASH,2019-07-01,9,0.0,0.0,0.0
ADVERSE,B0_CASH,2019-08-01,9,0.0,0.0,0.0
ADVERSE,B0_CASH,2019-09-01,9,0.0,0.0,0.0
ADVERSE,B0_CASH,2019-10-01,9,0.0,0.0,0.0
ADVERSE,B0_CASH,2019-11-01,9,0.0,0.0,0.0
ADVERSE,B0_CASH,2019-12-01,9,0.0,0.0,0.0
ADVERSE,B0_CASH,2020-01-01,9,0.0,0.0,0.0
ADVERSE,B0_CASH,2020-02-01,9,0.0,0.0,0.0
ADVERSE,B0_CASH,2020-03-01,9,0.0,0.0,0.0
ADVERSE,B0_CASH,2020-04-01,9,0.0,0.0,0.0
ADVERSE,B0_CASH,2020-05-01,9,0.0,0.0,0.0
ADVERSE,B0_CASH,2020-06-01,9,0.0,0.0,0.0
ADVERSE,B0_CASH,2020-07-01,9,0.0,0.0,0.0
ADVERSE,B0_CASH,2020-08-01,9,0.0,0.0,0.0
ADVERSE,B0_CASH,2020-09-01,9,0.0,0.0,0.0
ADVERSE,B0_CASH,2020-10-01,9,0.0,0.0,0.0
ADVERSE,B0_CASH,2020-11-01,9,0.0,0.0,0.0
ADVERSE,B0_CASH,2020-12-01,9,0.0,0.0,0.0
ADVERSE,B0_CASH,2021-01-01,9,0.0,0.0,0.0
ADVERSE,B0_CASH,2021-02-01,9,0.0,0.0,0.0
ADVERSE,B0_CASH,2021-03-01,9,0.0,0.0,0.0
ADVERSE,B0_CASH,2021-04-01,9,0.0,0.0,0.0
ADVERSE,B0_CASH,2021-05-01,9,0.0,0.0,0.0
ADVERSE,B0_CASH,2021-06-01,9,0.0,0.0,0.0
ADVERSE,B0_CASH,2021-07-01,9,0.0,0.0,0.0
ADVERSE,B0_CASH,2021-08-01,9,0.0,0.0,0.0
ADVERSE,B0_CASH,2021-09-01,9,0.0,0.0,0.0
ADVERSE,B0_CASH,2021-10-01,9,0.0,0.0,0.0
ADVERSE,B0_CASH,2021-11-01,9,0.0,0.0,0.0
ADVERSE,B0_CASH,2021-12-01,9,0.0,0.0,0.0
ADVERSE,B0_CASH,2022-01-01,9,0.0,0.0,0.0
ADVERSE,B0_CASH,2022-02-01,9,0.0,0.0,0.0
ADVERSE,B0_CASH,2022-03-01,9,0.0,0.0,0.0
ADVERSE,B0_CASH,2022-04-01,9,0.0,0.0,0.0
ADVERSE,B0_CASH,2022-05-01,9,0.0,0.0,0.0
ADVERSE,B0_CASH,2022-06-01,9,0.0,0.0,0.0
ADVERSE,B0_CASH,2022-07-01,9,0.0,0.0,0.0
ADVERSE,B0_CASH,2022-08-01,9,0.0,0.0,0.0
ADVERSE,B0_CASH,2022-09-01,9,0.0,0.0,0.0
ADVERSE,B0_CASH,2022-10-01,9,0.0,0.0,0.0
ADVERSE,B0_CASH,2022-11-01,9,0.0,0.0,0.0
ADVERSE,B0_CASH,2022-12-01,9,0.0,0.0,0.0
ADVERSE,B0_CASH,2023-01-01,9,0.0,0.0,0.0
ADVERSE,B0_CASH,2023-02-01,9,0.0,0.0,0.0
ADVERSE,B0_CASH,2023-03-01,9,0.0,0.0,0.0
ADVERSE,B0_CASH,2023-04-01,9,0.0,0.0,0.0
ADVERSE,B0_CASH,2023-05-01,9,0.0,0.0,0.0
ADVERSE,B0_CASH,2023-06-01,9,0.0,0.0,0.0
ADVERSE,B0_CASH,2023-07-01,9,0.0,0.0,0.0
ADVERSE,B0_CASH,2023-08-01,9,0.0,0.0,0.0
ADVERSE,B0_CASH,2023-09-01,9,0.0,0.0,0.0
ADVERSE,B0_CASH,2023-10-01,9,0.0,0.0,0.0
ADVERSE,B0_CASH,2023-11-01,9,0.0,0.0,0.0
ADVERSE,B0_CASH,2023-12-01,9,0.0,0.0,0.0
ADVERSE,B0_CASH,2024-01-01,9,0.0,0.0,0.0
ADVERSE,B0_CASH,2024-02-01,9,0.0,0.0,0.0
ADVERSE,B0_CASH,2024-03-01,9,0.0,0.0,0.0
ADVERSE,B0_CASH,2024-04-01,9,0.0,0.0,0.0
ADVERSE,B0_CASH,2024-05-01,9,0.0,0.0,0.0
ADVERSE,B0_CASH,2024-06-01,9,0.0,0.0,0.0
ADVERSE,B0_CASH,2024-07-01,9,0.0,0.0,0.0
ADVERSE,B0_CASH,2024-08-01,9,0.0,0.0,0.0
ADVERSE,B0_CASH,2024-09-01,9,0.0,0.0,0.0
ADVERSE,B0_CASH,2024-10-01,9,0.0,0.0,0.0
ADVERSE,B0_CASH,2024-11-01,9,0.0,0.0,0.0
ADVERSE,B0_CASH,2024-12-01,9,0.0,0.0,0.0
ADVERSE,B1_EXPANDING_MEAN_SIGN,2011-02-01,9,0.009101125751012728,0.000129315189829125,0.008971810561183603
ADVERSE,B1_EXPANDING_MEAN_SIGN,2011-03-01,9,0.009281698615346175,1.047268040198981e-05,0.009271225934944184
ADVERSE,B1_EXPANDING_MEAN_SIGN,2011-04-01,9,0.044315396653242134,0.0,0.044315396653242134
ADVERSE,B1_EXPANDING_MEAN_SIGN,2011-05-01,9,-0.012885681151532546,0.0,-0.012885681151532546
ADVERSE,B1_EXPANDING_MEAN_SIGN,2011-06-01,9,0.0003878949696818099,0.0,0.0003878949696818099
ADVERSE,B1_EXPANDING_MEAN_SIGN,2011-07-01,9,0.024923182463362434,0.0,0.024923182463362434
ADVERSE,B1_EXPANDING_MEAN_SIGN,2011-08-01,9,-0.009408315733925013,0.0,-0.009408315733925013
ADVERSE,B1_EXPANDING_MEAN_SIGN,2011-09-01,9,-0.07091245269449631,0.0,-0.07091245269449631
ADVERSE,B1_EXPANDING_MEAN_SIGN,2011-10-01,9,0.028773473128510394,2.2812993481305938e-05,0.02875066013502909
ADVERSE,B1_EXPANDING_MEAN_SIGN,2011-11-01,9,-0.030833519569580185,2.20806404363415e-05,-0.03085560021001653
ADVERSE,B1_EXPANDING_MEAN_SIGN,2011-12-01,9,-0.0019721064791005474,2.2764989975823436e-05,-0.001994871469076371
ADVERSE,B1_EXPANDING_MEAN_SIGN,2012-01-01,9,0.014742963588519873,0.0,0.014742963588519873
ADVERSE,B1_EXPANDING_MEAN_SIGN,2012-02-01,9,0.007740179826315351,0.0,0.007740179826315351
ADVERSE,B1_EXPANDING_MEAN_SIGN,2012-03-01,9,-0.012424066497278254,1.1842489319119558e-05,-0.012435908986597376
ADVERSE,B1_EXPANDING_MEAN_SIGN,2012-04-01,9,0.0046414994755744005,0.0,0.0046414994755744005
ADVERSE,B1_EXPANDING_MEAN_SIGN,2012-05-01,9,-0.03961079153238688,0.0,-0.03961079153238688
ADVERSE,B1_EXPANDING_MEAN_SIGN,2012-06-01,9,0.013098206537151373,7.820356716570066e-05,0.013020002969985673
ADVERSE,B1_EXPANDING_MEAN_SIGN,2012-07-01,9,0.009462287020518446,6.738954126512555e-05,0.00939489747925332
ADVERSE,B1_EXPANDING_MEAN_SIGN,2012-08-01,9,0.004519243860907272,0.0,0.004519243860907272
ADVERSE,B1_EXPANDING_MEAN_SIGN,2012-09-01,9,0.00894340593023266,1.1906725513906531e-05,0.008931499204718753
ADVERSE,B1_EXPANDING_MEAN_SIGN,2012-10-01,9,-0.00623463440565935,0.0,-0.00623463440565935
ADVERSE,B1_EXPANDING_MEAN_SIGN,2012-11-01,9,-0.003061501779855819,0.0,-0.003061501779855819
ADVERSE,B1_EXPANDING_MEAN_SIGN,2012-12-01,9,0.0009949217301670323,0.0,0.0009949217301670323
ADVERSE,B1_EXPANDING_MEAN_SIGN,2013-01-01,9,-0.0045617389507277934,0.0,-0.0045617389507277934
ADVERSE,B1_EXPANDING_MEAN_SIGN,2013-02-01,9,-0.02624157930477411,1.0633894639371914e-05,-0.026252213199413482
ADVERSE,B1_EXPANDING_MEAN_SIGN,2013-03-01,9,0.0028268631682401755,4.0881496990035304e-05,0.00278598167125014
ADVERSE,B1_EXPANDING_MEAN_SIGN,2013-04-01,9,0.006315123406747719,0.0,0.006315123406747719
ADVERSE,B1_EXPANDING_MEAN_SIGN,2013-05-01,9,-0.019194465221476817,0.0,-0.019194465221476817
ADVERSE,B1_EXPANDING_MEAN_SIGN,2013-06-01,9,-0.01654397916076443,0.0,-0.01654397916076443
ADVERSE,B1_EXPANDING_MEAN_SIGN,2013-07-01,9,0.009227526847789515,0.0,0.009227526847789515
ADVERSE,B1_EXPANDING_MEAN_SIGN,2013-08-01,9,-0.013850789639028367,0.0,-0.013850789639028367
ADVERSE,B1_EXPANDING_MEAN_SIGN,2013-09-01,9,0.013501130847397494,6.580928380779529e-05,0.0134353215635897
ADVERSE,B1_EXPANDING_MEAN_SIGN,2013-10-01,9,-0.0018974129884899746,7.85557136900915e-05,-0.0019759687021800665
ADVERSE,B1_EXPANDING_MEAN_SIGN,2013-11-01,9,-0.004629477453721048,1.0626814477481576e-05,-0.004640104268198528
ADVERSE,B1_EXPANDING_MEAN_SIGN,2013-12-01,9,0.006895128386721831,6.588534505362965e-05,0.0068292430416682015
ADVERSE,B1_EXPANDING_MEAN_SIGN,2014-01-01,9,-0.02276748532141526,6.636470324486432e-05,-0.022833850024660124
ADVERSE,B1_EXPANDING_MEAN_SIGN,2014-02-01,9,0.0054970309899744,9.287295451027461e-05,0.005404158035464126
ADVERSE,B1_EXPANDING_MEAN_SIGN,2014-03-01,9,0.006606899786602647,7.7543722158695e-05,0.006529356064443952
ADVERSE,B1_EXPANDING_MEAN_SIGN,2014-04-01,9,6.613611494222916e-05,0.0,6.613611494222916e-05
ADVERSE,B1_EXPANDING_MEAN_SIGN,2014-05-01,9,-0.010441454117153717,0.0,-0.010441454117153717
ADVERSE,B1_EXPANDING_MEAN_SIGN,2014-06-01,9,0.0030727736101186943,0.0,0.0030727736101186943
ADVERSE,B1_EXPANDING_MEAN_SIGN,2014-07-01,9,-0.012607762260648685,8.394925849955944e-05,-0.012691711519148245
ADVERSE,B1_EXPANDING_MEAN_SIGN,2014-08-01,9,-0.0042642536854535906,2.876839313994144e-05,-0.0042930220785935315
ADVERSE,B1_EXPANDING_MEAN_SIGN,2014-09-01,9,-0.0076177724040050986,0.0,-0.0076177724040050986
ADVERSE,B1_EXPANDING_MEAN_SIGN,2014-10-01,9,0.0050859618975339265,0.0,0.0050859618975339265
ADVERSE,B1_EXPANDING_MEAN_SIGN,2014-11-01,9,0.0058076073461349464,0.0,0.0058076073461349464
ADVERSE,B1_EXPANDING_MEAN_SIGN,2014-12-01,9,-0.00026921026166362407,1.207876205478216e-05,-0.00028128902371840625
ADVERSE,B1_EXPANDING_MEAN_SIGN,2015-01-01,9,0.03525846715660566,7.36099452551794e-05,0.03518485721135048
ADVERSE,B1_EXPANDING_MEAN_SIGN,2015-02-01,9,-0.0015882717269279922,0.0,-0.0015882717269279922
ADVERSE,B1_EXPANDING_MEAN_SIGN,2015-03-01,9,0.01870565417614203,0.0,0.01870565417614203
ADVERSE,B1_EXPANDING_MEAN_SIGN,2015-04-01,9,-0.023868085528602003,0.0,-0.023868085528602003
ADVERSE,B1_EXPANDING_MEAN_SIGN,2015-05-01,9,0.01198729589452574,0.0,0.01198729589452574
ADVERSE,B1_EXPANDING_MEAN_SIGN,2015-06-01,9,-0.014625022839113315,0.0,-0.014625022839113315
ADVERSE,B1_EXPANDING_MEAN_SIGN,2015-07-01,9,0.014940561205466175,1.2012088400491506e-05,0.014928549117065685
ADVERSE,B1_EXPANDING_MEAN_SIGN,2015-08-01,9,0.006174797508540146,4.7396301410548137e-05,0.0061274012071295975
ADVERSE,B1_EXPANDING_MEAN_SIGN,2015-09-01,9,0.003972890939518432,0.0,0.003972890939518432
ADVERSE,B1_EXPANDING_MEAN_SIGN,2015-10-01,9,-0.011899479587598417,0.0,-0.011899479587598417
ADVERSE,B1_EXPANDING_MEAN_SIGN,2015-11-01,9,0.00863093066102468,3.4479786225325404e-05,0.008596450874799355
ADVERSE,B1_EXPANDING_MEAN_SIGN,2015-12-01,9,-0.003379738876156921,3.549848751087141e-05,-0.0034152373636677927
ADVERSE,B1_EXPANDING_MEAN_SIGN,2016-01-01,9,0.0016802953603132467,3.411006831759398e-05,0.0016461852919956528
ADVERSE,B1_EXPANDING_MEAN_SIGN,2016-02-01,9,-0.011723324668274106,3.6075872714013675e-05,-0.01175940054098812
ADVERSE,B1_EXPANDING_MEAN_SIGN,2016-03-01,9,-0.03526548581304096,0.0,-0.03526548581304096
ADVERSE,B1_EXPANDING_MEAN_SIGN,2016-04-01,9,-0.013759375681852197,3.373526491821608e-05,-0.013793110946770415
ADVERSE,B1_EXPANDING_MEAN_SIGN,2016-05-01,9,0.018143522052455126,0.0,0.018143522052455126
ADVERSE,B1_EXPANDING_MEAN_SIGN,2016-06-01,9,0.007853275412518679,0.0,0.007853275412518679
ADVERSE,B1_EXPANDING_MEAN_SIGN,2016-07-01,9,0.0013985224117504494,0.0,0.0013985224117504494
ADVERSE,B1_EXPANDING_MEAN_SIGN,2016-08-01,9,0.0009557678063528573,0.0,0.0009557678063528573
ADVERSE,B1_EXPANDING_MEAN_SIGN,2016-09-01,9,-0.006195212383975813,0.0,-0.006195212383975813
ADVERSE,B1_EXPANDING_MEAN_SIGN,2016-10-01,9,0.02082386501971656,0.0,0.02082386501971656
ADVERSE,B1_EXPANDING_MEAN_SIGN,2016-11-01,9,0.016084633150566557,0.0,0.016084633150566557
ADVERSE,B1_EXPANDING_MEAN_SIGN,2016-12-01,9,0.0036230245851130746,0.0,0.0036230245851130746
ADVERSE,B1_EXPANDING_MEAN_SIGN,2017-01-01,9,-0.017713844049747445,0.0,-0.017713844049747445
ADVERSE,B1_EXPANDING_MEAN_SIGN,2017-02-01,9,0.004678558124497418,0.0,0.004678558124497418
ADVERSE,B1_EXPANDING_MEAN_SIGN,2017-03-01,9,-0.002970613905783459,0.0,-0.002970613905783459
ADVERSE,B1_EXPANDING_MEAN_SIGN,2017-04-01,9,-0.0030539225010389253,0.0,-0.0030539225010389253
ADVERSE,B1_EXPANDING_MEAN_SIGN,2017-05-01,9,-0.0013380070721696028,0.0,-0.0013380070721696028
ADVERSE,B1_EXPANDING_MEAN_SIGN,2017-06-01,9,-0.008526564245430523,0.0,-0.008526564245430523
ADVERSE,B1_EXPANDING_MEAN_SIGN,2017-07-01,9,-0.026128568937810497,0.0,-0.026128568937810497
ADVERSE,B1_EXPANDING_MEAN_SIGN,2017-08-01,9,-0.0051021164254644435,0.0,-0.0051021164254644435
ADVERSE,B1_EXPANDING_MEAN_SIGN,2017-09-01,9,0.005092847597185164,0.0,0.005092847597185164
ADVERSE,B1_EXPANDING_MEAN_SIGN,2017-10-01,9,0.006005556731780061,0.0,0.006005556731780061
ADVERSE,B1_EXPANDING_MEAN_SIGN,2017-11-01,9,-0.001326984510407778,0.0,-0.001326984510407778
ADVERSE,B1_EXPANDING_MEAN_SIGN,2017-12-01,9,-0.006546517819303845,0.0,-0.006546517819303845
ADVERSE,B1_EXPANDING_MEAN_SIGN,2018-01-01,9,-0.020160437614885545,0.0,-0.020160437614885545
ADVERSE,B1_EXPANDING_MEAN_SIGN,2018-02-01,9,0.01469931164939321,0.0,0.01469931164939321
ADVERSE,B1_EXPANDING_MEAN_SIGN,2018-03-01,9,-0.001776531174046303,0.0,-0.001776531174046303
ADVERSE,B1_EXPANDING_MEAN_SIGN,2018-04-01,9,0.009263942627908897,0.0,0.009263942627908897
ADVERSE,B1_EXPANDING_MEAN_SIGN,2018-05-01,9,0.011132290442600001,0.0,0.011132290442600001
ADVERSE,B1_EXPANDING_MEAN_SIGN,2018-06-01,9,0.003764661641840059,0.0,0.003764661641840059
ADVERSE,B1_EXPANDING_MEAN_SIGN,2018-07-01,9,-0.001693649987287629,0.0,-0.001693649987287629
ADVERSE,B1_EXPANDING_MEAN_SIGN,2018-08-01,9,0.012457411255174251,0.0,0.012457411255174251
ADVERSE,B1_EXPANDING_MEAN_SIGN,2018-09-01,9,-0.0074930208897980854,0.0,-0.0074930208897980854
ADVERSE,B1_EXPANDING_MEAN_SIGN,2018-10-01,9,0.010887864335636353,0.0,0.010887864335636353
ADVERSE,B1_EXPANDING_MEAN_SIGN,2018-11-01,9,-0.005833273088762297,3.576921701183962e-05,-0.005869042305774137
ADVERSE,B1_EXPANDING_MEAN_SIGN,2018-12-01,9,-0.0012283688757403672,3.3921384767844474e-05,-0.001262290260508212
ADVERSE,B1_EXPANDING_MEAN_SIGN,2019-01-01,9,-0.010411108907022817,0.0,-0.010411108907022817
ADVERSE,B1_EXPANDING_MEAN_SIGN,2019-02-01,9,0.006636102147029501,0.0,0.006636102147029501
ADVERSE,B1_EXPANDING_MEAN_SIGN,2019-03-01,9,0.006219905955656925,0.0,0.006219905955656925
ADVERSE,B1_EXPANDING_MEAN_SIGN,2019-04-01,9,-0.0004728210456655822,0.0,-0.0004728210456655822
ADVERSE,B1_EXPANDING_MEAN_SIGN,2019-05-01,9,0.005174803291091792,0.0,0.005174803291091792
ADVERSE,B1_EXPANDING_MEAN_SIGN,2019-06-01,9,-0.013508480781740273,3.571556127004535e-05,-0.013544196343010318
ADVERSE,B1_EXPANDING_MEAN_SIGN,2019-07-01,9,0.012820675772750256,3.477681975919537e-05,0.012785898952991061
ADVERSE,B1_EXPANDING_MEAN_SIGN,2019-08-01,9,0.004789362662022123,0.0,0.004789362662022123
ADVERSE,B1_EXPANDING_MEAN_SIGN,2019-09-01,9,0.00029428099249400534,3.707499476977753e-05,0.0002572059977242278
ADVERSE,B1_EXPANDING_MEAN_SIGN,2019-10-01,9,-0.013807380846144043,0.0,-0.013807380846144043
ADVERSE,B1_EXPANDING_MEAN_SIGN,2019-11-01,9,0.0037320624763303384,0.0,0.0037320624763303384
ADVERSE,B1_EXPANDING_MEAN_SIGN,2019-12-01,9,-0.023114243053469256,0.0,-0.023114243053469256
ADVERSE,B1_EXPANDING_MEAN_SIGN,2020-01-01,9,0.013451003968758757,3.4596347119977665e-05,0.013416407621638779
ADVERSE,B1_EXPANDING_MEAN_SIGN,2020-02-01,9,0.016096359671686974,3.6091217975488906e-05,0.016060268453711488
ADVERSE,B1_EXPANDING_MEAN_SIGN,2020-03-01,9,0.03575310097387871,0.0,0.03575310097387871
ADVERSE,B1_EXPANDING_MEAN_SIGN,2020-04-01,9,-0.020560356674444374,0.0,-0.020560356674444374
ADVERSE,B1_EXPANDING_MEAN_SIGN,2020-05-01,9,-0.01185002375280544,0.0,-0.01185002375280544
ADVERSE,B1_EXPANDING_MEAN_SIGN,2020-06-01,9,-0.013091175090575509,0.0,-0.013091175090575509
ADVERSE,B1_EXPANDING_MEAN_SIGN,2020-07-01,9,-0.03220946662817073,0.0,-0.03220946662817073
ADVERSE,B1_EXPANDING_MEAN_SIGN,2020-08-01,9,-0.014324333179590119,3.517234448799116e-05,-0.014359505524078109
ADVERSE,B1_EXPANDING_MEAN_SIGN,2020-09-01,9,0.018329557629407307,0.0,0.018329557629407307
ADVERSE,B1_EXPANDING_MEAN_SIGN,2020-10-01,9,0.003492783422056722,0.0,0.003492783422056722
ADVERSE,B1_EXPANDING_MEAN_SIGN,2020-11-01,9,-0.018909256898377698,0.0,-0.018909256898377698
ADVERSE,B1_EXPANDING_MEAN_SIGN,2020-12-01,9,-0.017086683934113847,0.0,-0.017086683934113847
ADVERSE,B1_EXPANDING_MEAN_SIGN,2021-01-01,9,0.003414091017935895,0.0,0.003414091017935895
ADVERSE,B1_EXPANDING_MEAN_SIGN,2021-02-01,9,0.00016785102713875086,0.0,0.00016785102713875086
ADVERSE,B1_EXPANDING_MEAN_SIGN,2021-03-01,9,0.0028948057503491967,0.0,0.0028948057503491967
ADVERSE,B1_EXPANDING_MEAN_SIGN,2021-04-01,9,-0.00824456954812051,0.0,-0.00824456954812051
ADVERSE,B1_EXPANDING_MEAN_SIGN,2021-05-01,9,-0.005667448162210468,0.0,-0.005667448162210468
ADVERSE,B1_EXPANDING_MEAN_SIGN,2021-06-01,9,0.014330263321985393,0.0,0.014330263321985393
ADVERSE,B1_EXPANDING_MEAN_SIGN,2021-07-01,9,0.006049784318817518,0.0,0.006049784318817518
ADVERSE,B1_EXPANDING_MEAN_SIGN,2021-08-01,9,0.0023046957394989853,0.0,0.0023046957394989853
ADVERSE,B1_EXPANDING_MEAN_SIGN,2021-09-01,9,0.005962504114169913,0.0,0.005962504114169913
ADVERSE,B1_EXPANDING_MEAN_SIGN,2021-10-01,9,-0.005615507826193232,0.0,-0.005615507826193232
ADVERSE,B1_EXPANDING_MEAN_SIGN,2021-11-01,9,0.022315331538239155,0.0,0.022315331538239155
ADVERSE,B1_EXPANDING_MEAN_SIGN,2021-12-01,9,-0.007882635847033316,0.0,-0.007882635847033316
ADVERSE,B1_EXPANDING_MEAN_SIGN,2022-01-01,9,0.004329255976510953,0.0,0.004329255976510953
ADVERSE,B1_EXPANDING_MEAN_SIGN,2022-02-01,9,0.0014014912563946726,0.0,0.0014014912563946726
ADVERSE,B1_EXPANDING_MEAN_SIGN,2022-03-01,9,0.004878370984587864,0.0,0.004878370984587864
ADVERSE,B1_EXPANDING_MEAN_SIGN,2022-04-01,9,0.024716004523575696,0.0,0.024716004523575696
ADVERSE,B1_EXPANDING_MEAN_SIGN,2022-05-01,9,-0.004069434088947542,0.0,-0.004069434088947542
ADVERSE,B1_EXPANDING_MEAN_SIGN,2022-06-01,9,0.024842294924182648,0.0,0.024842294924182648
ADVERSE,B1_EXPANDING_MEAN_SIGN,2022-07-01,9,-0.0027873245106345454,3.7325569614853446e-05,-0.002824650080249399
ADVERSE,B1_EXPANDING_MEAN_SIGN,2022-08-01,9,0.022663081736477426,0.0,0.022663081736477426
ADVERSE,B1_EXPANDING_MEAN_SIGN,2022-09-01,9,0.04697191348063731,0.0,0.04697191348063731
ADVERSE,B1_EXPANDING_MEAN_SIGN,2022-10-01,9,-0.013155728112958509,0.0,-0.013155728112958509
ADVERSE,B1_EXPANDING_MEAN_SIGN,2022-11-01,9,-0.03503506693722014,0.0,-0.03503506693722014
ADVERSE,B1_EXPANDING_MEAN_SIGN,2022-12-01,9,-0.01519557105329065,0.0,-0.01519557105329065
ADVERSE,B1_EXPANDING_MEAN_SIGN,2023-01-01,9,-0.010149450213993197,0.0,-0.010149450213993197
ADVERSE,B1_EXPANDING_MEAN_SIGN,2023-02-01,9,0.013041162517665541,3.609456776755099e-05,0.01300506794989799
ADVERSE,B1_EXPANDING_MEAN_SIGN,2023-03-01,9,-0.006228969069136515,3.768120622924169e-05,-0.006266650275365757
ADVERSE,B1_EXPANDING_MEAN_SIGN,2023-04-01,9,0.005715934970044165,0.0,0.005715934970044165
ADVERSE,B1_EXPANDING_MEAN_SIGN,2023-05-01,9,0.024441643716862624,0.0,0.024441643716862624
ADVERSE,B1_EXPANDING_MEAN_SIGN,2023-06-01,9,-0.015650503631081558,0.0,-0.015650503631081558
ADVERSE,B1_EXPANDING_MEAN_SIGN,2023-07-01,9,-0.012887719949622654,0.0,-0.012887719949622654
ADVERSE,B1_EXPANDING_MEAN_SIGN,2023-08-01,9,0.026461042081723854,0.0,0.026461042081723854
ADVERSE,B1_EXPANDING_MEAN_SIGN,2023-09-01,9,0.004923455939624659,0.0,0.004923455939624659
ADVERSE,B1_EXPANDING_MEAN_SIGN,2023-10-01,9,0.01916123629484048,0.0,0.01916123629484048
ADVERSE,B1_EXPANDING_MEAN_SIGN,2023-11-01,9,-0.03266205934911169,0.0,-0.03266205934911169
ADVERSE,B1_EXPANDING_MEAN_SIGN,2023-12-01,9,-0.025117631341494844,0.0,-0.025117631341494844
ADVERSE,B1_EXPANDING_MEAN_SIGN,2024-01-01,9,0.019218604307710694,0.0,0.019218604307710694
ADVERSE,B1_EXPANDING_MEAN_SIGN,2024-02-01,9,0.006839668539988186,0.0,0.006839668539988186
ADVERSE,B1_EXPANDING_MEAN_SIGN,2024-03-01,9,0.006080260508587688,0.0,0.006080260508587688
ADVERSE,B1_EXPANDING_MEAN_SIGN,2024-04-01,9,0.014022381121442655,0.0,0.014022381121442655
ADVERSE,B1_EXPANDING_MEAN_SIGN,2024-05-01,9,-0.02111927842314327,0.0,-0.02111927842314327
ADVERSE,B1_EXPANDING_MEAN_SIGN,2024-06-01,9,0.008019111060883056,0.0,0.008019111060883056
ADVERSE,B1_EXPANDING_MEAN_SIGN,2024-07-01,9,0.002062161997849415,0.0,0.002062161997849415
ADVERSE,B1_EXPANDING_MEAN_SIGN,2024-08-01,9,-0.024003875946112405,0.0,-0.024003875946112405
ADVERSE,B1_EXPANDING_MEAN_SIGN,2024-09-01,9,-0.013043107070186324,0.0,-0.013043107070186324
ADVERSE,B1_EXPANDING_MEAN_SIGN,2024-10-01,9,0.024392654093647253,3.661135736607435e-05,0.024356042736281176
ADVERSE,B1_EXPANDING_MEAN_SIGN,2024-11-01,9,0.0063186480880433014,3.916533084913235e-05,0.00627948275719417
ADVERSE,B1_EXPANDING_MEAN_SIGN,2024-12-01,9,0.024486532873483187,0.0,0.024486532873483187
ADVERSE,B2_ALWAYS_LONG,2011-02-01,9,0.010362550577749041,0.000129315189829125,0.010233235387919917
ADVERSE,B2_ALWAYS_LONG,2011-03-01,9,0.009281698615346175,0.0,0.009281698615346175
ADVERSE,B2_ALWAYS_LONG,2011-04-01,9,0.044315396653242134,0.0,0.044315396653242134
ADVERSE,B2_ALWAYS_LONG,2011-05-01,9,-0.012885681151532546,0.0,-0.012885681151532546
ADVERSE,B2_ALWAYS_LONG,2011-06-01,9,0.0003878949696818099,0.0,0.0003878949696818099
ADVERSE,B2_ALWAYS_LONG,2011-07-01,9,0.024923182463362434,0.0,0.024923182463362434
ADVERSE,B2_ALWAYS_LONG,2011-08-01,9,-0.009408315733925013,0.0,-0.009408315733925013
ADVERSE,B2_ALWAYS_LONG,2011-09-01,9,-0.07091245269449631,0.0,-0.07091245269449631
ADVERSE,B2_ALWAYS_LONG,2011-10-01,9,0.043575900023282745,0.0,0.043575900023282745
ADVERSE,B2_ALWAYS_LONG,2011-11-01,9,-0.030833519569580185,0.0,-0.030833519569580185
ADVERSE,B2_ALWAYS_LONG,2011-12-01,9,-0.012307327342687135,0.0,-0.012307327342687135
ADVERSE,B2_ALWAYS_LONG,2012-01-01,9,0.01922919043303632,0.0,0.01922919043303632
ADVERSE,B2_ALWAYS_LONG,2012-02-01,9,0.015729645213242667,0.0,0.015729645213242667
ADVERSE,B2_ALWAYS_LONG,2012-03-01,9,-0.012800872232710758,0.0,-0.012800872232710758
ADVERSE,B2_ALWAYS_LONG,2012-04-01,9,0.00287508673073981,0.0,0.00287508673073981
ADVERSE,B2_ALWAYS_LONG,2012-05-01,9,-0.05417027987156791,0.0,-0.05417027987156791
ADVERSE,B2_ALWAYS_LONG,2012-06-01,9,0.02761682480853209,0.0,0.02761682480853209
ADVERSE,B2_ALWAYS_LONG,2012-07-01,9,0.0032012650686255276,0.0,0.0032012650686255276
ADVERSE,B2_ALWAYS_LONG,2012-08-01,9,0.012079552701499272,0.0,0.012079552701499272
ADVERSE,B2_ALWAYS_LONG,2012-09-01,9,0.01432888105721291,0.0,0.01432888105721291
ADVERSE,B2_ALWAYS_LONG,2012-10-01,9,-0.0045794667530547,0.0,-0.0045794667530547
ADVERSE,B2_ALWAYS_LONG,2012-11-01,9,-0.002414779846302833,0.0,-0.002414779846302833
ADVERSE,B2_ALWAYS_LONG,2012-12-01,9,0.004002206773557411,0.0,0.004002206773557411
ADVERSE,B2_ALWAYS_LONG,2013-01-01,9,0.0021494894636223424,0.0,0.0021494894636223424
ADVERSE,B2_ALWAYS_LONG,2013-02-01,9,-0.02624157930477411,0.0,-0.02624157930477411
ADVERSE,B2_ALWAYS_LONG,2013-03-01,9,-0.005964248601229966,0.0,-0.005964248601229966
ADVERSE,B2_ALWAYS_LONG,2013-04-01,9,0.009773272462704145,0.0,0.009773272462704145
ADVERSE,B2_ALWAYS_LONG,2013-05-01,9,-0.034939519480836165,0.0,-0.034939519480836165
ADVERSE,B2_ALWAYS_LONG,2013-06-01,9,-0.012357325780947566,0.0,-0.012357325780947566
ADVERSE,B2_ALWAYS_LONG,2013-07-01,9,0.01601621817755112,0.0,0.01601621817755112
ADVERSE,B2_ALWAYS_LONG,2013-08-01,9,-0.010410979886920389,0.0,-0.010410979886920389
ADVERSE,B2_ALWAYS_LONG,2013-09-01,9,0.0332621232199424,0.0,0.0332621232199424
ADVERSE,B2_ALWAYS_LONG,2013-10-01,9,-0.000951877898803318,0.0,-0.000951877898803318
ADVERSE,B2_ALWAYS_LONG,2013-11-01,9,-0.013776129718260414,0.0,-0.013776129718260414
ADVERSE,B2_ALWAYS_LONG,2013-12-01,9,0.0028208348159274063,0.0,0.0028208348159274063
ADVERSE,B2_ALWAYS_LONG,2014-01-01,9,-0.01629573174997308,0.0,-0.01629573174997308
ADVERSE,B2_ALWAYS_LONG,2014-02-01,9,0.022262816401241354,0.0,0.022262816401241354
ADVERSE,B2_ALWAYS_LONG,2014-03-01,9,0.005228882743245326,0.0,0.005228882743245326
ADVERSE,B2_ALWAYS_LONG,2014-04-01,9,0.0039105494092500515,0.0,0.0039105494092500515
ADVERSE,B2_ALWAYS_LONG,2014-05-01,9,-0.007648109632590574,0.0,-0.007648109632590574
ADVERSE,B2_ALWAYS_LONG,2014-06-01,9,0.008002889277333194,0.0,0.008002889277333194
ADVERSE,B2_ALWAYS_LONG,2014-07-01,9,-0.021613625866369206,0.0,-0.021613625866369206
ADVERSE,B2_ALWAYS_LONG,2014-08-01,9,-0.006614894834133122,0.0,-0.006614894834133122
ADVERSE,B2_ALWAYS_LONG,2014-09-01,9,-0.042690543243649993,0.0,-0.042690543243649993
ADVERSE,B2_ALWAYS_LONG,2014-10-01,9,-0.013164631773159345,0.0,-0.013164631773159345
ADVERSE,B2_ALWAYS_LONG,2014-11-01,9,-0.01949604790359062,0.0,-0.01949604790359062
ADVERSE,B2_ALWAYS_LONG,2014-12-01,9,-0.026851460924379424,0.0,-0.026851460924379424
ADVERSE,B2_ALWAYS_LONG,2015-01-01,9,-0.033366671608258916,0.0,-0.033366671608258916
ADVERSE,B2_ALWAYS_LONG,2015-02-01,9,0.003967990604584217,0.0,0.003967990604584217
ADVERSE,B2_ALWAYS_LONG,2015-03-01,9,-0.02596486811036706,0.0,-0.02596486811036706
ADVERSE,B2_ALWAYS_LONG,2015-04-01,9,0.036161202147459354,0.0,0.036161202147459354
ADVERSE,B2_ALWAYS_LONG,2015-05-01,9,-0.02782311341382673,0.0,-0.02782311341382673
ADVERSE,B2_ALWAYS_LONG,2015-06-01,9,0.005982069119239585,0.0,0.005982069119239585
ADVERSE,B2_ALWAYS_LONG,2015-07-01,9,-0.028793325118501127,0.0,-0.028793325118501127
ADVERSE,B2_ALWAYS_LONG,2015-08-01,9,-0.006444831906326066,0.0,-0.006444831906326066
ADVERSE,B2_ALWAYS_LONG,2015-09-01,9,-0.005783902895160644,0.0,-0.005783902895160644
ADVERSE,B2_ALWAYS_LONG,2015-10-01,9,0.00922299878264992,0.0,0.00922299878264992
ADVERSE,B2_ALWAYS_LONG,2015-11-01,9,-0.02398178065881952,0.0,-0.02398178065881952
ADVERSE,B2_ALWAYS_LONG,2015-12-01,9,0.009235221570876664,0.0,0.009235221570876664
ADVERSE,B2_ALWAYS_LONG,2016-01-01,9,-0.01830788776942982,0.0,-0.01830788776942982
ADVERSE,B2_ALWAYS_LONG,2016-02-01,9,0.01764380749770274,0.0,0.01764380749770274
ADVERSE,B2_ALWAYS_LONG,2016-03-01,9,0.04391237310164153,0.0,0.04391237310164153
ADVERSE,B2_ALWAYS_LONG,2016-04-01,9,0.015562907394615818,0.0,0.015562907394615818
ADVERSE,B2_ALWAYS_LONG,2016-05-01,9,-0.032584268805715695,0.0,-0.032584268805715695
ADVERSE,B2_ALWAYS_LONG,2016-06-01,9,0.007648821206752945,0.0,0.007648821206752945
ADVERSE,B2_ALWAYS_LONG,2016-07-01,9,0.0028861090787539612,0.0,0.0028861090787539612
ADVERSE,B2_ALWAYS_LONG,2016-08-01,9,-0.0021866614229554392,0.0,-0.0021866614229554392
ADVERSE,B2_ALWAYS_LONG,2016-09-01,9,0.00947558003097224,0.0,0.00947558003097224
ADVERSE,B2_ALWAYS_LONG,2016-10-01,9,-0.029007672448586375,0.0,-0.029007672448586375
ADVERSE,B2_ALWAYS_LONG,2016-11-01,9,-0.02456785156131258,0.0,-0.02456785156131258
ADVERSE,B2_ALWAYS_LONG,2016-12-01,9,-0.00689507086891482,0.0,-0.00689507086891482
ADVERSE,B2_ALWAYS_LONG,2017-01-01,9,0.03568539581036734,0.0,0.03568539581036734
ADVERSE,B2_ALWAYS_LONG,2017-02-01,9,-0.010683695836689378,0.0,-0.010683695836689378
ADVERSE,B2_ALWAYS_LONG,2017-03-01,9,-0.003082291747737356,0.0,-0.003082291747737356
ADVERSE,B2_ALWAYS_LONG,2017-04-01,9,-0.0002761450880071194,0.0,-0.0002761450880071194
ADVERSE,B2_ALWAYS_LONG,2017-05-01,9,0.014758170576491524,0.0,0.014758170576491524
ADVERSE,B2_ALWAYS_LONG,2017-06-01,9,0.017716076481566565,0.0,0.017716076481566565
ADVERSE,B2_ALWAYS_LONG,2017-07-01,9,0.029526725928092048,0.0,0.029526725928092048
ADVERSE,B2_ALWAYS_LONG,2017-08-01,9,-0.0035229616831076913,0.0,-0.0035229616831076913
ADVERSE,B2_ALWAYS_LONG,2017-09-01,9,-0.005003387460561738,0.0,-0.005003387460561738
ADVERSE,B2_ALWAYS_LONG,2017-10-01,9,-0.024176136076906347,0.0,-0.024176136076906347
ADVERSE,B2_ALWAYS_LONG,2017-11-01,9,0.00479457222754176,0.0,0.00479457222754176
ADVERSE,B2_ALWAYS_LONG,2017-12-01,9,0.01692486427153359,0.0,0.01692486427153359
ADVERSE,B2_ALWAYS_LONG,2018-01-01,9,0.038667479617333335,0.0,0.038667479617333335
ADVERSE,B2_ALWAYS_LONG,2018-02-01,9,-0.02163716493247804,0.0,-0.02163716493247804
ADVERSE,B2_ALWAYS_LONG,2018-03-01,9,-0.000345873669135768,0.0,-0.000345873669135768
ADVERSE,B2_ALWAYS_LONG,2018-04-01,9,-0.023042534145912483,0.0,-0.023042534145912483
ADVERSE,B2_ALWAYS_LONG,2018-05-01,9,-0.011697348338408594,0.0,-0.011697348338408594
ADVERSE,B2_ALWAYS_LONG,2018-06-01,9,-0.012687256791968866,0.0,-0.012687256791968866
ADVERSE,B2_ALWAYS_LONG,2018-07-01,9,0.0037093082106904257,0.0,0.0037093082106904257
ADVERSE,B2_ALWAYS_LONG,2018-08-01,9,-0.014503536471580869,0.0,-0.014503536471580869
ADVERSE,B2_ALWAYS_LONG,2018-09-01,9,0.006667912119096823,0.0,0.006667912119096823
ADVERSE,B2_ALWAYS_LONG,2018-10-01,9,-0.0215807856130362,0.0,-0.0215807856130362
ADVERSE,B2_ALWAYS_LONG,2018-11-01,9,0.007915761662608064,0.0,0.007915761662608064
ADVERSE,B2_ALWAYS_LONG,2018-12-01,9,-0.0007362546442688892,0.0,-0.0007362546442688892
ADVERSE,B2_ALWAYS_LONG,2019-01-01,9,0.015158227010348461,0.0,0.015158227010348461
ADVERSE,B2_ALWAYS_LONG,2019-02-01,9,-0.011194993285796638,0.0,-0.011194993285796638
ADVERSE,B2_ALWAYS_LONG,2019-03-01,9,-0.005771158607365767,0.0,-0.005771158607365767
ADVERSE,B2_ALWAYS_LONG,2019-04-01,9,-0.00880569849027636,0.0,-0.00880569849027636
ADVERSE,B2_ALWAYS_LONG,2019-05-01,9,-0.006274645515303163,0.0,-0.006274645515303163
ADVERSE,B2_ALWAYS_LONG,2019-06-01,9,0.01920123687756741,0.0,0.01920123687756741
ADVERSE,B2_ALWAYS_LONG,2019-07-01,9,-0.01965348538328672,0.0,-0.01965348538328672
ADVERSE,B2_ALWAYS_LONG,2019-08-01,9,-0.014920385557207316,0.0,-0.014920385557207316
ADVERSE,B2_ALWAYS_LONG,2019-09-01,9,-0.001982312503900241,0.0,-0.001982312503900241
ADVERSE,B2_ALWAYS_LONG,2019-10-01,9,0.01636405424238062,0.0,0.01636405424238062
ADVERSE,B2_ALWAYS_LONG,2019-11-01,9,-0.006751715216265287,0.0,-0.006751715216265287
ADVERSE,B2_ALWAYS_LONG,2019-12-01,9,0.03053783862939204,0.0,0.03053783862939204
ADVERSE,B2_ALWAYS_LONG,2020-01-01,9,-0.021915748520722103,0.0,-0.021915748520722103
ADVERSE,B2_ALWAYS_LONG,2020-02-01,9,-0.016722386297920406,0.0,-0.016722386297920406
ADVERSE,B2_ALWAYS_LONG,2020-03-01,9,-0.03542755037060351,0.0,-0.03542755037060351
ADVERSE,B2_ALWAYS_LONG,2020-04-01,9,0.020449977400912478,0.0,0.020449977400912478
ADVERSE,B2_ALWAYS_LONG,2020-05-01,9,0.012905919817513137,0.0,0.012905919817513137
ADVERSE,B2_ALWAYS_LONG,2020-06-01,9,0.01655223320056794,0.0,0.01655223320056794
ADVERSE,B2_ALWAYS_LONG,2020-07-01,9,0.04045681906134043,0.0,0.04045681906134043
ADVERSE,B2_ALWAYS_LONG,2020-08-01,9,0.020773680420073968,0.0,0.020773680420073968
ADVERSE,B2_ALWAYS_LONG,2020-09-01,9,-0.027039398810298057,0.0,-0.027039398810298057
ADVERSE,B2_ALWAYS_LONG,2020-10-01,9,-0.002221891586956848,0.0,-0.002221891586956848
ADVERSE,B2_ALWAYS_LONG,2020-11-01,9,0.034645320477121176,0.0,0.034645320477121176
ADVERSE,B2_ALWAYS_LONG,2020-12-01,9,0.028144887711292223,0.0,0.028144887711292223
ADVERSE,B2_ALWAYS_LONG,2021-01-01,9,-0.004791881933966402,0.0,-0.004791881933966402
ADVERSE,B2_ALWAYS_LONG,2021-02-01,9,-0.003349716843843701,0.0,-0.003349716843843701
ADVERSE,B2_ALWAYS_LONG,2021-03-01,9,-0.018261748422331317,0.0,-0.018261748422331317
ADVERSE,B2_ALWAYS_LONG,2021-04-01,9,0.02080080782377025,0.0,0.02080080782377025
ADVERSE,B2_ALWAYS_LONG,2021-05-01,9,0.01265878347199371,0.0,0.01265878347199371
ADVERSE,B2_ALWAYS_LONG,2021-06-01,9,-0.029893911247891425,0.0,-0.029893911247891425
ADVERSE,B2_ALWAYS_LONG,2021-07-01,9,-0.001576308813565112,0.0,-0.001576308813565112
ADVERSE,B2_ALWAYS_LONG,2021-08-01,9,-0.002323583686246596,0.0,-0.002323583686246596
ADVERSE,B2_ALWAYS_LONG,2021-09-01,9,-0.015297570609770538,0.0,-0.015297570609770538
ADVERSE,B2_ALWAYS_LONG,2021-10-01,9,0.018444975989579344,0.0,0.018444975989579344
ADVERSE,B2_ALWAYS_LONG,2021-11-01,9,-0.03467889607918414,0.0,-0.03467889607918414
ADVERSE,B2_ALWAYS_LONG,2021-12-01,9,0.012033968967883717,0.0,0.012033968967883717
ADVERSE,B2_ALWAYS_LONG,2022-01-01,9,-0.017571974306371165,0.0,-0.017571974306371165
ADVERSE,B2_ALWAYS_LONG,2022-02-01,9,0.008238409502742485,0.0,0.008238409502742485
ADVERSE,B2_ALWAYS_LONG,2022-03-01,9,-0.0006727397687530637,0.0,-0.0006727397687530637
ADVERSE,B2_ALWAYS_LONG,2022-04-01,9,-0.05127322920462513,0.0,-0.05127322920462513
ADVERSE,B2_ALWAYS_LONG,2022-05-01,9,0.009288878272660624,0.0,0.009288878272660624
ADVERSE,B2_ALWAYS_LONG,2022-06-01,9,-0.03288475504710822,0.0,-0.03288475504710822
ADVERSE,B2_ALWAYS_LONG,2022-07-01,9,0.003132712587978154,0.0,0.003132712587978154
ADVERSE,B2_ALWAYS_LONG,2022-08-01,9,-0.02789288546501984,0.0,-0.02789288546501984
ADVERSE,B2_ALWAYS_LONG,2022-09-01,9,-0.0489178925153391,0.0,-0.0489178925153391
ADVERSE,B2_ALWAYS_LONG,2022-10-01,9,0.009231535917407909,0.0,0.009231535917407909
ADVERSE,B2_ALWAYS_LONG,2022-11-01,9,0.04738334843681494,0.0,0.04738334843681494
ADVERSE,B2_ALWAYS_LONG,2022-12-01,9,0.021133072180550147,0.0,0.021133072180550147
ADVERSE,B2_ALWAYS_LONG,2023-01-01,9,0.011464202839113905,0.0,0.011464202839113905
ADVERSE,B2_ALWAYS_LONG,2023-02-01,9,-0.026915235906924056,0.0,-0.026915235906924056
ADVERSE,B2_ALWAYS_LONG,2023-03-01,9,0.012033630185263119,0.0,0.012033630185263119
ADVERSE,B2_ALWAYS_LONG,2023-04-01,9,-0.00034760475609547155,0.0,-0.00034760475609547155
ADVERSE,B2_ALWAYS_LONG,2023-05-01,9,-0.02980318957254084,0.0,-0.02980318957254084
ADVERSE,B2_ALWAYS_LONG,2023-06-01,9,0.020515976654902283,0.0,0.020515976654902283
ADVERSE,B2_ALWAYS_LONG,2023-07-01,9,0.019348946202443748,0.0,0.019348946202443748
ADVERSE,B2_ALWAYS_LONG,2023-08-01,9,-0.029850030073028,0.0,-0.029850030073028
ADVERSE,B2_ALWAYS_LONG,2023-09-01,9,-0.01260082889058377,0.0,-0.01260082889058377
ADVERSE,B2_ALWAYS_LONG,2023-10-01,9,-0.01793959068934407,0.0,-0.01793959068934407
ADVERSE,B2_ALWAYS_LONG,2023-11-01,9,0.042088248670087314,0.0,0.042088248670087314
ADVERSE,B2_ALWAYS_LONG,2023-12-01,9,0.033565753250365954,0.0,0.033565753250365954
ADVERSE,B2_ALWAYS_LONG,2024-01-01,9,-0.023937129467787328,0.0,-0.023937129467787328
ADVERSE,B2_ALWAYS_LONG,2024-02-01,9,-0.013032841711121783,0.0,-0.013032841711121783
ADVERSE,B2_ALWAYS_LONG,2024-03-01,9,-0.010704835537237285,0.0,-0.010704835537237285
ADVERSE,B2_ALWAYS_LONG,2024-04-01,9,-0.01778530937700213,0.0,-0.01778530937700213
ADVERSE,B2_ALWAYS_LONG,2024-05-01,9,0.02466924456561796,0.0,0.02466924456561796
ADVERSE,B2_ALWAYS_LONG,2024-06-01,9,-0.006831940662976926,0.0,-0.006831940662976926
ADVERSE,B2_ALWAYS_LONG,2024-07-01,9,0.002480737166824978,0.0,0.002480737166824978
ADVERSE,B2_ALWAYS_LONG,2024-08-01,9,0.03175051437907666,0.0,0.03175051437907666
ADVERSE,B2_ALWAYS_LONG,2024-09-01,9,0.014720707745963322,0.0,0.014720707745963322
ADVERSE,B2_ALWAYS_LONG,2024-10-01,9,-0.044287174494394094,0.0,-0.044287174494394094
ADVERSE,B2_ALWAYS_LONG,2024-11-01,9,-0.010527750555506834,0.0,-0.010527750555506834
ADVERSE,B2_ALWAYS_LONG,2024-12-01,9,-0.030519726465604264,0.0,-0.030519726465604264
ADVERSE,B2_ALWAYS_SHORT,2011-02-01,9,-0.010362550577749041,0.000129315189829125,-0.010491865767578165
ADVERSE,B2_ALWAYS_SHORT,2011-03-01,9,-0.009281698615346175,0.0,-0.009281698615346175
ADVERSE,B2_ALWAYS_SHORT,2011-04-01,9,-0.044315396653242134,0.0,-0.044315396653242134
ADVERSE,B2_ALWAYS_SHORT,2011-05-01,9,0.012885681151532546,0.0,0.012885681151532546
ADVERSE,B2_ALWAYS_SHORT,2011-06-01,9,-0.0003878949696818099,0.0,-0.0003878949696818099
ADVERSE,B2_ALWAYS_SHORT,2011-07-01,9,-0.024923182463362434,0.0,-0.024923182463362434
ADVERSE,B2_ALWAYS_SHORT,2011-08-01,9,0.009408315733925013,0.0,0.009408315733925013
ADVERSE,B2_ALWAYS_SHORT,2011-09-01,9,0.07091245269449631,0.0,0.07091245269449631
ADVERSE,B2_ALWAYS_SHORT,2011-10-01,9,-0.043575900023282745,0.0,-0.043575900023282745
ADVERSE,B2_ALWAYS_SHORT,2011-11-01,9,0.030833519569580185,0.0,0.030833519569580185
ADVERSE,B2_ALWAYS_SHORT,2011-12-01,9,0.012307327342687135,0.0,0.012307327342687135
ADVERSE,B2_ALWAYS_SHORT,2012-01-01,9,-0.01922919043303632,0.0,-0.01922919043303632
ADVERSE,B2_ALWAYS_SHORT,2012-02-01,9,-0.015729645213242667,0.0,-0.015729645213242667
ADVERSE,B2_ALWAYS_SHORT,2012-03-01,9,0.012800872232710758,0.0,0.012800872232710758
ADVERSE,B2_ALWAYS_SHORT,2012-04-01,9,-0.00287508673073981,0.0,-0.00287508673073981
ADVERSE,B2_ALWAYS_SHORT,2012-05-01,9,0.05417027987156791,0.0,0.05417027987156791
ADVERSE,B2_ALWAYS_SHORT,2012-06-01,9,-0.02761682480853209,0.0,-0.02761682480853209
ADVERSE,B2_ALWAYS_SHORT,2012-07-01,9,-0.0032012650686255276,0.0,-0.0032012650686255276
ADVERSE,B2_ALWAYS_SHORT,2012-08-01,9,-0.012079552701499272,0.0,-0.012079552701499272
ADVERSE,B2_ALWAYS_SHORT,2012-09-01,9,-0.01432888105721291,0.0,-0.01432888105721291
ADVERSE,B2_ALWAYS_SHORT,2012-10-01,9,0.0045794667530547,0.0,0.0045794667530547
ADVERSE,B2_ALWAYS_SHORT,2012-11-01,9,0.002414779846302833,0.0,0.002414779846302833
ADVERSE,B2_ALWAYS_SHORT,2012-12-01,9,-0.004002206773557411,0.0,-0.004002206773557411
ADVERSE,B2_ALWAYS_SHORT,2013-01-01,9,-0.0021494894636223424,0.0,-0.0021494894636223424
ADVERSE,B2_ALWAYS_SHORT,2013-02-01,9,0.02624157930477411,0.0,0.02624157930477411
ADVERSE,B2_ALWAYS_SHORT,2013-03-01,9,0.005964248601229966,0.0,0.005964248601229966
ADVERSE,B2_ALWAYS_SHORT,2013-04-01,9,-0.009773272462704145,0.0,-0.009773272462704145
ADVERSE,B2_ALWAYS_SHORT,2013-05-01,9,0.034939519480836165,0.0,0.034939519480836165
ADVERSE,B2_ALWAYS_SHORT,2013-06-01,9,0.012357325780947566,0.0,0.012357325780947566
ADVERSE,B2_ALWAYS_SHORT,2013-07-01,9,-0.01601621817755112,0.0,-0.01601621817755112
ADVERSE,B2_ALWAYS_SHORT,2013-08-01,9,0.010410979886920389,0.0,0.010410979886920389
ADVERSE,B2_ALWAYS_SHORT,2013-09-01,9,-0.0332621232199424,0.0,-0.0332621232199424
ADVERSE,B2_ALWAYS_SHORT,2013-10-01,9,0.000951877898803318,0.0,0.000951877898803318
ADVERSE,B2_ALWAYS_SHORT,2013-11-01,9,0.013776129718260414,0.0,0.013776129718260414
ADVERSE,B2_ALWAYS_SHORT,2013-12-01,9,-0.0028208348159274063,0.0,-0.0028208348159274063
ADVERSE,B2_ALWAYS_SHORT,2014-01-01,9,0.01629573174997308,0.0,0.01629573174997308
ADVERSE,B2_ALWAYS_SHORT,2014-02-01,9,-0.022262816401241354,0.0,-0.022262816401241354
ADVERSE,B2_ALWAYS_SHORT,2014-03-01,9,-0.005228882743245326,0.0,-0.005228882743245326
ADVERSE,B2_ALWAYS_SHORT,2014-04-01,9,-0.0039105494092500515,0.0,-0.0039105494092500515
ADVERSE,B2_ALWAYS_SHORT,2014-05-01,9,0.007648109632590574,0.0,0.007648109632590574
ADVERSE,B2_ALWAYS_SHORT,2014-06-01,9,-0.008002889277333194,0.0,-0.008002889277333194
ADVERSE,B2_ALWAYS_SHORT,2014-07-01,9,0.021613625866369206,0.0,0.021613625866369206
ADVERSE,B2_ALWAYS_SHORT,2014-08-01,9,0.006614894834133122,0.0,0.006614894834133122
ADVERSE,B2_ALWAYS_SHORT,2014-09-01,9,0.042690543243649993,0.0,0.042690543243649993
ADVERSE,B2_ALWAYS_SHORT,2014-10-01,9,0.013164631773159345,0.0,0.013164631773159345
ADVERSE,B2_ALWAYS_SHORT,2014-11-01,9,0.01949604790359062,0.0,0.01949604790359062
ADVERSE,B2_ALWAYS_SHORT,2014-12-01,9,0.026851460924379424,0.0,0.026851460924379424
ADVERSE,B2_ALWAYS_SHORT,2015-01-01,9,0.033366671608258916,0.0,0.033366671608258916
ADVERSE,B2_ALWAYS_SHORT,2015-02-01,9,-0.003967990604584217,0.0,-0.003967990604584217
ADVERSE,B2_ALWAYS_SHORT,2015-03-01,9,0.02596486811036706,0.0,0.02596486811036706
ADVERSE,B2_ALWAYS_SHORT,2015-04-01,9,-0.036161202147459354,0.0,-0.036161202147459354
ADVERSE,B2_ALWAYS_SHORT,2015-05-01,9,0.02782311341382673,0.0,0.02782311341382673
ADVERSE,B2_ALWAYS_SHORT,2015-06-01,9,-0.005982069119239585,0.0,-0.005982069119239585
ADVERSE,B2_ALWAYS_SHORT,2015-07-01,9,0.028793325118501127,0.0,0.028793325118501127
ADVERSE,B2_ALWAYS_SHORT,2015-08-01,9,0.006444831906326066,0.0,0.006444831906326066
ADVERSE,B2_ALWAYS_SHORT,2015-09-01,9,0.005783902895160644,0.0,0.005783902895160644
ADVERSE,B2_ALWAYS_SHORT,2015-10-01,9,-0.00922299878264992,0.0,-0.00922299878264992
ADVERSE,B2_ALWAYS_SHORT,2015-11-01,9,0.02398178065881952,0.0,0.02398178065881952
ADVERSE,B2_ALWAYS_SHORT,2015-12-01,9,-0.009235221570876664,0.0,-0.009235221570876664
ADVERSE,B2_ALWAYS_SHORT,2016-01-01,9,0.01830788776942982,0.0,0.01830788776942982
ADVERSE,B2_ALWAYS_SHORT,2016-02-01,9,-0.01764380749770274,0.0,-0.01764380749770274
ADVERSE,B2_ALWAYS_SHORT,2016-03-01,9,-0.04391237310164153,0.0,-0.04391237310164153
ADVERSE,B2_ALWAYS_SHORT,2016-04-01,9,-0.015562907394615818,0.0,-0.015562907394615818
ADVERSE,B2_ALWAYS_SHORT,2016-05-01,9,0.032584268805715695,0.0,0.032584268805715695
ADVERSE,B2_ALWAYS_SHORT,2016-06-01,9,-0.007648821206752945,0.0,-0.007648821206752945
ADVERSE,B2_ALWAYS_SHORT,2016-07-01,9,-0.0028861090787539612,0.0,-0.0028861090787539612
ADVERSE,B2_ALWAYS_SHORT,2016-08-01,9,0.0021866614229554392,0.0,0.0021866614229554392
ADVERSE,B2_ALWAYS_SHORT,2016-09-01,9,-0.00947558003097224,0.0,-0.00947558003097224
ADVERSE,B2_ALWAYS_SHORT,2016-10-01,9,0.029007672448586375,0.0,0.029007672448586375
ADVERSE,B2_ALWAYS_SHORT,2016-11-01,9,0.02456785156131258,0.0,0.02456785156131258
ADVERSE,B2_ALWAYS_SHORT,2016-12-01,9,0.00689507086891482,0.0,0.00689507086891482
ADVERSE,B2_ALWAYS_SHORT,2017-01-01,9,-0.03568539581036734,0.0,-0.03568539581036734
ADVERSE,B2_ALWAYS_SHORT,2017-02-01,9,0.010683695836689378,0.0,0.010683695836689378
ADVERSE,B2_ALWAYS_SHORT,2017-03-01,9,0.003082291747737356,0.0,0.003082291747737356
ADVERSE,B2_ALWAYS_SHORT,2017-04-01,9,0.0002761450880071194,0.0,0.0002761450880071194
ADVERSE,B2_ALWAYS_SHORT,2017-05-01,9,-0.014758170576491524,0.0,-0.014758170576491524
ADVERSE,B2_ALWAYS_SHORT,2017-06-01,9,-0.017716076481566565,0.0,-0.017716076481566565
ADVERSE,B2_ALWAYS_SHORT,2017-07-01,9,-0.029526725928092048,0.0,-0.029526725928092048
ADVERSE,B2_ALWAYS_SHORT,2017-08-01,9,0.0035229616831076913,0.0,0.0035229616831076913
ADVERSE,B2_ALWAYS_SHORT,2017-09-01,9,0.005003387460561738,0.0,0.005003387460561738
ADVERSE,B2_ALWAYS_SHORT,2017-10-01,9,0.024176136076906347,0.0,0.024176136076906347
ADVERSE,B2_ALWAYS_SHORT,2017-11-01,9,-0.00479457222754176,0.0,-0.00479457222754176
ADVERSE,B2_ALWAYS_SHORT,2017-12-01,9,-0.01692486427153359,0.0,-0.01692486427153359
ADVERSE,B2_ALWAYS_SHORT,2018-01-01,9,-0.038667479617333335,0.0,-0.038667479617333335
ADVERSE,B2_ALWAYS_SHORT,2018-02-01,9,0.02163716493247804,0.0,0.02163716493247804
ADVERSE,B2_ALWAYS_SHORT,2018-03-01,9,0.000345873669135768,0.0,0.000345873669135768
ADVERSE,B2_ALWAYS_SHORT,2018-04-01,9,0.023042534145912483,0.0,0.023042534145912483
ADVERSE,B2_ALWAYS_SHORT,2018-05-01,9,0.011697348338408594,0.0,0.011697348338408594
ADVERSE,B2_ALWAYS_SHORT,2018-06-01,9,0.012687256791968866,0.0,0.012687256791968866
ADVERSE,B2_ALWAYS_SHORT,2018-07-01,9,-0.0037093082106904257,0.0,-0.0037093082106904257
ADVERSE,B2_ALWAYS_SHORT,2018-08-01,9,0.014503536471580869,0.0,0.014503536471580869
ADVERSE,B2_ALWAYS_SHORT,2018-09-01,9,-0.006667912119096823,0.0,-0.006667912119096823
ADVERSE,B2_ALWAYS_SHORT,2018-10-01,9,0.0215807856130362,0.0,0.0215807856130362
ADVERSE,B2_ALWAYS_SHORT,2018-11-01,9,-0.007915761662608064,0.0,-0.007915761662608064
ADVERSE,B2_ALWAYS_SHORT,2018-12-01,9,0.0007362546442688892,0.0,0.0007362546442688892
ADVERSE,B2_ALWAYS_SHORT,2019-01-01,9,-0.015158227010348461,0.0,-0.015158227010348461
ADVERSE,B2_ALWAYS_SHORT,2019-02-01,9,0.011194993285796638,0.0,0.011194993285796638
ADVERSE,B2_ALWAYS_SHORT,2019-03-01,9,0.005771158607365767,0.0,0.005771158607365767
ADVERSE,B2_ALWAYS_SHORT,2019-04-01,9,0.00880569849027636,0.0,0.00880569849027636
ADVERSE,B2_ALWAYS_SHORT,2019-05-01,9,0.006274645515303163,0.0,0.006274645515303163
ADVERSE,B2_ALWAYS_SHORT,2019-06-01,9,-0.01920123687756741,0.0,-0.01920123687756741
ADVERSE,B2_ALWAYS_SHORT,2019-07-01,9,0.01965348538328672,0.0,0.01965348538328672
ADVERSE,B2_ALWAYS_SHORT,2019-08-01,9,0.014920385557207316,0.0,0.014920385557207316
ADVERSE,B2_ALWAYS_SHORT,2019-09-01,9,0.001982312503900241,0.0,0.001982312503900241
ADVERSE,B2_ALWAYS_SHORT,2019-10-01,9,-0.01636405424238062,0.0,-0.01636405424238062
ADVERSE,B2_ALWAYS_SHORT,2019-11-01,9,0.006751715216265287,0.0,0.006751715216265287
ADVERSE,B2_ALWAYS_SHORT,2019-12-01,9,-0.03053783862939204,0.0,-0.03053783862939204
ADVERSE,B2_ALWAYS_SHORT,2020-01-01,9,0.021915748520722103,0.0,0.021915748520722103
ADVERSE,B2_ALWAYS_SHORT,2020-02-01,9,0.016722386297920406,0.0,0.016722386297920406
ADVERSE,B2_ALWAYS_SHORT,2020-03-01,9,0.03542755037060351,0.0,0.03542755037060351
ADVERSE,B2_ALWAYS_SHORT,2020-04-01,9,-0.020449977400912478,0.0,-0.020449977400912478
ADVERSE,B2_ALWAYS_SHORT,2020-05-01,9,-0.012905919817513137,0.0,-0.012905919817513137
ADVERSE,B2_ALWAYS_SHORT,2020-06-01,9,-0.01655223320056794,0.0,-0.01655223320056794
ADVERSE,B2_ALWAYS_SHORT,2020-07-01,9,-0.04045681906134043,0.0,-0.04045681906134043
ADVERSE,B2_ALWAYS_SHORT,2020-08-01,9,-0.020773680420073968,0.0,-0.020773680420073968
ADVERSE,B2_ALWAYS_SHORT,2020-09-01,9,0.027039398810298057,0.0,0.027039398810298057
ADVERSE,B2_ALWAYS_SHORT,2020-10-01,9,0.002221891586956848,0.0,0.002221891586956848
ADVERSE,B2_ALWAYS_SHORT,2020-11-01,9,-0.034645320477121176,0.0,-0.034645320477121176
ADVERSE,B2_ALWAYS_SHORT,2020-12-01,9,-0.028144887711292223,0.0,-0.028144887711292223
ADVERSE,B2_ALWAYS_SHORT,2021-01-01,9,0.004791881933966402,0.0,0.004791881933966402
ADVERSE,B2_ALWAYS_SHORT,2021-02-01,9,0.003349716843843701,0.0,0.003349716843843701
ADVERSE,B2_ALWAYS_SHORT,2021-03-01,9,0.018261748422331317,0.0,0.018261748422331317
ADVERSE,B2_ALWAYS_SHORT,2021-04-01,9,-0.02080080782377025,0.0,-0.02080080782377025
ADVERSE,B2_ALWAYS_SHORT,2021-05-01,9,-0.01265878347199371,0.0,-0.01265878347199371
ADVERSE,B2_ALWAYS_SHORT,2021-06-01,9,0.029893911247891425,0.0,0.029893911247891425
ADVERSE,B2_ALWAYS_SHORT,2021-07-01,9,0.001576308813565112,0.0,0.001576308813565112
ADVERSE,B2_ALWAYS_SHORT,2021-08-01,9,0.002323583686246596,0.0,0.002323583686246596
ADVERSE,B2_ALWAYS_SHORT,2021-09-01,9,0.015297570609770538,0.0,0.015297570609770538
ADVERSE,B2_ALWAYS_SHORT,2021-10-01,9,-0.018444975989579344,0.0,-0.018444975989579344
ADVERSE,B2_ALWAYS_SHORT,2021-11-01,9,0.03467889607918414,0.0,0.03467889607918414
ADVERSE,B2_ALWAYS_SHORT,2021-12-01,9,-0.012033968967883717,0.0,-0.012033968967883717
ADVERSE,B2_ALWAYS_SHORT,2022-01-01,9,0.017571974306371165,0.0,0.017571974306371165
ADVERSE,B2_ALWAYS_SHORT,2022-02-01,9,-0.008238409502742485,0.0,-0.008238409502742485
ADVERSE,B2_ALWAYS_SHORT,2022-03-01,9,0.0006727397687530637,0.0,0.0006727397687530637
ADVERSE,B2_ALWAYS_SHORT,2022-04-01,9,0.05127322920462513,0.0,0.05127322920462513
ADVERSE,B2_ALWAYS_SHORT,2022-05-01,9,-0.009288878272660624,0.0,-0.009288878272660624
ADVERSE,B2_ALWAYS_SHORT,2022-06-01,9,0.03288475504710822,0.0,0.03288475504710822
ADVERSE,B2_ALWAYS_SHORT,2022-07-01,9,-0.003132712587978154,0.0,-0.003132712587978154
ADVERSE,B2_ALWAYS_SHORT,2022-08-01,9,0.02789288546501984,0.0,0.02789288546501984
ADVERSE,B2_ALWAYS_SHORT,2022-09-01,9,0.0489178925153391,0.0,0.0489178925153391
ADVERSE,B2_ALWAYS_SHORT,2022-10-01,9,-0.009231535917407909,0.0,-0.009231535917407909
ADVERSE,B2_ALWAYS_SHORT,2022-11-01,9,-0.04738334843681494,0.0,-0.04738334843681494
ADVERSE,B2_ALWAYS_SHORT,2022-12-01,9,-0.021133072180550147,0.0,-0.021133072180550147
ADVERSE,B2_ALWAYS_SHORT,2023-01-01,9,-0.011464202839113905,0.0,-0.011464202839113905
ADVERSE,B2_ALWAYS_SHORT,2023-02-01,9,0.026915235906924056,0.0,0.026915235906924056
ADVERSE,B2_ALWAYS_SHORT,2023-03-01,9,-0.012033630185263119,0.0,-0.012033630185263119
ADVERSE,B2_ALWAYS_SHORT,2023-04-01,9,0.00034760475609547155,0.0,0.00034760475609547155
ADVERSE,B2_ALWAYS_SHORT,2023-05-01,9,0.02980318957254084,0.0,0.02980318957254084
ADVERSE,B2_ALWAYS_SHORT,2023-06-01,9,-0.020515976654902283,0.0,-0.020515976654902283
ADVERSE,B2_ALWAYS_SHORT,2023-07-01,9,-0.019348946202443748,0.0,-0.019348946202443748
ADVERSE,B2_ALWAYS_SHORT,2023-08-01,9,0.029850030073028,0.0,0.029850030073028
ADVERSE,B2_ALWAYS_SHORT,2023-09-01,9,0.01260082889058377,0.0,0.01260082889058377
ADVERSE,B2_ALWAYS_SHORT,2023-10-01,9,0.01793959068934407,0.0,0.01793959068934407
ADVERSE,B2_ALWAYS_SHORT,2023-11-01,9,-0.042088248670087314,0.0,-0.042088248670087314
ADVERSE,B2_ALWAYS_SHORT,2023-12-01,9,-0.033565753250365954,0.0,-0.033565753250365954
ADVERSE,B2_ALWAYS_SHORT,2024-01-01,9,0.023937129467787328,0.0,0.023937129467787328
ADVERSE,B2_ALWAYS_SHORT,2024-02-01,9,0.013032841711121783,0.0,0.013032841711121783
ADVERSE,B2_ALWAYS_SHORT,2024-03-01,9,0.010704835537237285,0.0,0.010704835537237285
ADVERSE,B2_ALWAYS_SHORT,2024-04-01,9,0.01778530937700213,0.0,0.01778530937700213
ADVERSE,B2_ALWAYS_SHORT,2024-05-01,9,-0.02466924456561796,0.0,-0.02466924456561796
ADVERSE,B2_ALWAYS_SHORT,2024-06-01,9,0.006831940662976926,0.0,0.006831940662976926
ADVERSE,B2_ALWAYS_SHORT,2024-07-01,9,-0.002480737166824978,0.0,-0.002480737166824978
ADVERSE,B2_ALWAYS_SHORT,2024-08-01,9,-0.03175051437907666,0.0,-0.03175051437907666
ADVERSE,B2_ALWAYS_SHORT,2024-09-01,9,-0.014720707745963322,0.0,-0.014720707745963322
ADVERSE,B2_ALWAYS_SHORT,2024-10-01,9,0.044287174494394094,0.0,0.044287174494394094
ADVERSE,B2_ALWAYS_SHORT,2024-11-01,9,0.010527750555506834,0.0,0.010527750555506834
ADVERSE,B2_ALWAYS_SHORT,2024-12-01,9,0.030519726465604264,0.0,0.030519726465604264
ADVERSE,TSMOM_12M_SPOT_PRICE,2011-02-01,9,0.009101125751012728,0.000129315189829125,0.008971810561183603
ADVERSE,TSMOM_12M_SPOT_PRICE,2011-03-01,9,0.009281698615346175,1.047268040198981e-05,0.009271225934944184
ADVERSE,TSMOM_12M_SPOT_PRICE,2011-04-01,9,0.044315396653242134,0.0,0.044315396653242134
ADVERSE,TSMOM_12M_SPOT_PRICE,2011-05-01,9,-0.012885681151532546,0.0,-0.012885681151532546
ADVERSE,TSMOM_12M_SPOT_PRICE,2011-06-01,9,0.0003878949696818099,0.0,0.0003878949696818099
ADVERSE,TSMOM_12M_SPOT_PRICE,2011-07-01,9,0.024923182463362434,0.0,0.024923182463362434
ADVERSE,TSMOM_12M_SPOT_PRICE,2011-08-01,9,-0.009408315733925013,0.0,-0.009408315733925013
ADVERSE,TSMOM_12M_SPOT_PRICE,2011-09-01,9,-0.07091245269449631,0.0,-0.07091245269449631
ADVERSE,TSMOM_12M_SPOT_PRICE,2011-10-01,9,0.007244723043447155,0.00010119228934238787,0.007143530754104768
ADVERSE,TSMOM_12M_SPOT_PRICE,2011-11-01,9,-0.030833519569580185,0.00010369190154980681,-0.030937211471129995
ADVERSE,TSMOM_12M_SPOT_PRICE,2011-12-01,9,-0.012307327342687135,0.0,-0.012307327342687135
ADVERSE,TSMOM_12M_SPOT_PRICE,2012-01-01,9,0.002784920642427154,0.00018843519587624985,0.0025964854465509047
ADVERSE,TSMOM_12M_SPOT_PRICE,2012-02-01,9,-0.016129066793019745,1.9827894212027824e-05,-0.016148894687231772
ADVERSE,TSMOM_12M_SPOT_PRICE,2012-03-01,9,-0.009252721724680169,7.155587464534644e-05,-0.009324277599325515
ADVERSE,TSMOM_12M_SPOT_PRICE,2012-04-01,9,0.003727595827356625,7.022715962647463e-05,0.00365736866773015
ADVERSE,TSMOM_12M_SPOT_PRICE,2012-05-01,9,0.04100066691580338,3.600617272458239e-05,0.0409646607430788
ADVERSE,TSMOM_12M_SPOT_PRICE,2012-06-01,9,-0.031544478567962275,3.093580819798918e-05,-0.031575414376160266
ADVERSE,TSMOM_12M_SPOT_PRICE,2012-07-01,9,0.0015440223504614467,0.0,0.0015440223504614467
ADVERSE,TSMOM_12M_SPOT_PRICE,2012-08-01,9,-0.012079552701499272,1.9153953789973038e-05,-0.012098706655289245
ADVERSE,TSMOM_12M_SPOT_PRICE,2012-09-01,9,-0.01432888105721291,0.0,-0.01432888105721291
ADVERSE,TSMOM_12M_SPOT_PRICE,2012-10-01,9,-0.0027948908145328057,0.0002067408207908312,-0.003001631635323637
ADVERSE,TSMOM_12M_SPOT_PRICE,2012-11-01,9,0.0019118922984474225,0.00017823063808036313,0.0017336616603670595
ADVERSE,TSMOM_12M_SPOT_PRICE,2012-12-01,9,0.008903325963699952,0.00017839894383412543,0.008724927019865826
ADVERSE,TSMOM_12M_SPOT_PRICE,2013-01-01,9,0.013430874144356373,3.0868618791384286e-05,0.013400005525564989
ADVERSE,TSMOM_12M_SPOT_PRICE,2013-02-01,9,-0.019564550281236666,1.597533408417404e-05,-0.01958052561532084
ADVERSE,TSMOM_12M_SPOT_PRICE,2013-03-01,9,0.0033413493327115245,0.00015980818377320366,0.0031815411489383213
ADVERSE,TSMOM_12M_SPOT_PRICE,2013-04-01,9,-0.003437550180460522,4.391687292845759e-05,-0.0034814670533889797
ADVERSE,TSMOM_12M_SPOT_PRICE,2013-05-01,9,0.01399857908977119,1.607773908401905e-05,0.01398250135068717
ADVERSE,TSMOM_12M_SPOT_PRICE,2013-06-01,9,-0.001351752648090633,9.873335884847072e-05,-0.0014504860069391038
ADVERSE,TSMOM_12M_SPOT_PRICE,2013-07-01,9,-0.0009869714507300367,9.638588203401258e-05,-0.001083357332764049
ADVERSE,TSMOM_12M_SPOT_PRICE,2013-08-01,9,-0.0021494993828916004,6.782475327729825e-05,-0.0022173241361688983
ADVERSE,TSMOM_12M_SPOT_PRICE,2013-09-01,9,-0.021207368095381582,0.00012716686200081652,-0.021334534957382398
ADVERSE,TSMOM_12M_SPOT_PRICE,2013-10-01,9,-0.003432921267593561,0.00010290134488882858,-0.003535822612482389
ADVERSE,TSMOM_12M_SPOT_PRICE,2013-11-01,9,0.008488050290908378,1.1768301526037196e-05,0.00847628198938234
ADVERSE,TSMOM_12M_SPOT_PRICE,2013-12-01,9,0.01052092732426952,4.015116148937679e-05,0.010480776162780142
ADVERSE,TSMOM_12M_SPOT_PRICE,2014-01-01,9,0.002593557026853377,0.0,0.002593557026853377
ADVERSE,TSMOM_12M_SPOT_PRICE,2014-02-01,9,-0.012121568883247792,7.281122802082856e-05,-0.01219438011126862
ADVERSE,TSMOM_12M_SPOT_PRICE,2014-03-01,9,-0.0021296246463823453,0.00010150905685705439,-0.0022311337032393996
ADVERSE,TSMOM_12M_SPOT_PRICE,2014-04-01,9,-0.0015845945444368976,0.0,-0.0015845945444368976
ADVERSE,TSMOM_12M_SPOT_PRICE,2014-05-01,9,-0.0036843996320504724,6.245491101467432e-05,-0.003746854543065147
ADVERSE,TSMOM_12M_SPOT_PRICE,2014-06-01,9,0.005764609563298162,0.0,0.005764609563298162
ADVERSE,TSMOM_12M_SPOT_PRICE,2014-07-01,9,-0.007958902623469828,7.861771466892012e-05,-0.008037520338138747
ADVERSE,TSMOM_12M_SPOT_PRICE,2014-08-01,9,-0.005544755539017405,5.933136527513062e-05,-0.005604086904292535
ADVERSE,TSMOM_12M_SPOT_PRICE,2014-09-01,9,-0.00037589867078453084,1.0988797343754096e-05,-0.0003868874681282847
ADVERSE,TSMOM_12M_SPOT_PRICE,2014-10-01,9,0.010091475444313817,6.844537023839922e-05,0.01002303007407542
ADVERSE,TSMOM_12M_SPOT_PRICE,2014-11-01,9,0.01949604790359062,1.180924594491334e-05,0.019484238657645706
ADVERSE,TSMOM_12M_SPOT_PRICE,2014-12-01,9,0.026851460924379424,0.0,0.026851460924379424
ADVERSE,TSMOM_12M_SPOT_PRICE,2015-01-01,9,0.033366671608258916,0.0,0.033366671608258916
ADVERSE,TSMOM_12M_SPOT_PRICE,2015-02-01,9,-0.003967990604584217,0.0,-0.003967990604584217
ADVERSE,TSMOM_12M_SPOT_PRICE,2015-03-01,9,0.02596486811036706,0.0,0.02596486811036706
ADVERSE,TSMOM_12M_SPOT_PRICE,2015-04-01,9,-0.036161202147459354,0.0,-0.036161202147459354
ADVERSE,TSMOM_12M_SPOT_PRICE,2015-05-01,9,0.02782311341382673,0.0,0.02782311341382673
ADVERSE,TSMOM_12M_SPOT_PRICE,2015-06-01,9,-0.005982069119239585,0.0,-0.005982069119239585
ADVERSE,TSMOM_12M_SPOT_PRICE,2015-07-01,9,0.028793325118501127,0.0,0.028793325118501127
ADVERSE,TSMOM_12M_SPOT_PRICE,2015-08-01,9,0.006444831906326066,0.0,0.006444831906326066
ADVERSE,TSMOM_12M_SPOT_PRICE,2015-09-01,9,0.005783902895160644,0.0,0.005783902895160644
ADVERSE,TSMOM_12M_SPOT_PRICE,2015-10-01,9,-0.00922299878264992,0.0,-0.00922299878264992
ADVERSE,TSMOM_12M_SPOT_PRICE,2015-11-01,9,0.02398178065881952,0.0,0.02398178065881952
ADVERSE,TSMOM_12M_SPOT_PRICE,2015-12-01,9,-0.009235221570876664,0.0,-0.009235221570876664
ADVERSE,TSMOM_12M_SPOT_PRICE,2016-01-01,9,0.01830788776942982,0.0,0.01830788776942982
ADVERSE,TSMOM_12M_SPOT_PRICE,2016-02-01,9,-0.01764380749770274,0.0,-0.01764380749770274
ADVERSE,TSMOM_12M_SPOT_PRICE,2016-03-01,9,-0.04310349499779403,1.5650251574740773e-05,-0.043119145249368766
ADVERSE,TSMOM_12M_SPOT_PRICE,2016-04-01,9,-0.002870085152913562,0.00010542236217906108,-0.002975507515092623
ADVERSE,TSMOM_12M_SPOT_PRICE,2016-05-01,9,0.011206157144817985,4.1279845919889646e-05,0.011164877298898096
ADVERSE,TSMOM_12M_SPOT_PRICE,2016-06-01,9,0.0032662206215066597,0.0,0.0032662206215066597
ADVERSE,TSMOM_12M_SPOT_PRICE,2016-07-01,9,0.001555858004866252,9.551464035057865e-05,0.0014603433645156733
ADVERSE,TSMOM_12M_SPOT_PRICE,2016-08-01,9,8.573266228216624e-05,8.4193468248317e-05,1.539194033849277e-06
ADVERSE,TSMOM_12M_SPOT_PRICE,2016-09-01,9,-0.0002101131308975083,7.850272220782211e-05,-0.0002886158531053304
ADVERSE,TSMOM_12M_SPOT_PRICE,2016-10-01,9,-0.005283837996781695,8.42981611622901e-05,-0.005368136157943985
ADVERSE,TSMOM_12M_SPOT_PRICE,2016-11-01,9,-0.009100838197803766,4.824461568710257e-05,-0.00914908281349087
ADVERSE,TSMOM_12M_SPOT_PRICE,2016-12-01,9,-0.008574024024394247,3.233930860144732e-05,-0.008606363332995694
ADVERSE,TSMOM_12M_SPOT_PRICE,2017-01-01,9,0.0008983296333350635,7.151072241693177e-05,0.0008268189109181314
ADVERSE,TSMOM_12M_SPOT_PRICE,2017-02-01,9,0.002053652308818204,4.0995025465076895e-05,0.002012657283353127
ADVERSE,TSMOM_12M_SPOT_PRICE,2017-03-01,9,-0.009322467609690823,1.8863723791437882e-05,-0.00934133133348226
ADVERSE,TSMOM_12M_SPOT_PRICE,2017-04-01,9,-0.004663038860016239,8.717577668716127e-05,-0.004750214636703401
ADVERSE,TSMOM_12M_SPOT_PRICE,2017-05-01,9,-0.014758170576491524,4.974389772953953e-05,-0.014807914474221064
ADVERSE,TSMOM_12M_SPOT_PRICE,2017-06-01,9,-0.001173740428846437,0.000103205812794394,-0.0012769462416408316
ADVERSE,TSMOM_12M_SPOT_PRICE,2017-07-01,9,0.013566098056737388,0.0001157821683386873,0.013450315888398701
ADVERSE,TSMOM_12M_SPOT_PRICE,2017-08-01,9,0.0009304325082901194,1.667503008383436e-05,0.0009137574782062852
ADVERSE,TSMOM_12M_SPOT_PRICE,2017-09-01,9,-0.01055244519198807,3.256594021358605e-05,-0.010585011132201656
ADVERSE,TSMOM_12M_SPOT_PRICE,2017-10-01,9,-0.010122928976130714,1.410186858053909e-05,-0.010137030844711252
ADVERSE,TSMOM_12M_SPOT_PRICE,2017-11-01,9,-0.0014494327635383225,1.892070193736451e-05,-0.001468353465475687
ADVERSE,TSMOM_12M_SPOT_PRICE,2017-12-01,9,0.008810016956230725,3.476494494969563e-05,0.008775252011281029
ADVERSE,TSMOM_12M_SPOT_PRICE,2018-01-01,9,0.038667479617333335,3.286847912851576e-05,0.03863461113820482
ADVERSE,TSMOM_12M_SPOT_PRICE,2018-02-01,9,-0.02163716493247804,0.0,-0.02163716493247804
ADVERSE,TSMOM_12M_SPOT_PRICE,2018-03-01,9,-0.0006164769992480501,3.2287897342936676e-05,-0.0006487648965909868
ADVERSE,TSMOM_12M_SPOT_PRICE,2018-04-01,9,-0.023042534145912483,3.224862770571745e-05,-0.0230747827736182
ADVERSE,TSMOM_12M_SPOT_PRICE,2018-05-01,9,-0.011697348338408594,0.0,-0.011697348338408594
ADVERSE,TSMOM_12M_SPOT_PRICE,2018-06-01,9,-0.0005097217818961713,0.00010048468191631158,-0.0006102064638124827
ADVERSE,TSMOM_12M_SPOT_PRICE,2018-07-01,9,-0.006098123752174358,3.87718096916986e-05,-0.006136895561866057
ADVERSE,TSMOM_12M_SPOT_PRICE,2018-08-01,9,0.014503536471580869,9.3870078101896e-05,0.014409666393478971
ADVERSE,TSMOM_12M_SPOT_PRICE,2018-09-01,9,-0.005249797114599892,1.4575547204624393e-05,-0.005264372661804516
ADVERSE,TSMOM_12M_SPOT_PRICE,2018-10-01,9,0.0215807856130362,1.4483122902077055e-05,0.021566302490134123
ADVERSE,TSMOM_12M_SPOT_PRICE,2018-11-01,9,-0.009114566576436008,1.5649171019301147e-05,-0.009130215747455308
ADVERSE,TSMOM_12M_SPOT_PRICE,2018-12-01,9,-0.004726703607390618,4.952809259511088e-05,-0.00477623169998573
ADVERSE,TSMOM_12M_SPOT_PRICE,2019-01-01,9,-0.013393140703344852,5.0656690690435995e-05,-0.01344379739403529
ADVERSE,TSMOM_12M_SPOT_PRICE,2019-02-01,9,0.006114562272124406,0.0,0.006114562272124406
ADVERSE,TSMOM_12M_SPOT_PRICE,2019-03-01,9,0.005771158607365767,1.575803462234432e-05,0.005755400572743423
ADVERSE,TSMOM_12M_SPOT_PRICE,2019-04-01,9,0.00880569849027636,0.0,0.00880569849027636
ADVERSE,TSMOM_12M_SPOT_PRICE,2019-05-01,9,0.006274645515303163,0.0,0.006274645515303163
ADVERSE,TSMOM_12M_SPOT_PRICE,2019-06-01,9,-0.017885002235569287,1.5968603540996362e-05,-0.017900970839110283
ADVERSE,TSMOM_12M_SPOT_PRICE,2019-07-01,9,0.014324047996669606,3.5415636009124956e-05,0.014288632360660481
ADVERSE,TSMOM_12M_SPOT_PRICE,2019-08-01,9,0.019580549305395496,3.522944792561127e-05,0.019545319857469885
ADVERSE,TSMOM_12M_SPOT_PRICE,2019-09-01,9,-0.0016814758388622824,0.0,-0.0016814758388622824
ADVERSE,TSMOM_12M_SPOT_PRICE,2019-10-01,9,-0.016076003068032016,0.0,-0.016076003068032016
ADVERSE,TSMOM_12M_SPOT_PRICE,2019-11-01,9,0.0006035296764052259,3.363027591831216e-05,0.0005698994004869136
ADVERSE,TSMOM_12M_SPOT_PRICE,2019-12-01,9,-0.023224344356652018,1.888761125803866e-05,-0.023243231967910057
ADVERSE,TSMOM_12M_SPOT_PRICE,2020-01-01,9,0.00819998977584683,7.020440958170924e-05,0.008129785366265123
ADVERSE,TSMOM_12M_SPOT_PRICE,2020-02-01,9,0.009819983383253357,5.2273038602119554e-05,0.009767710344651237
ADVERSE,TSMOM_12M_SPOT_PRICE,2020-03-01,9,0.03650053251559288,1.4784029248027746e-05,0.03648574848634486
ADVERSE,TSMOM_12M_SPOT_PRICE,2020-04-01,9,-0.018801158029432583,0.0,-0.018801158029432583
ADVERSE,TSMOM_12M_SPOT_PRICE,2020-05-01,9,-0.01365778103098673,0.0,-0.01365778103098673
ADVERSE,TSMOM_12M_SPOT_PRICE,2020-06-01,9,-0.010287566606450582,4.5491641164139754e-05,-0.010333058247614721
ADVERSE,TSMOM_12M_SPOT_PRICE,2020-07-01,9,-0.028032124327042027,4.5973744092755085e-05,-0.028078098071134778
ADVERSE,TSMOM_12M_SPOT_PRICE,2020-08-01,9,0.00456792554069738,0.00013346858985576328,0.004434456950841615
ADVERSE,TSMOM_12M_SPOT_PRICE,2020-09-01,9,-0.027039398810298057,6.485352343908817e-05,-0.027104252333737144
ADVERSE,TSMOM_12M_SPOT_PRICE,2020-10-01,9,0.0021255224310454558,6.191769709829396e-05,0.002063604733947162
ADVERSE,TSMOM_12M_SPOT_PRICE,2020-11-01,9,0.012485261404330015,0.0,0.012485261404330015
ADVERSE,TSMOM_12M_SPOT_PRICE,2020-12-01,9,0.028144887711292223,6.415837981737699e-05,0.02808072933147485
ADVERSE,TSMOM_12M_SPOT_PRICE,2021-01-01,9,-0.004791881933966402,0.0,-0.004791881933966402
ADVERSE,TSMOM_12M_SPOT_PRICE,2021-02-01,9,-0.003349716843843701,0.0,-0.003349716843843701
ADVERSE,TSMOM_12M_SPOT_PRICE,2021-03-01,9,-0.018261748422331317,0.0,-0.018261748422331317
ADVERSE,TSMOM_12M_SPOT_PRICE,2021-04-01,9,0.01814559962068136,1.581409389029022e-05,0.018129785526791068
ADVERSE,TSMOM_12M_SPOT_PRICE,2021-05-01,9,0.01302211057396279,0.0,0.01302211057396279
ADVERSE,TSMOM_12M_SPOT_PRICE,2021-06-01,9,-0.026678285808743527,0.0,-0.026678285808743527
ADVERSE,TSMOM_12M_SPOT_PRICE,2021-07-01,9,-0.004210678892464613,0.0,-0.004210678892464613
ADVERSE,TSMOM_12M_SPOT_PRICE,2021-08-01,9,-0.0019598415067034747,0.0,-0.0019598415067034747
ADVERSE,TSMOM_12M_SPOT_PRICE,2021-09-01,9,-0.0005978838228380597,5.493850869930748e-05,-0.0006528223315373674
ADVERSE,TSMOM_12M_SPOT_PRICE,2021-10-01,9,0.02004264831840694,2.3106428208327556e-05,0.02001954189019861
ADVERSE,TSMOM_12M_SPOT_PRICE,2021-11-01,9,-0.030397674527386953,0.0,-0.030397674527386953
ADVERSE,TSMOM_12M_SPOT_PRICE,2021-12-01,9,-0.009295384383243756,0.00016586307984154975,-0.009461247463085305
ADVERSE,TSMOM_12M_SPOT_PRICE,2022-01-01,9,0.016856929662029244,0.0,0.016856929662029244
ADVERSE,TSMOM_12M_SPOT_PRICE,2022-02-01,9,-0.00764782938721515,0.0,-0.00764782938721515
ADVERSE,TSMOM_12M_SPOT_PRICE,2022-03-01,9,0.0038647769445034033,0.0,0.0038647769445034033
ADVERSE,TSMOM_12M_SPOT_PRICE,2022-04-01,9,0.03405665193410585,1.9825803618383604e-05,0.03403682613048746
ADVERSE,TSMOM_12M_SPOT_PRICE,2022-05-01,9,-0.009288878272660624,3.5653542156688154e-05,-0.009324531814817311
ADVERSE,TSMOM_12M_SPOT_PRICE,2022-06-01,9,0.03288475504710822,0.0,0.03288475504710822
ADVERSE,TSMOM_12M_SPOT_PRICE,2022-07-01,9,-0.003132712587978154,0.0,-0.003132712587978154
ADVERSE,TSMOM_12M_SPOT_PRICE,2022-08-01,9,0.02789288546501984,0.0,0.02789288546501984
ADVERSE,TSMOM_12M_SPOT_PRICE,2022-09-01,9,0.0489178925153391,0.0,0.0489178925153391
ADVERSE,TSMOM_12M_SPOT_PRICE,2022-10-01,9,-0.009231535917407909,0.0,-0.009231535917407909
ADVERSE,TSMOM_12M_SPOT_PRICE,2022-11-01,9,-0.04738334843681494,0.0,-0.04738334843681494
ADVERSE,TSMOM_12M_SPOT_PRICE,2022-12-01,9,-0.021133072180550147,0.0,-0.021133072180550147
ADVERSE,TSMOM_12M_SPOT_PRICE,2023-01-01,9,-0.011464202839113905,0.0,-0.011464202839113905
ADVERSE,TSMOM_12M_SPOT_PRICE,2023-02-01,9,0.022398249514167825,1.9873018119274792e-05,0.02237837649604855
ADVERSE,TSMOM_12M_SPOT_PRICE,2023-03-01,9,-0.012033630185263119,1.9627164957096333e-05,-0.012053257350220215
ADVERSE,TSMOM_12M_SPOT_PRICE,2023-04-01,9,0.005715934970044165,1.993668250364007e-05,0.005695998287540525
ADVERSE,TSMOM_12M_SPOT_PRICE,2023-05-01,9,0.016524489782611278,1.3094529407794872e-05,0.016511395253203484
ADVERSE,TSMOM_12M_SPOT_PRICE,2023-06-01,9,-0.015650503631081558,1.3578285605659429e-05,-0.015664081916687216
ADVERSE,TSMOM_12M_SPOT_PRICE,2023-07-01,9,-0.00859692181403562,2.8083882579621496e-05,-0.008625005696615243
ADVERSE,TSMOM_12M_SPOT_PRICE,2023-08-01,9,0.01968752354331809,0.0,0.01968752354331809
ADVERSE,TSMOM_12M_SPOT_PRICE,2023-09-01,9,-0.008452869395933593,0.0,-0.008452869395933593
ADVERSE,TSMOM_12M_SPOT_PRICE,2023-10-01,9,-0.014577791929254569,0.00016220651200179754,-0.014739998441256365
ADVERSE,TSMOM_12M_SPOT_PRICE,2023-11-01,9,-0.016297734541553685,0.00016142138499515357,-0.01645915592654884
ADVERSE,TSMOM_12M_SPOT_PRICE,2023-12-01,9,-0.011553023886564602,4.183293137609852e-05,-0.011594856817940698
ADVERSE,TSMOM_12M_SPOT_PRICE,2024-01-01,9,-0.0019344710406400524,4.060522430833034e-05,-0.0019750762649483828
ADVERSE,TSMOM_12M_SPOT_PRICE,2024-02-01,9,0.0047247233299048735,5.4642996644377876e-05,0.004670080333260496
ADVERSE,TSMOM_12M_SPOT_PRICE,2024-03-01,9,-0.0007182221376392794,2.933351860481974e-05,-0.0007475556562440992
ADVERSE,TSMOM_12M_SPOT_PRICE,2024-04-01,9,0.011881788248481974,7.039603819728927e-05,0.011811392210284684
ADVERSE,TSMOM_12M_SPOT_PRICE,2024-05-01,9,-0.02466924456561796,3.4987363294372e-05,-0.02470423192891233
ADVERSE,TSMOM_12M_SPOT_PRICE,2024-06-01,9,-0.0012318351764202757,0.00019451344619171644,-0.0014263486226119922
ADVERSE,TSMOM_12M_SPOT_PRICE,2024-07-01,9,-0.014937265306794931,8.684508967436892e-05,-0.0150241103964693
ADVERSE,TSMOM_12M_SPOT_PRICE,2024-08-01,9,-0.03175051437907666,0.00010679584602978266,-0.03185731022510644
ADVERSE,TSMOM_12M_SPOT_PRICE,2024-09-01,9,0.009893283504421337,0.00020998832628050097,0.009683295178140837
ADVERSE,TSMOM_12M_SPOT_PRICE,2024-10-01,9,-0.044287174494394094,1.3988680629552641e-05,-0.04430116317502365
ADVERSE,TSMOM_12M_SPOT_PRICE,2024-11-01,9,-0.012153513899633768,2.9362761216767277e-05,-0.012182876660850534
ADVERSE,TSMOM_12M_SPOT_PRICE,2024-12-01,9,0.027427071521097492,0.00017936749931008248,0.02724770402178741
BASE,B0_CASH,2011-02-01,9,0.0,0.0,0.0
BASE,B0_CASH,2011-03-01,9,0.0,0.0,0.0
BASE,B0_CASH,2011-04-01,9,0.0,0.0,0.0
BASE,B0_CASH,2011-05-01,9,0.0,0.0,0.0
BASE,B0_CASH,2011-06-01,9,0.0,0.0,0.0
BASE,B0_CASH,2011-07-01,9,0.0,0.0,0.0
BASE,B0_CASH,2011-08-01,9,0.0,0.0,0.0
BASE,B0_CASH,2011-09-01,9,0.0,0.0,0.0
BASE,B0_CASH,2011-10-01,9,0.0,0.0,0.0
BASE,B0_CASH,2011-11-01,9,0.0,0.0,0.0
BASE,B0_CASH,2011-12-01,9,0.0,0.0,0.0
BASE,B0_CASH,2012-01-01,9,0.0,0.0,0.0
BASE,B0_CASH,2012-02-01,9,0.0,0.0,0.0
BASE,B0_CASH,2012-03-01,9,0.0,0.0,0.0
BASE,B0_CASH,2012-04-01,9,0.0,0.0,0.0
BASE,B0_CASH,2012-05-01,9,0.0,0.0,0.0
BASE,B0_CASH,2012-06-01,9,0.0,0.0,0.0
BASE,B0_CASH,2012-07-01,9,0.0,0.0,0.0
BASE,B0_CASH,2012-08-01,9,0.0,0.0,0.0
BASE,B0_CASH,2012-09-01,9,0.0,0.0,0.0
BASE,B0_CASH,2012-10-01,9,0.0,0.0,0.0
BASE,B0_CASH,2012-11-01,9,0.0,0.0,0.0
BASE,B0_CASH,2012-12-01,9,0.0,0.0,0.0
BASE,B0_CASH,2013-01-01,9,0.0,0.0,0.0
BASE,B0_CASH,2013-02-01,9,0.0,0.0,0.0
BASE,B0_CASH,2013-03-01,9,0.0,0.0,0.0
BASE,B0_CASH,2013-04-01,9,0.0,0.0,0.0
BASE,B0_CASH,2013-05-01,9,0.0,0.0,0.0
BASE,B0_CASH,2013-06-01,9,0.0,0.0,0.0
BASE,B0_CASH,2013-07-01,9,0.0,0.0,0.0
BASE,B0_CASH,2013-08-01,9,0.0,0.0,0.0
BASE,B0_CASH,2013-09-01,9,0.0,0.0,0.0
BASE,B0_CASH,2013-10-01,9,0.0,0.0,0.0
BASE,B0_CASH,2013-11-01,9,0.0,0.0,0.0
BASE,B0_CASH,2013-12-01,9,0.0,0.0,0.0
BASE,B0_CASH,2014-01-01,9,0.0,0.0,0.0
BASE,B0_CASH,2014-02-01,9,0.0,0.0,0.0
BASE,B0_CASH,2014-03-01,9,0.0,0.0,0.0
BASE,B0_CASH,2014-04-01,9,0.0,0.0,0.0
BASE,B0_CASH,2014-05-01,9,0.0,0.0,0.0
BASE,B0_CASH,2014-06-01,9,0.0,0.0,0.0
BASE,B0_CASH,2014-07-01,9,0.0,0.0,0.0
BASE,B0_CASH,2014-08-01,9,0.0,0.0,0.0
BASE,B0_CASH,2014-09-01,9,0.0,0.0,0.0
BASE,B0_CASH,2014-10-01,9,0.0,0.0,0.0
BASE,B0_CASH,2014-11-01,9,0.0,0.0,0.0
BASE,B0_CASH,2014-12-01,9,0.0,0.0,0.0
BASE,B0_CASH,2015-01-01,9,0.0,0.0,0.0
BASE,B0_CASH,2015-02-01,9,0.0,0.0,0.0
BASE,B0_CASH,2015-03-01,9,0.0,0.0,0.0
BASE,B0_CASH,2015-04-01,9,0.0,0.0,0.0
BASE,B0_CASH,2015-05-01,9,0.0,0.0,0.0
BASE,B0_CASH,2015-06-01,9,0.0,0.0,0.0
BASE,B0_CASH,2015-07-01,9,0.0,0.0,0.0
BASE,B0_CASH,2015-08-01,9,0.0,0.0,0.0
BASE,B0_CASH,2015-09-01,9,0.0,0.0,0.0
BASE,B0_CASH,2015-10-01,9,0.0,0.0,0.0
BASE,B0_CASH,2015-11-01,9,0.0,0.0,0.0
BASE,B0_CASH,2015-12-01,9,0.0,0.0,0.0
BASE,B0_CASH,2016-01-01,9,0.0,0.0,0.0
BASE,B0_CASH,2016-02-01,9,0.0,0.0,0.0
BASE,B0_CASH,2016-03-01,9,0.0,0.0,0.0
BASE,B0_CASH,2016-04-01,9,0.0,0.0,0.0
BASE,B0_CASH,2016-05-01,9,0.0,0.0,0.0
BASE,B0_CASH,2016-06-01,9,0.0,0.0,0.0
BASE,B0_CASH,2016-07-01,9,0.0,0.0,0.0
BASE,B0_CASH,2016-08-01,9,0.0,0.0,0.0
BASE,B0_CASH,2016-09-01,9,0.0,0.0,0.0
BASE,B0_CASH,2016-10-01,9,0.0,0.0,0.0
BASE,B0_CASH,2016-11-01,9,0.0,0.0,0.0
BASE,B0_CASH,2016-12-01,9,0.0,0.0,0.0
BASE,B0_CASH,2017-01-01,9,0.0,0.0,0.0
BASE,B0_CASH,2017-02-01,9,0.0,0.0,0.0
BASE,B0_CASH,2017-03-01,9,0.0,0.0,0.0
BASE,B0_CASH,2017-04-01,9,0.0,0.0,0.0
BASE,B0_CASH,2017-05-01,9,0.0,0.0,0.0
BASE,B0_CASH,2017-06-01,9,0.0,0.0,0.0
BASE,B0_CASH,2017-07-01,9,0.0,0.0,0.0
BASE,B0_CASH,2017-08-01,9,0.0,0.0,0.0
BASE,B0_CASH,2017-09-01,9,0.0,0.0,0.0
BASE,B0_CASH,2017-10-01,9,0.0,0.0,0.0
BASE,B0_CASH,2017-11-01,9,0.0,0.0,0.0
BASE,B0_CASH,2017-12-01,9,0.0,0.0,0.0
BASE,B0_CASH,2018-01-01,9,0.0,0.0,0.0
BASE,B0_CASH,2018-02-01,9,0.0,0.0,0.0
BASE,B0_CASH,2018-03-01,9,0.0,0.0,0.0
BASE,B0_CASH,2018-04-01,9,0.0,0.0,0.0
BASE,B0_CASH,2018-05-01,9,0.0,0.0,0.0
BASE,B0_CASH,2018-06-01,9,0.0,0.0,0.0
BASE,B0_CASH,2018-07-01,9,0.0,0.0,0.0
BASE,B0_CASH,2018-08-01,9,0.0,0.0,0.0
BASE,B0_CASH,2018-09-01,9,0.0,0.0,0.0
BASE,B0_CASH,2018-10-01,9,0.0,0.0,0.0
BASE,B0_CASH,2018-11-01,9,0.0,0.0,0.0
BASE,B0_CASH,2018-12-01,9,0.0,0.0,0.0
BASE,B0_CASH,2019-01-01,9,0.0,0.0,0.0
BASE,B0_CASH,2019-02-01,9,0.0,0.0,0.0
BASE,B0_CASH,2019-03-01,9,0.0,0.0,0.0
BASE,B0_CASH,2019-04-01,9,0.0,0.0,0.0
BASE,B0_CASH,2019-05-01,9,0.0,0.0,0.0
BASE,B0_CASH,2019-06-01,9,0.0,0.0,0.0
BASE,B0_CASH,2019-07-01,9,0.0,0.0,0.0
BASE,B0_CASH,2019-08-01,9,0.0,0.0,0.0
BASE,B0_CASH,2019-09-01,9,0.0,0.0,0.0
BASE,B0_CASH,2019-10-01,9,0.0,0.0,0.0
BASE,B0_CASH,2019-11-01,9,0.0,0.0,0.0
BASE,B0_CASH,2019-12-01,9,0.0,0.0,0.0
BASE,B0_CASH,2020-01-01,9,0.0,0.0,0.0
BASE,B0_CASH,2020-02-01,9,0.0,0.0,0.0
BASE,B0_CASH,2020-03-01,9,0.0,0.0,0.0
BASE,B0_CASH,2020-04-01,9,0.0,0.0,0.0
BASE,B0_CASH,2020-05-01,9,0.0,0.0,0.0
BASE,B0_CASH,2020-06-01,9,0.0,0.0,0.0
BASE,B0_CASH,2020-07-01,9,0.0,0.0,0.0
BASE,B0_CASH,2020-08-01,9,0.0,0.0,0.0
BASE,B0_CASH,2020-09-01,9,0.0,0.0,0.0
BASE,B0_CASH,2020-10-01,9,0.0,0.0,0.0
BASE,B0_CASH,2020-11-01,9,0.0,0.0,0.0
BASE,B0_CASH,2020-12-01,9,0.0,0.0,0.0
BASE,B0_CASH,2021-01-01,9,0.0,0.0,0.0
BASE,B0_CASH,2021-02-01,9,0.0,0.0,0.0
BASE,B0_CASH,2021-03-01,9,0.0,0.0,0.0
BASE,B0_CASH,2021-04-01,9,0.0,0.0,0.0
BASE,B0_CASH,2021-05-01,9,0.0,0.0,0.0
BASE,B0_CASH,2021-06-01,9,0.0,0.0,0.0
BASE,B0_CASH,2021-07-01,9,0.0,0.0,0.0
BASE,B0_CASH,2021-08-01,9,0.0,0.0,0.0
BASE,B0_CASH,2021-09-01,9,0.0,0.0,0.0
BASE,B0_CASH,2021-10-01,9,0.0,0.0,0.0
BASE,B0_CASH,2021-11-01,9,0.0,0.0,0.0
BASE,B0_CASH,2021-12-01,9,0.0,0.0,0.0
BASE,B0_CASH,2022-01-01,9,0.0,0.0,0.0
BASE,B0_CASH,2022-02-01,9,0.0,0.0,0.0
BASE,B0_CASH,2022-03-01,9,0.0,0.0,0.0
BASE,B0_CASH,2022-04-01,9,0.0,0.0,0.0
BASE,B0_CASH,2022-05-01,9,0.0,0.0,0.0
BASE,B0_CASH,2022-06-01,9,0.0,0.0,0.0
BASE,B0_CASH,2022-07-01,9,0.0,0.0,0.0
BASE,B0_CASH,2022-08-01,9,0.0,0.0,0.0
BASE,B0_CASH,2022-09-01,9,0.0,0.0,0.0
BASE,B0_CASH,2022-10-01,9,0.0,0.0,0.0
BASE,B0_CASH,2022-11-01,9,0.0,0.0,0.0
BASE,B0_CASH,2022-12-01,9,0.0,0.0,0.0
BASE,B0_CASH,2023-01-01,9,0.0,0.0,0.0
BASE,B0_CASH,2023-02-01,9,0.0,0.0,0.0
BASE,B0_CASH,2023-03-01,9,0.0,0.0,0.0
BASE,B0_CASH,2023-04-01,9,0.0,0.0,0.0
BASE,B0_CASH,2023-05-01,9,0.0,0.0,0.0
BASE,B0_CASH,2023-06-01,9,0.0,0.0,0.0
BASE,B0_CASH,2023-07-01,9,0.0,0.0,0.0
BASE,B0_CASH,2023-08-01,9,0.0,0.0,0.0
BASE,B0_CASH,2023-09-01,9,0.0,0.0,0.0
BASE,B0_CASH,2023-10-01,9,0.0,0.0,0.0
BASE,B0_CASH,2023-11-01,9,0.0,0.0,0.0
BASE,B0_CASH,2023-12-01,9,0.0,0.0,0.0
BASE,B0_CASH,2024-01-01,9,0.0,0.0,0.0
BASE,B0_CASH,2024-02-01,9,0.0,0.0,0.0
BASE,B0_CASH,2024-03-01,9,0.0,0.0,0.0
BASE,B0_CASH,2024-04-01,9,0.0,0.0,0.0
BASE,B0_CASH,2024-05-01,9,0.0,0.0,0.0
BASE,B0_CASH,2024-06-01,9,0.0,0.0,0.0
BASE,B0_CASH,2024-07-01,9,0.0,0.0,0.0
BASE,B0_CASH,2024-08-01,9,0.0,0.0,0.0
BASE,B0_CASH,2024-09-01,9,0.0,0.0,0.0
BASE,B0_CASH,2024-10-01,9,0.0,0.0,0.0
BASE,B0_CASH,2024-11-01,9,0.0,0.0,0.0
BASE,B0_CASH,2024-12-01,9,0.0,0.0,0.0
BASE,B1_EXPANDING_MEAN_SIGN,2011-02-01,9,0.009101125751012728,8.147328446582855e-05,0.009019652466546898
BASE,B1_EXPANDING_MEAN_SIGN,2011-03-01,9,0.009281698615346175,8.055908001530623e-06,0.009273642707344643
BASE,B1_EXPANDING_MEAN_SIGN,2011-04-01,9,0.044315396653242134,0.0,0.044315396653242134
BASE,B1_EXPANDING_MEAN_SIGN,2011-05-01,9,-0.012885681151532546,0.0,-0.012885681151532546
BASE,B1_EXPANDING_MEAN_SIGN,2011-06-01,9,0.0003878949696818099,0.0,0.0003878949696818099
BASE,B1_EXPANDING_MEAN_SIGN,2011-07-01,9,0.024923182463362434,0.0,0.024923182463362434
BASE,B1_EXPANDING_MEAN_SIGN,2011-08-01,9,-0.009408315733925013,0.0,-0.009408315733925013
BASE,B1_EXPANDING_MEAN_SIGN,2011-09-01,9,-0.07091245269449631,0.0,-0.07091245269449631
BASE,B1_EXPANDING_MEAN_SIGN,2011-10-01,9,0.028773473128510394,1.6783687091959393e-05,0.028756689441418435
BASE,B1_EXPANDING_MEAN_SIGN,2011-11-01,9,-0.030833519569580185,1.624335037279082e-05,-0.030849762919952974
BASE,B1_EXPANDING_MEAN_SIGN,2011-12-01,9,-0.0019721064791005474,1.6749610066141283e-05,-0.001988856089166688
BASE,B1_EXPANDING_MEAN_SIGN,2012-01-01,9,0.014742963588519873,0.0,0.014742963588519873
BASE,B1_EXPANDING_MEAN_SIGN,2012-02-01,9,0.007740179826315351,0.0,0.007740179826315351
BASE,B1_EXPANDING_MEAN_SIGN,2012-03-01,9,-0.012424066497278254,8.359404225260864e-06,-0.012432425901503515
BASE,B1_EXPANDING_MEAN_SIGN,2012-04-01,9,0.0046414994755744005,0.0,0.0046414994755744005
BASE,B1_EXPANDING_MEAN_SIGN,2012-05-01,9,-0.03961079153238688,0.0,-0.03961079153238688
BASE,B1_EXPANDING_MEAN_SIGN,2012-06-01,9,0.013098206537151373,4.5513271354011685e-05,0.013052693265797362
BASE,B1_EXPANDING_MEAN_SIGN,2012-07-01,9,0.009462287020518446,3.758365952145166e-05,0.009424703360996996
BASE,B1_EXPANDING_MEAN_SIGN,2012-08-01,9,0.004519243860907272,0.0,0.004519243860907272
BASE,B1_EXPANDING_MEAN_SIGN,2012-09-01,9,0.00894340593023266,8.40474742158108e-06,0.008935001182811078
BASE,B1_EXPANDING_MEAN_SIGN,2012-10-01,9,-0.00623463440565935,0.0,-0.00623463440565935
BASE,B1_EXPANDING_MEAN_SIGN,2012-11-01,9,-0.003061501779855819,0.0,-0.003061501779855819
BASE,B1_EXPANDING_MEAN_SIGN,2012-12-01,9,0.0009949217301670323,0.0,0.0009949217301670323
BASE,B1_EXPANDING_MEAN_SIGN,2013-01-01,9,-0.0045617389507277934,0.0,-0.0045617389507277934
BASE,B1_EXPANDING_MEAN_SIGN,2013-02-01,9,-0.02624157930477411,8.179918953363011e-06,-0.026249759223727475
BASE,B1_EXPANDING_MEAN_SIGN,2013-03-01,9,0.0028268631682401755,2.9863326310504254e-05,0.0027969998419296715
BASE,B1_EXPANDING_MEAN_SIGN,2013-04-01,9,0.006315123406747719,0.0,0.006315123406747719
BASE,B1_EXPANDING_MEAN_SIGN,2013-05-01,9,-0.019194465221476817,0.0,-0.019194465221476817
BASE,B1_EXPANDING_MEAN_SIGN,2013-06-01,9,-0.01654397916076443,0.0,-0.01654397916076443
BASE,B1_EXPANDING_MEAN_SIGN,2013-07-01,9,0.009227526847789515,0.0,0.009227526847789515
BASE,B1_EXPANDING_MEAN_SIGN,2013-08-01,9,-0.013850789639028367,0.0,-0.013850789639028367
BASE,B1_EXPANDING_MEAN_SIGN,2013-09-01,9,0.013501130847397494,3.679353079278653e-05,0.013464337316604708
BASE,B1_EXPANDING_MEAN_SIGN,2013-10-01,9,-0.0018974129884899746,4.556981617136211e-05,-0.0019429828046613365
BASE,B1_EXPANDING_MEAN_SIGN,2013-11-01,9,-0.004629477453721048,8.174472674985827e-06,-0.004637651926396033
BASE,B1_EXPANDING_MEAN_SIGN,2013-12-01,9,0.006895128386721831,3.683156141570372e-05,0.006858296825306127
BASE,B1_EXPANDING_MEAN_SIGN,2014-01-01,9,-0.02276748532141526,3.7071240511321055e-05,-0.02280455656192658
BASE,B1_EXPANDING_MEAN_SIGN,2014-02-01,9,0.0054970309899744,5.709484945591968e-05,0.005439936140518482
BASE,B1_EXPANDING_MEAN_SIGN,2014-03-01,9,0.006606899786602647,4.5477591299185876e-05,0.006561422195303461
BASE,B1_EXPANDING_MEAN_SIGN,2014-04-01,9,6.613611494222916e-05,0.0,6.613611494222916e-05
BASE,B1_EXPANDING_MEAN_SIGN,2014-05-01,9,-0.010441454117153717,0.0,-0.010441454117153717
BASE,B1_EXPANDING_MEAN_SIGN,2014-06-01,9,0.0030727736101186943,0.0,0.0030727736101186943
BASE,B1_EXPANDING_MEAN_SIGN,2014-07-01,9,-0.012607762260648685,4.975240702755749e-05,-0.012657514667676242
BASE,B1_EXPANDING_MEAN_SIGN,2014-08-01,9,-0.0042642536854535906,2.1178428550825336e-05,-0.004285432114004416
BASE,B1_EXPANDING_MEAN_SIGN,2014-09-01,9,-0.0076177724040050986,0.0,-0.0076177724040050986
BASE,B1_EXPANDING_MEAN_SIGN,2014-10-01,9,0.0050859618975339265,0.0,0.0050859618975339265
BASE,B1_EXPANDING_MEAN_SIGN,2014-11-01,9,0.0058076073461349464,0.0,0.0058076073461349464
BASE,B1_EXPANDING_MEAN_SIGN,2014-12-01,9,-0.00026921026166362407,8.52618497984623e-06,-0.0002777364466434703
BASE,B1_EXPANDING_MEAN_SIGN,2015-01-01,9,0.03525846715660566,4.5453007915980385e-05,0.03521301414868968
BASE,B1_EXPANDING_MEAN_SIGN,2015-02-01,9,-0.0015882717269279922,0.0,-0.0015882717269279922
BASE,B1_EXPANDING_MEAN_SIGN,2015-03-01,9,0.01870565417614203,0.0,0.01870565417614203
BASE,B1_EXPANDING_MEAN_SIGN,2015-04-01,9,-0.023868085528602003,0.0,-0.023868085528602003
BASE,B1_EXPANDING_MEAN_SIGN,2015-05-01,9,0.01198729589452574,0.0,0.01198729589452574
BASE,B1_EXPANDING_MEAN_SIGN,2015-06-01,9,-0.014625022839113315,0.0,-0.014625022839113315
BASE,B1_EXPANDING_MEAN_SIGN,2015-07-01,9,0.014940561205466175,8.479121223876358e-06,0.0149320820842423
BASE,B1_EXPANDING_MEAN_SIGN,2015-08-01,9,0.006174797508540146,3.207160379670541e-05,0.00614272590474344
BASE,B1_EXPANDING_MEAN_SIGN,2015-09-01,9,0.003972890939518432,0.0,0.003972890939518432
BASE,B1_EXPANDING_MEAN_SIGN,2015-10-01,9,-0.011899479587598417,0.0,-0.011899479587598417
BASE,B1_EXPANDING_MEAN_SIGN,2015-11-01,9,0.00863093066102468,2.2986524150216936e-05,0.008607944136874462
BASE,B1_EXPANDING_MEAN_SIGN,2015-12-01,9,-0.003379738876156921,2.366565834058094e-05,-0.0034034045344975023
BASE,B1_EXPANDING_MEAN_SIGN,2016-01-01,9,0.0016802953603132467,2.274004554506265e-05,0.0016575553147681842
BASE,B1_EXPANDING_MEAN_SIGN,2016-02-01,9,-0.011723324668274106,2.4050581809342452e-05,-0.01174737525008345
BASE,B1_EXPANDING_MEAN_SIGN,2016-03-01,9,-0.03526548581304096,0.0,-0.03526548581304096
BASE,B1_EXPANDING_MEAN_SIGN,2016-04-01,9,-0.013759375681852197,2.2490176612144055e-05,-0.013781865858464342
BASE,B1_EXPANDING_MEAN_SIGN,2016-05-01,9,0.018143522052455126,0.0,0.018143522052455126
BASE,B1_EXPANDING_MEAN_SIGN,2016-06-01,9,0.007853275412518679,0.0,0.007853275412518679
BASE,B1_EXPANDING_MEAN_SIGN,2016-07-01,9,0.0013985224117504494,0.0,0.0013985224117504494
BASE,B1_EXPANDING_MEAN_SIGN,2016-08-01,9,0.0009557678063528573,0.0,0.0009557678063528573
BASE,B1_EXPANDING_MEAN_SIGN,2016-09-01,9,-0.006195212383975813,0.0,-0.006195212383975813
BASE,B1_EXPANDING_MEAN_SIGN,2016-10-01,9,0.02082386501971656,0.0,0.02082386501971656
BASE,B1_EXPANDING_MEAN_SIGN,2016-11-01,9,0.016084633150566557,0.0,0.016084633150566557
BASE,B1_EXPANDING_MEAN_SIGN,2016-12-01,9,0.0036230245851130746,0.0,0.0036230245851130746
BASE,B1_EXPANDING_MEAN_SIGN,2017-01-01,9,-0.017713844049747445,0.0,-0.017713844049747445
BASE,B1_EXPANDING_MEAN_SIGN,2017-02-01,9,0.004678558124497418,0.0,0.004678558124497418
BASE,B1_EXPANDING_MEAN_SIGN,2017-03-01,9,-0.002970613905783459,0.0,-0.002970613905783459
BASE,B1_EXPANDING_MEAN_SIGN,2017-04-01,9,-0.0030539225010389253,0.0,-0.0030539225010389253
BASE,B1_EXPANDING_MEAN_SIGN,2017-05-01,9,-0.0013380070721696028,0.0,-0.0013380070721696028
BASE,B1_EXPANDING_MEAN_SIGN,2017-06-01,9,-0.008526564245430523,0.0,-0.008526564245430523
BASE,B1_EXPANDING_MEAN_SIGN,2017-07-01,9,-0.026128568937810497,0.0,-0.026128568937810497
BASE,B1_EXPANDING_MEAN_SIGN,2017-08-01,9,-0.0051021164254644435,0.0,-0.0051021164254644435
BASE,B1_EXPANDING_MEAN_SIGN,2017-09-01,9,0.005092847597185164,0.0,0.005092847597185164
BASE,B1_EXPANDING_MEAN_SIGN,2017-10-01,9,0.006005556731780061,0.0,0.006005556731780061
BASE,B1_EXPANDING_MEAN_SIGN,2017-11-01,9,-0.001326984510407778,0.0,-0.001326984510407778
BASE,B1_EXPANDING_MEAN_SIGN,2017-12-01,9,-0.006546517819303845,0.0,-0.006546517819303845
BASE,B1_EXPANDING_MEAN_SIGN,2018-01-01,9,-0.020160437614885545,0.0,-0.020160437614885545
BASE,B1_EXPANDING_MEAN_SIGN,2018-02-01,9,0.01469931164939321,0.0,0.01469931164939321
BASE,B1_EXPANDING_MEAN_SIGN,2018-03-01,9,-0.001776531174046303,0.0,-0.001776531174046303
BASE,B1_EXPANDING_MEAN_SIGN,2018-04-01,9,0.009263942627908897,0.0,0.009263942627908897
BASE,B1_EXPANDING_MEAN_SIGN,2018-05-01,9,0.011132290442600001,0.0,0.011132290442600001
BASE,B1_EXPANDING_MEAN_SIGN,2018-06-01,9,0.003764661641840059,0.0,0.003764661641840059
BASE,B1_EXPANDING_MEAN_SIGN,2018-07-01,9,-0.001693649987287629,0.0,-0.001693649987287629
BASE,B1_EXPANDING_MEAN_SIGN,2018-08-01,9,0.012457411255174251,0.0,0.012457411255174251
BASE,B1_EXPANDING_MEAN_SIGN,2018-09-01,9,-0.0074930208897980854,0.0,-0.0074930208897980854
BASE,B1_EXPANDING_MEAN_SIGN,2018-10-01,9,0.010887864335636353,0.0,0.010887864335636353
BASE,B1_EXPANDING_MEAN_SIGN,2018-11-01,9,-0.005833273088762297,2.3846144674559745e-05,-0.005857119233436857
BASE,B1_EXPANDING_MEAN_SIGN,2018-12-01,9,-0.0012283688757403672,2.261425651189631e-05,-0.0012509831322522638
BASE,B1_EXPANDING_MEAN_SIGN,2019-01-01,9,-0.010411108907022817,0.0,-0.010411108907022817
BASE,B1_EXPANDING_MEAN_SIGN,2019-02-01,9,0.006636102147029501,0.0,0.006636102147029501
BASE,B1_EXPANDING_MEAN_SIGN,2019-03-01,9,0.006219905955656925,0.0,0.006219905955656925
BASE,B1_EXPANDING_MEAN_SIGN,2019-04-01,9,-0.0004728210456655822,0.0,-0.0004728210456655822
BASE,B1_EXPANDING_MEAN_SIGN,2019-05-01,9,0.005174803291091792,0.0,0.005174803291091792
BASE,B1_EXPANDING_MEAN_SIGN,2019-06-01,9,-0.013508480781740273,2.3810374180030236e-05,-0.013532291155920303
BASE,B1_EXPANDING_MEAN_SIGN,2019-07-01,9,0.012820675772750256,2.3184546506130244e-05,0.012797491226244125
BASE,B1_EXPANDING_MEAN_SIGN,2019-08-01,9,0.004789362662022123,0.0,0.004789362662022123
BASE,B1_EXPANDING_MEAN_SIGN,2019-09-01,9,0.00029428099249400534,2.4716663179851684e-05,0.0002695643293141537
BASE,B1_EXPANDING_MEAN_SIGN,2019-10-01,9,-0.013807380846144043,0.0,-0.013807380846144043
BASE,B1_EXPANDING_MEAN_SIGN,2019-11-01,9,0.0037320624763303384,0.0,0.0037320624763303384
BASE,B1_EXPANDING_MEAN_SIGN,2019-12-01,9,-0.023114243053469256,0.0,-0.023114243053469256
BASE,B1_EXPANDING_MEAN_SIGN,2020-01-01,9,0.013451003968758757,2.3064231413318444e-05,0.013427939737345438
BASE,B1_EXPANDING_MEAN_SIGN,2020-02-01,9,0.016096359671686974,2.4060811983659272e-05,0.016072298859703318
BASE,B1_EXPANDING_MEAN_SIGN,2020-03-01,9,0.03575310097387871,0.0,0.03575310097387871
BASE,B1_EXPANDING_MEAN_SIGN,2020-04-01,9,-0.020560356674444374,0.0,-0.020560356674444374
BASE,B1_EXPANDING_MEAN_SIGN,2020-05-01,9,-0.01185002375280544,0.0,-0.01185002375280544
BASE,B1_EXPANDING_MEAN_SIGN,2020-06-01,9,-0.013091175090575509,0.0,-0.013091175090575509
BASE,B1_EXPANDING_MEAN_SIGN,2020-07-01,9,-0.03220946662817073,0.0,-0.03220946662817073
BASE,B1_EXPANDING_MEAN_SIGN,2020-08-01,9,-0.014324333179590119,2.344822965866077e-05,-0.014347781409248781
BASE,B1_EXPANDING_MEAN_SIGN,2020-09-01,9,0.018329557629407307,0.0,0.018329557629407307
BASE,B1_EXPANDING_MEAN_SIGN,2020-10-01,9,0.003492783422056722,0.0,0.003492783422056722
BASE,B1_EXPANDING_MEAN_SIGN,2020-11-01,9,-0.018909256898377698,0.0,-0.018909256898377698
BASE,B1_EXPANDING_MEAN_SIGN,2020-12-01,9,-0.017086683934113847,0.0,-0.017086683934113847
BASE,B1_EXPANDING_MEAN_SIGN,2021-01-01,9,0.003414091017935895,0.0,0.003414091017935895
BASE,B1_EXPANDING_MEAN_SIGN,2021-02-01,9,0.00016785102713875086,0.0,0.00016785102713875086
BASE,B1_EXPANDING_MEAN_SIGN,2021-03-01,9,0.0028948057503491967,0.0,0.0028948057503491967
BASE,B1_EXPANDING_MEAN_SIGN,2021-04-01,9,-0.00824456954812051,0.0,-0.00824456954812051
BASE,B1_EXPANDING_MEAN_SIGN,2021-05-01,9,-0.005667448162210468,0.0,-0.005667448162210468
BASE,B1_EXPANDING_MEAN_SIGN,2021-06-01,9,0.014330263321985393,0.0,0.014330263321985393
BASE,B1_EXPANDING_MEAN_SIGN,2021-07-01,9,0.006049784318817518,0.0,0.006049784318817518
BASE,B1_EXPANDING_MEAN_SIGN,2021-08-01,9,0.0023046957394989853,0.0,0.0023046957394989853
BASE,B1_EXPANDING_MEAN_SIGN,2021-09-01,9,0.005962504114169913,0.0,0.005962504114169913
BASE,B1_EXPANDING_MEAN_SIGN,2021-10-01,9,-0.005615507826193232,0.0,-0.005615507826193232
BASE,B1_EXPANDING_MEAN_SIGN,2021-11-01,9,0.022315331538239155,0.0,0.022315331538239155
BASE,B1_EXPANDING_MEAN_SIGN,2021-12-01,9,-0.007882635847033316,0.0,-0.007882635847033316
BASE,B1_EXPANDING_MEAN_SIGN,2022-01-01,9,0.004329255976510953,0.0,0.004329255976510953
BASE,B1_EXPANDING_MEAN_SIGN,2022-02-01,9,0.0014014912563946726,0.0,0.0014014912563946726
BASE,B1_EXPANDING_MEAN_SIGN,2022-03-01,9,0.004878370984587864,0.0,0.004878370984587864
BASE,B1_EXPANDING_MEAN_SIGN,2022-04-01,9,0.024716004523575696,0.0,0.024716004523575696
BASE,B1_EXPANDING_MEAN_SIGN,2022-05-01,9,-0.004069434088947542,0.0,-0.004069434088947542
BASE,B1_EXPANDING_MEAN_SIGN,2022-06-01,9,0.024842294924182648,0.0,0.024842294924182648
BASE,B1_EXPANDING_MEAN_SIGN,2022-07-01,9,-0.0027873245106345454,2.4883713076568965e-05,-0.0028122082237111144
BASE,B1_EXPANDING_MEAN_SIGN,2022-08-01,9,0.022663081736477426,0.0,0.022663081736477426
BASE,B1_EXPANDING_MEAN_SIGN,2022-09-01,9,0.04697191348063731,0.0,0.04697191348063731
BASE,B1_EXPANDING_MEAN_SIGN,2022-10-01,9,-0.013155728112958509,0.0,-0.013155728112958509
BASE,B1_EXPANDING_MEAN_SIGN,2022-11-01,9,-0.03503506693722014,0.0,-0.03503506693722014
BASE,B1_EXPANDING_MEAN_SIGN,2022-12-01,9,-0.01519557105329065,0.0,-0.01519557105329065
BASE,B1_EXPANDING_MEAN_SIGN,2023-01-01,9,-0.010149450213993197,0.0,-0.010149450213993197
BASE,B1_EXPANDING_MEAN_SIGN,2023-02-01,9,0.013041162517665541,2.4063045178367327e-05,0.013017099472487173
BASE,B1_EXPANDING_MEAN_SIGN,2023-03-01,9,-0.006228969069136515,2.5120804152827796e-05,-0.006254089873289344
BASE,B1_EXPANDING_MEAN_SIGN,2023-04-01,9,0.005715934970044165,0.0,0.005715934970044165
BASE,B1_EXPANDING_MEAN_SIGN,2023-05-01,9,0.024441643716862624,0.0,0.024441643716862624
BASE,B1_EXPANDING_MEAN_SIGN,2023-06-01,9,-0.015650503631081558,0.0,-0.015650503631081558
BASE,B1_EXPANDING_MEAN_SIGN,2023-07-01,9,-0.012887719949622654,0.0,-0.012887719949622654
BASE,B1_EXPANDING_MEAN_SIGN,2023-08-01,9,0.026461042081723854,0.0,0.026461042081723854
BASE,B1_EXPANDING_MEAN_SIGN,2023-09-01,9,0.004923455939624659,0.0,0.004923455939624659
BASE,B1_EXPANDING_MEAN_SIGN,2023-10-01,9,0.01916123629484048,0.0,0.01916123629484048
BASE,B1_EXPANDING_MEAN_SIGN,2023-11-01,9,-0.03266205934911169,0.0,-0.03266205934911169
BASE,B1_EXPANDING_MEAN_SIGN,2023-12-01,9,-0.025117631341494844,0.0,-0.025117631341494844
BASE,B1_EXPANDING_MEAN_SIGN,2024-01-01,9,0.019218604307710694,0.0,0.019218604307710694
BASE,B1_EXPANDING_MEAN_SIGN,2024-02-01,9,0.006839668539988186,0.0,0.006839668539988186
BASE,B1_EXPANDING_MEAN_SIGN,2024-03-01,9,0.006080260508587688,0.0,0.006080260508587688
BASE,B1_EXPANDING_MEAN_SIGN,2024-04-01,9,0.014022381121442655,0.0,0.014022381121442655
BASE,B1_EXPANDING_MEAN_SIGN,2024-05-01,9,-0.02111927842314327,0.0,-0.02111927842314327
BASE,B1_EXPANDING_MEAN_SIGN,2024-06-01,9,0.008019111060883056,0.0,0.008019111060883056
BASE,B1_EXPANDING_MEAN_SIGN,2024-07-01,9,0.002062161997849415,0.0,0.002062161997849415
BASE,B1_EXPANDING_MEAN_SIGN,2024-08-01,9,-0.024003875946112405,0.0,-0.024003875946112405
BASE,B1_EXPANDING_MEAN_SIGN,2024-09-01,9,-0.013043107070186324,0.0,-0.013043107070186324
BASE,B1_EXPANDING_MEAN_SIGN,2024-10-01,9,0.024392654093647253,2.44075715773829e-05,0.02436824652206987
BASE,B1_EXPANDING_MEAN_SIGN,2024-11-01,9,0.0063186480880433014,2.611022056608823e-05,0.006292537867477213
BASE,B1_EXPANDING_MEAN_SIGN,2024-12-01,9,0.024486532873483187,0.0,0.024486532873483187
BASE,B2_ALWAYS_LONG,2011-02-01,9,0.010362550577749041,8.147328446582855e-05,0.010281077293283212
BASE,B2_ALWAYS_LONG,2011-03-01,9,0.009281698615346175,0.0,0.009281698615346175
BASE,B2_ALWAYS_LONG,2011-04-01,9,0.044315396653242134,0.0,0.044315396653242134
BASE,B2_ALWAYS_LONG,2011-05-01,9,-0.012885681151532546,0.0,-0.012885681151532546
BASE,B2_ALWAYS_LONG,2011-06-01,9,0.0003878949696818099,0.0,0.0003878949696818099
BASE,B2_ALWAYS_LONG,2011-07-01,9,0.024923182463362434,0.0,0.024923182463362434
BASE,B2_ALWAYS_LONG,2011-08-01,9,-0.009408315733925013,0.0,-0.009408315733925013
BASE,B2_ALWAYS_LONG,2011-09-01,9,-0.07091245269449631,0.0,-0.07091245269449631
BASE,B2_ALWAYS_LONG,2011-10-01,9,0.043575900023282745,0.0,0.043575900023282745
BASE,B2_ALWAYS_LONG,2011-11-01,9,-0.030833519569580185,0.0,-0.030833519569580185
BASE,B2_ALWAYS_LONG,2011-12-01,9,-0.012307327342687135,0.0,-0.012307327342687135
BASE,B2_ALWAYS_LONG,2012-01-01,9,0.01922919043303632,0.0,0.01922919043303632
BASE,B2_ALWAYS_LONG,2012-02-01,9,0.015729645213242667,0.0,0.015729645213242667
BASE,B2_ALWAYS_LONG,2012-03-01,9,-0.012800872232710758,0.0,-0.012800872232710758
BASE,B2_ALWAYS_LONG,2012-04-01,9,0.00287508673073981,0.0,0.00287508673073981
BASE,B2_ALWAYS_LONG,2012-05-01,9,-0.05417027987156791,0.0,-0.05417027987156791
BASE,B2_ALWAYS_LONG,2012-06-01,9,0.02761682480853209,0.0,0.02761682480853209
BASE,B2_ALWAYS_LONG,2012-07-01,9,0.0032012650686255276,0.0,0.0032012650686255276
BASE,B2_ALWAYS_LONG,2012-08-01,9,0.012079552701499272,0.0,0.012079552701499272
BASE,B2_ALWAYS_LONG,2012-09-01,9,0.01432888105721291,0.0,0.01432888105721291
BASE,B2_ALWAYS_LONG,2012-10-01,9,-0.0045794667530547,0.0,-0.0045794667530547
BASE,B2_ALWAYS_LONG,2012-11-01,9,-0.002414779846302833,0.0,-0.002414779846302833
BASE,B2_ALWAYS_LONG,2012-12-01,9,0.004002206773557411,0.0,0.004002206773557411
BASE,B2_ALWAYS_LONG,2013-01-01,9,0.0021494894636223424,0.0,0.0021494894636223424
BASE,B2_ALWAYS_LONG,2013-02-01,9,-0.02624157930477411,0.0,-0.02624157930477411
BASE,B2_ALWAYS_LONG,2013-03-01,9,-0.005964248601229966,0.0,-0.005964248601229966
BASE,B2_ALWAYS_LONG,2013-04-01,9,0.009773272462704145,0.0,0.009773272462704145
BASE,B2_ALWAYS_LONG,2013-05-01,9,-0.034939519480836165,0.0,-0.034939519480836165
BASE,B2_ALWAYS_LONG,2013-06-01,9,-0.012357325780947566,0.0,-0.012357325780947566
BASE,B2_ALWAYS_LONG,2013-07-01,9,0.01601621817755112,0.0,0.01601621817755112
BASE,B2_ALWAYS_LONG,2013-08-01,9,-0.010410979886920389,0.0,-0.010410979886920389
BASE,B2_ALWAYS_LONG,2013-09-01,9,0.0332621232199424,0.0,0.0332621232199424
BASE,B2_ALWAYS_LONG,2013-10-01,9,-0.000951877898803318,0.0,-0.000951877898803318
BASE,B2_ALWAYS_LONG,2013-11-01,9,-0.013776129718260414,0.0,-0.013776129718260414
BASE,B2_ALWAYS_LONG,2013-12-01,9,0.0028208348159274063,0.0,0.0028208348159274063
BASE,B2_ALWAYS_LONG,2014-01-01,9,-0.01629573174997308,0.0,-0.01629573174997308
BASE,B2_ALWAYS_LONG,2014-02-01,9,0.022262816401241354,0.0,0.022262816401241354
BASE,B2_ALWAYS_LONG,2014-03-01,9,0.005228882743245326,0.0,0.005228882743245326
BASE,B2_ALWAYS_LONG,2014-04-01,9,0.0039105494092500515,0.0,0.0039105494092500515
BASE,B2_ALWAYS_LONG,2014-05-01,9,-0.007648109632590574,0.0,-0.007648109632590574
BASE,B2_ALWAYS_LONG,2014-06-01,9,0.008002889277333194,0.0,0.008002889277333194
BASE,B2_ALWAYS_LONG,2014-07-01,9,-0.021613625866369206,0.0,-0.021613625866369206
BASE,B2_ALWAYS_LONG,2014-08-01,9,-0.006614894834133122,0.0,-0.006614894834133122
BASE,B2_ALWAYS_LONG,2014-09-01,9,-0.042690543243649993,0.0,-0.042690543243649993
BASE,B2_ALWAYS_LONG,2014-10-01,9,-0.013164631773159345,0.0,-0.013164631773159345
BASE,B2_ALWAYS_LONG,2014-11-01,9,-0.01949604790359062,0.0,-0.01949604790359062
BASE,B2_ALWAYS_LONG,2014-12-01,9,-0.026851460924379424,0.0,-0.026851460924379424
BASE,B2_ALWAYS_LONG,2015-01-01,9,-0.033366671608258916,0.0,-0.033366671608258916
BASE,B2_ALWAYS_LONG,2015-02-01,9,0.003967990604584217,0.0,0.003967990604584217
BASE,B2_ALWAYS_LONG,2015-03-01,9,-0.02596486811036706,0.0,-0.02596486811036706
BASE,B2_ALWAYS_LONG,2015-04-01,9,0.036161202147459354,0.0,0.036161202147459354
BASE,B2_ALWAYS_LONG,2015-05-01,9,-0.02782311341382673,0.0,-0.02782311341382673
BASE,B2_ALWAYS_LONG,2015-06-01,9,0.005982069119239585,0.0,0.005982069119239585
BASE,B2_ALWAYS_LONG,2015-07-01,9,-0.028793325118501127,0.0,-0.028793325118501127
BASE,B2_ALWAYS_LONG,2015-08-01,9,-0.006444831906326066,0.0,-0.006444831906326066
BASE,B2_ALWAYS_LONG,2015-09-01,9,-0.005783902895160644,0.0,-0.005783902895160644
BASE,B2_ALWAYS_LONG,2015-10-01,9,0.00922299878264992,0.0,0.00922299878264992
BASE,B2_ALWAYS_LONG,2015-11-01,9,-0.02398178065881952,0.0,-0.02398178065881952
BASE,B2_ALWAYS_LONG,2015-12-01,9,0.009235221570876664,0.0,0.009235221570876664
BASE,B2_ALWAYS_LONG,2016-01-01,9,-0.01830788776942982,0.0,-0.01830788776942982
BASE,B2_ALWAYS_LONG,2016-02-01,9,0.01764380749770274,0.0,0.01764380749770274
BASE,B2_ALWAYS_LONG,2016-03-01,9,0.04391237310164153,0.0,0.04391237310164153
BASE,B2_ALWAYS_LONG,2016-04-01,9,0.015562907394615818,0.0,0.015562907394615818
BASE,B2_ALWAYS_LONG,2016-05-01,9,-0.032584268805715695,0.0,-0.032584268805715695
BASE,B2_ALWAYS_LONG,2016-06-01,9,0.007648821206752945,0.0,0.007648821206752945
BASE,B2_ALWAYS_LONG,2016-07-01,9,0.0028861090787539612,0.0,0.0028861090787539612
BASE,B2_ALWAYS_LONG,2016-08-01,9,-0.0021866614229554392,0.0,-0.0021866614229554392
BASE,B2_ALWAYS_LONG,2016-09-01,9,0.00947558003097224,0.0,0.00947558003097224
BASE,B2_ALWAYS_LONG,2016-10-01,9,-0.029007672448586375,0.0,-0.029007672448586375
BASE,B2_ALWAYS_LONG,2016-11-01,9,-0.02456785156131258,0.0,-0.02456785156131258
BASE,B2_ALWAYS_LONG,2016-12-01,9,-0.00689507086891482,0.0,-0.00689507086891482
BASE,B2_ALWAYS_LONG,2017-01-01,9,0.03568539581036734,0.0,0.03568539581036734
BASE,B2_ALWAYS_LONG,2017-02-01,9,-0.010683695836689378,0.0,-0.010683695836689378
BASE,B2_ALWAYS_LONG,2017-03-01,9,-0.003082291747737356,0.0,-0.003082291747737356
BASE,B2_ALWAYS_LONG,2017-04-01,9,-0.0002761450880071194,0.0,-0.0002761450880071194
BASE,B2_ALWAYS_LONG,2017-05-01,9,0.014758170576491524,0.0,0.014758170576491524
BASE,B2_ALWAYS_LONG,2017-06-01,9,0.017716076481566565,0.0,0.017716076481566565
BASE,B2_ALWAYS_LONG,2017-07-01,9,0.029526725928092048,0.0,0.029526725928092048
BASE,B2_ALWAYS_LONG,2017-08-01,9,-0.0035229616831076913,0.0,-0.0035229616831076913
BASE,B2_ALWAYS_LONG,2017-09-01,9,-0.005003387460561738,0.0,-0.005003387460561738
BASE,B2_ALWAYS_LONG,2017-10-01,9,-0.024176136076906347,0.0,-0.024176136076906347
BASE,B2_ALWAYS_LONG,2017-11-01,9,0.00479457222754176,0.0,0.00479457222754176
BASE,B2_ALWAYS_LONG,2017-12-01,9,0.01692486427153359,0.0,0.01692486427153359
BASE,B2_ALWAYS_LONG,2018-01-01,9,0.038667479617333335,0.0,0.038667479617333335
BASE,B2_ALWAYS_LONG,2018-02-01,9,-0.02163716493247804,0.0,-0.02163716493247804
BASE,B2_ALWAYS_LONG,2018-03-01,9,-0.000345873669135768,0.0,-0.000345873669135768
BASE,B2_ALWAYS_LONG,2018-04-01,9,-0.023042534145912483,0.0,-0.023042534145912483
BASE,B2_ALWAYS_LONG,2018-05-01,9,-0.011697348338408594,0.0,-0.011697348338408594
BASE,B2_ALWAYS_LONG,2018-06-01,9,-0.012687256791968866,0.0,-0.012687256791968866
BASE,B2_ALWAYS_LONG,2018-07-01,9,0.0037093082106904257,0.0,0.0037093082106904257
BASE,B2_ALWAYS_LONG,2018-08-01,9,-0.014503536471580869,0.0,-0.014503536471580869
BASE,B2_ALWAYS_LONG,2018-09-01,9,0.006667912119096823,0.0,0.006667912119096823
BASE,B2_ALWAYS_LONG,2018-10-01,9,-0.0215807856130362,0.0,-0.0215807856130362
BASE,B2_ALWAYS_LONG,2018-11-01,9,0.007915761662608064,0.0,0.007915761662608064
BASE,B2_ALWAYS_LONG,2018-12-01,9,-0.0007362546442688892,0.0,-0.0007362546442688892
BASE,B2_ALWAYS_LONG,2019-01-01,9,0.015158227010348461,0.0,0.015158227010348461
BASE,B2_ALWAYS_LONG,2019-02-01,9,-0.011194993285796638,0.0,-0.011194993285796638
BASE,B2_ALWAYS_LONG,2019-03-01,9,-0.005771158607365767,0.0,-0.005771158607365767
BASE,B2_ALWAYS_LONG,2019-04-01,9,-0.00880569849027636,0.0,-0.00880569849027636
BASE,B2_ALWAYS_LONG,2019-05-01,9,-0.006274645515303163,0.0,-0.006274645515303163
BASE,B2_ALWAYS_LONG,2019-06-01,9,0.01920123687756741,0.0,0.01920123687756741
BASE,B2_ALWAYS_LONG,2019-07-01,9,-0.01965348538328672,0.0,-0.01965348538328672
BASE,B2_ALWAYS_LONG,2019-08-01,9,-0.014920385557207316,0.0,-0.014920385557207316
BASE,B2_ALWAYS_LONG,2019-09-01,9,-0.001982312503900241,0.0,-0.001982312503900241
BASE,B2_ALWAYS_LONG,2019-10-01,9,0.01636405424238062,0.0,0.01636405424238062
BASE,B2_ALWAYS_LONG,2019-11-01,9,-0.006751715216265287,0.0,-0.006751715216265287
BASE,B2_ALWAYS_LONG,2019-12-01,9,0.03053783862939204,0.0,0.03053783862939204
BASE,B2_ALWAYS_LONG,2020-01-01,9,-0.021915748520722103,0.0,-0.021915748520722103
BASE,B2_ALWAYS_LONG,2020-02-01,9,-0.016722386297920406,0.0,-0.016722386297920406
BASE,B2_ALWAYS_LONG,2020-03-01,9,-0.03542755037060351,0.0,-0.03542755037060351
BASE,B2_ALWAYS_LONG,2020-04-01,9,0.020449977400912478,0.0,0.020449977400912478
BASE,B2_ALWAYS_LONG,2020-05-01,9,0.012905919817513137,0.0,0.012905919817513137
BASE,B2_ALWAYS_LONG,2020-06-01,9,0.01655223320056794,0.0,0.01655223320056794
BASE,B2_ALWAYS_LONG,2020-07-01,9,0.04045681906134043,0.0,0.04045681906134043
BASE,B2_ALWAYS_LONG,2020-08-01,9,0.020773680420073968,0.0,0.020773680420073968
BASE,B2_ALWAYS_LONG,2020-09-01,9,-0.027039398810298057,0.0,-0.027039398810298057
BASE,B2_ALWAYS_LONG,2020-10-01,9,-0.002221891586956848,0.0,-0.002221891586956848
BASE,B2_ALWAYS_LONG,2020-11-01,9,0.034645320477121176,0.0,0.034645320477121176
BASE,B2_ALWAYS_LONG,2020-12-01,9,0.028144887711292223,0.0,0.028144887711292223
BASE,B2_ALWAYS_LONG,2021-01-01,9,-0.004791881933966402,0.0,-0.004791881933966402
BASE,B2_ALWAYS_LONG,2021-02-01,9,-0.003349716843843701,0.0,-0.003349716843843701
BASE,B2_ALWAYS_LONG,2021-03-01,9,-0.018261748422331317,0.0,-0.018261748422331317
BASE,B2_ALWAYS_LONG,2021-04-01,9,0.02080080782377025,0.0,0.02080080782377025
BASE,B2_ALWAYS_LONG,2021-05-01,9,0.01265878347199371,0.0,0.01265878347199371
BASE,B2_ALWAYS_LONG,2021-06-01,9,-0.029893911247891425,0.0,-0.029893911247891425
BASE,B2_ALWAYS_LONG,2021-07-01,9,-0.001576308813565112,0.0,-0.001576308813565112
BASE,B2_ALWAYS_LONG,2021-08-01,9,-0.002323583686246596,0.0,-0.002323583686246596
BASE,B2_ALWAYS_LONG,2021-09-01,9,-0.015297570609770538,0.0,-0.015297570609770538
BASE,B2_ALWAYS_LONG,2021-10-01,9,0.018444975989579344,0.0,0.018444975989579344
BASE,B2_ALWAYS_LONG,2021-11-01,9,-0.03467889607918414,0.0,-0.03467889607918414
BASE,B2_ALWAYS_LONG,2021-12-01,9,0.012033968967883717,0.0,0.012033968967883717
BASE,B2_ALWAYS_LONG,2022-01-01,9,-0.017571974306371165,0.0,-0.017571974306371165
BASE,B2_ALWAYS_LONG,2022-02-01,9,0.008238409502742485,0.0,0.008238409502742485
BASE,B2_ALWAYS_LONG,2022-03-01,9,-0.0006727397687530637,0.0,-0.0006727397687530637
BASE,B2_ALWAYS_LONG,2022-04-01,9,-0.05127322920462513,0.0,-0.05127322920462513
BASE,B2_ALWAYS_LONG,2022-05-01,9,0.009288878272660624,0.0,0.009288878272660624
BASE,B2_ALWAYS_LONG,2022-06-01,9,-0.03288475504710822,0.0,-0.03288475504710822
BASE,B2_ALWAYS_LONG,2022-07-01,9,0.003132712587978154,0.0,0.003132712587978154
BASE,B2_ALWAYS_LONG,2022-08-01,9,-0.02789288546501984,0.0,-0.02789288546501984
BASE,B2_ALWAYS_LONG,2022-09-01,9,-0.0489178925153391,0.0,-0.0489178925153391
BASE,B2_ALWAYS_LONG,2022-10-01,9,0.009231535917407909,0.0,0.009231535917407909
BASE,B2_ALWAYS_LONG,2022-11-01,9,0.04738334843681494,0.0,0.04738334843681494
BASE,B2_ALWAYS_LONG,2022-12-01,9,0.021133072180550147,0.0,0.021133072180550147
BASE,B2_ALWAYS_LONG,2023-01-01,9,0.011464202839113905,0.0,0.011464202839113905
BASE,B2_ALWAYS_LONG,2023-02-01,9,-0.026915235906924056,0.0,-0.026915235906924056
BASE,B2_ALWAYS_LONG,2023-03-01,9,0.012033630185263119,0.0,0.012033630185263119
BASE,B2_ALWAYS_LONG,2023-04-01,9,-0.00034760475609547155,0.0,-0.00034760475609547155
BASE,B2_ALWAYS_LONG,2023-05-01,9,-0.02980318957254084,0.0,-0.02980318957254084
BASE,B2_ALWAYS_LONG,2023-06-01,9,0.020515976654902283,0.0,0.020515976654902283
BASE,B2_ALWAYS_LONG,2023-07-01,9,0.019348946202443748,0.0,0.019348946202443748
BASE,B2_ALWAYS_LONG,2023-08-01,9,-0.029850030073028,0.0,-0.029850030073028
BASE,B2_ALWAYS_LONG,2023-09-01,9,-0.01260082889058377,0.0,-0.01260082889058377
BASE,B2_ALWAYS_LONG,2023-10-01,9,-0.01793959068934407,0.0,-0.01793959068934407
BASE,B2_ALWAYS_LONG,2023-11-01,9,0.042088248670087314,0.0,0.042088248670087314
BASE,B2_ALWAYS_LONG,2023-12-01,9,0.033565753250365954,0.0,0.033565753250365954
BASE,B2_ALWAYS_LONG,2024-01-01,9,-0.023937129467787328,0.0,-0.023937129467787328
BASE,B2_ALWAYS_LONG,2024-02-01,9,-0.013032841711121783,0.0,-0.013032841711121783
BASE,B2_ALWAYS_LONG,2024-03-01,9,-0.010704835537237285,0.0,-0.010704835537237285
BASE,B2_ALWAYS_LONG,2024-04-01,9,-0.01778530937700213,0.0,-0.01778530937700213
BASE,B2_ALWAYS_LONG,2024-05-01,9,0.02466924456561796,0.0,0.02466924456561796
BASE,B2_ALWAYS_LONG,2024-06-01,9,-0.006831940662976926,0.0,-0.006831940662976926
BASE,B2_ALWAYS_LONG,2024-07-01,9,0.002480737166824978,0.0,0.002480737166824978
BASE,B2_ALWAYS_LONG,2024-08-01,9,0.03175051437907666,0.0,0.03175051437907666
BASE,B2_ALWAYS_LONG,2024-09-01,9,0.014720707745963322,0.0,0.014720707745963322
BASE,B2_ALWAYS_LONG,2024-10-01,9,-0.044287174494394094,0.0,-0.044287174494394094
BASE,B2_ALWAYS_LONG,2024-11-01,9,-0.010527750555506834,0.0,-0.010527750555506834
BASE,B2_ALWAYS_LONG,2024-12-01,9,-0.030519726465604264,0.0,-0.030519726465604264
BASE,B2_ALWAYS_SHORT,2011-02-01,9,-0.010362550577749041,8.147328446582855e-05,-0.010444023862214871
BASE,B2_ALWAYS_SHORT,2011-03-01,9,-0.009281698615346175,0.0,-0.009281698615346175
BASE,B2_ALWAYS_SHORT,2011-04-01,9,-0.044315396653242134,0.0,-0.044315396653242134
BASE,B2_ALWAYS_SHORT,2011-05-01,9,0.012885681151532546,0.0,0.012885681151532546
BASE,B2_ALWAYS_SHORT,2011-06-01,9,-0.0003878949696818099,0.0,-0.0003878949696818099
BASE,B2_ALWAYS_SHORT,2011-07-01,9,-0.024923182463362434,0.0,-0.024923182463362434
BASE,B2_ALWAYS_SHORT,2011-08-01,9,0.009408315733925013,0.0,0.009408315733925013
BASE,B2_ALWAYS_SHORT,2011-09-01,9,0.07091245269449631,0.0,0.07091245269449631
BASE,B2_ALWAYS_SHORT,2011-10-01,9,-0.043575900023282745,0.0,-0.043575900023282745
BASE,B2_ALWAYS_SHORT,2011-11-01,9,0.030833519569580185,0.0,0.030833519569580185
BASE,B2_ALWAYS_SHORT,2011-12-01,9,0.012307327342687135,0.0,0.012307327342687135
BASE,B2_ALWAYS_SHORT,2012-01-01,9,-0.01922919043303632,0.0,-0.01922919043303632
BASE,B2_ALWAYS_SHORT,2012-02-01,9,-0.015729645213242667,0.0,-0.015729645213242667
BASE,B2_ALWAYS_SHORT,2012-03-01,9,0.012800872232710758,0.0,0.012800872232710758
BASE,B2_ALWAYS_SHORT,2012-04-01,9,-0.00287508673073981,0.0,-0.00287508673073981
BASE,B2_ALWAYS_SHORT,2012-05-01,9,0.05417027987156791,0.0,0.05417027987156791
BASE,B2_ALWAYS_SHORT,2012-06-01,9,-0.02761682480853209,0.0,-0.02761682480853209
BASE,B2_ALWAYS_SHORT,2012-07-01,9,-0.0032012650686255276,0.0,-0.0032012650686255276
BASE,B2_ALWAYS_SHORT,2012-08-01,9,-0.012079552701499272,0.0,-0.012079552701499272
BASE,B2_ALWAYS_SHORT,2012-09-01,9,-0.01432888105721291,0.0,-0.01432888105721291
BASE,B2_ALWAYS_SHORT,2012-10-01,9,0.0045794667530547,0.0,0.0045794667530547
BASE,B2_ALWAYS_SHORT,2012-11-01,9,0.002414779846302833,0.0,0.002414779846302833
BASE,B2_ALWAYS_SHORT,2012-12-01,9,-0.004002206773557411,0.0,-0.004002206773557411
BASE,B2_ALWAYS_SHORT,2013-01-01,9,-0.0021494894636223424,0.0,-0.0021494894636223424
BASE,B2_ALWAYS_SHORT,2013-02-01,9,0.02624157930477411,0.0,0.02624157930477411
BASE,B2_ALWAYS_SHORT,2013-03-01,9,0.005964248601229966,0.0,0.005964248601229966
BASE,B2_ALWAYS_SHORT,2013-04-01,9,-0.009773272462704145,0.0,-0.009773272462704145
BASE,B2_ALWAYS_SHORT,2013-05-01,9,0.034939519480836165,0.0,0.034939519480836165
BASE,B2_ALWAYS_SHORT,2013-06-01,9,0.012357325780947566,0.0,0.012357325780947566
BASE,B2_ALWAYS_SHORT,2013-07-01,9,-0.01601621817755112,0.0,-0.01601621817755112
BASE,B2_ALWAYS_SHORT,2013-08-01,9,0.010410979886920389,0.0,0.010410979886920389
BASE,B2_ALWAYS_SHORT,2013-09-01,9,-0.0332621232199424,0.0,-0.0332621232199424
BASE,B2_ALWAYS_SHORT,2013-10-01,9,0.000951877898803318,0.0,0.000951877898803318
BASE,B2_ALWAYS_SHORT,2013-11-01,9,0.013776129718260414,0.0,0.013776129718260414
BASE,B2_ALWAYS_SHORT,2013-12-01,9,-0.0028208348159274063,0.0,-0.0028208348159274063
BASE,B2_ALWAYS_SHORT,2014-01-01,9,0.01629573174997308,0.0,0.01629573174997308
BASE,B2_ALWAYS_SHORT,2014-02-01,9,-0.022262816401241354,0.0,-0.022262816401241354
BASE,B2_ALWAYS_SHORT,2014-03-01,9,-0.005228882743245326,0.0,-0.005228882743245326
BASE,B2_ALWAYS_SHORT,2014-04-01,9,-0.0039105494092500515,0.0,-0.0039105494092500515
BASE,B2_ALWAYS_SHORT,2014-05-01,9,0.007648109632590574,0.0,0.007648109632590574
BASE,B2_ALWAYS_SHORT,2014-06-01,9,-0.008002889277333194,0.0,-0.008002889277333194
BASE,B2_ALWAYS_SHORT,2014-07-01,9,0.021613625866369206,0.0,0.021613625866369206
BASE,B2_ALWAYS_SHORT,2014-08-01,9,0.006614894834133122,0.0,0.006614894834133122
BASE,B2_ALWAYS_SHORT,2014-09-01,9,0.042690543243649993,0.0,0.042690543243649993
BASE,B2_ALWAYS_SHORT,2014-10-01,9,0.013164631773159345,0.0,0.013164631773159345
BASE,B2_ALWAYS_SHORT,2014-11-01,9,0.01949604790359062,0.0,0.01949604790359062
BASE,B2_ALWAYS_SHORT,2014-12-01,9,0.026851460924379424,0.0,0.026851460924379424
BASE,B2_ALWAYS_SHORT,2015-01-01,9,0.033366671608258916,0.0,0.033366671608258916
BASE,B2_ALWAYS_SHORT,2015-02-01,9,-0.003967990604584217,0.0,-0.003967990604584217
BASE,B2_ALWAYS_SHORT,2015-03-01,9,0.02596486811036706,0.0,0.02596486811036706
BASE,B2_ALWAYS_SHORT,2015-04-01,9,-0.036161202147459354,0.0,-0.036161202147459354
BASE,B2_ALWAYS_SHORT,2015-05-01,9,0.02782311341382673,0.0,0.02782311341382673
BASE,B2_ALWAYS_SHORT,2015-06-01,9,-0.005982069119239585,0.0,-0.005982069119239585
BASE,B2_ALWAYS_SHORT,2015-07-01,9,0.028793325118501127,0.0,0.028793325118501127
BASE,B2_ALWAYS_SHORT,2015-08-01,9,0.006444831906326066,0.0,0.006444831906326066
BASE,B2_ALWAYS_SHORT,2015-09-01,9,0.005783902895160644,0.0,0.005783902895160644
BASE,B2_ALWAYS_SHORT,2015-10-01,9,-0.00922299878264992,0.0,-0.00922299878264992
BASE,B2_ALWAYS_SHORT,2015-11-01,9,0.02398178065881952,0.0,0.02398178065881952
BASE,B2_ALWAYS_SHORT,2015-12-01,9,-0.009235221570876664,0.0,-0.009235221570876664
BASE,B2_ALWAYS_SHORT,2016-01-01,9,0.01830788776942982,0.0,0.01830788776942982
BASE,B2_ALWAYS_SHORT,2016-02-01,9,-0.01764380749770274,0.0,-0.01764380749770274
BASE,B2_ALWAYS_SHORT,2016-03-01,9,-0.04391237310164153,0.0,-0.04391237310164153
BASE,B2_ALWAYS_SHORT,2016-04-01,9,-0.015562907394615818,0.0,-0.015562907394615818
BASE,B2_ALWAYS_SHORT,2016-05-01,9,0.032584268805715695,0.0,0.032584268805715695
BASE,B2_ALWAYS_SHORT,2016-06-01,9,-0.007648821206752945,0.0,-0.007648821206752945
BASE,B2_ALWAYS_SHORT,2016-07-01,9,-0.0028861090787539612,0.0,-0.0028861090787539612
BASE,B2_ALWAYS_SHORT,2016-08-01,9,0.0021866614229554392,0.0,0.0021866614229554392
BASE,B2_ALWAYS_SHORT,2016-09-01,9,-0.00947558003097224,0.0,-0.00947558003097224
BASE,B2_ALWAYS_SHORT,2016-10-01,9,0.029007672448586375,0.0,0.029007672448586375
BASE,B2_ALWAYS_SHORT,2016-11-01,9,0.02456785156131258,0.0,0.02456785156131258
BASE,B2_ALWAYS_SHORT,2016-12-01,9,0.00689507086891482,0.0,0.00689507086891482
BASE,B2_ALWAYS_SHORT,2017-01-01,9,-0.03568539581036734,0.0,-0.03568539581036734
BASE,B2_ALWAYS_SHORT,2017-02-01,9,0.010683695836689378,0.0,0.010683695836689378
BASE,B2_ALWAYS_SHORT,2017-03-01,9,0.003082291747737356,0.0,0.003082291747737356
BASE,B2_ALWAYS_SHORT,2017-04-01,9,0.0002761450880071194,0.0,0.0002761450880071194
BASE,B2_ALWAYS_SHORT,2017-05-01,9,-0.014758170576491524,0.0,-0.014758170576491524
BASE,B2_ALWAYS_SHORT,2017-06-01,9,-0.017716076481566565,0.0,-0.017716076481566565
BASE,B2_ALWAYS_SHORT,2017-07-01,9,-0.029526725928092048,0.0,-0.029526725928092048
BASE,B2_ALWAYS_SHORT,2017-08-01,9,0.0035229616831076913,0.0,0.0035229616831076913
BASE,B2_ALWAYS_SHORT,2017-09-01,9,0.005003387460561738,0.0,0.005003387460561738
BASE,B2_ALWAYS_SHORT,2017-10-01,9,0.024176136076906347,0.0,0.024176136076906347
BASE,B2_ALWAYS_SHORT,2017-11-01,9,-0.00479457222754176,0.0,-0.00479457222754176
BASE,B2_ALWAYS_SHORT,2017-12-01,9,-0.01692486427153359,0.0,-0.01692486427153359
BASE,B2_ALWAYS_SHORT,2018-01-01,9,-0.038667479617333335,0.0,-0.038667479617333335
BASE,B2_ALWAYS_SHORT,2018-02-01,9,0.02163716493247804,0.0,0.02163716493247804
BASE,B2_ALWAYS_SHORT,2018-03-01,9,0.000345873669135768,0.0,0.000345873669135768
BASE,B2_ALWAYS_SHORT,2018-04-01,9,0.023042534145912483,0.0,0.023042534145912483
BASE,B2_ALWAYS_SHORT,2018-05-01,9,0.011697348338408594,0.0,0.011697348338408594
BASE,B2_ALWAYS_SHORT,2018-06-01,9,0.012687256791968866,0.0,0.012687256791968866
BASE,B2_ALWAYS_SHORT,2018-07-01,9,-0.0037093082106904257,0.0,-0.0037093082106904257
BASE,B2_ALWAYS_SHORT,2018-08-01,9,0.014503536471580869,0.0,0.014503536471580869
BASE,B2_ALWAYS_SHORT,2018-09-01,9,-0.006667912119096823,0.0,-0.006667912119096823
BASE,B2_ALWAYS_SHORT,2018-10-01,9,0.0215807856130362,0.0,0.0215807856130362
BASE,B2_ALWAYS_SHORT,2018-11-01,9,-0.007915761662608064,0.0,-0.007915761662608064
BASE,B2_ALWAYS_SHORT,2018-12-01,9,0.0007362546442688892,0.0,0.0007362546442688892
BASE,B2_ALWAYS_SHORT,2019-01-01,9,-0.015158227010348461,0.0,-0.015158227010348461
BASE,B2_ALWAYS_SHORT,2019-02-01,9,0.011194993285796638,0.0,0.011194993285796638
BASE,B2_ALWAYS_SHORT,2019-03-01,9,0.005771158607365767,0.0,0.005771158607365767
BASE,B2_ALWAYS_SHORT,2019-04-01,9,0.00880569849027636,0.0,0.00880569849027636
BASE,B2_ALWAYS_SHORT,2019-05-01,9,0.006274645515303163,0.0,0.006274645515303163
BASE,B2_ALWAYS_SHORT,2019-06-01,9,-0.01920123687756741,0.0,-0.01920123687756741
BASE,B2_ALWAYS_SHORT,2019-07-01,9,0.01965348538328672,0.0,0.01965348538328672
BASE,B2_ALWAYS_SHORT,2019-08-01,9,0.014920385557207316,0.0,0.014920385557207316
BASE,B2_ALWAYS_SHORT,2019-09-01,9,0.001982312503900241,0.0,0.001982312503900241
BASE,B2_ALWAYS_SHORT,2019-10-01,9,-0.01636405424238062,0.0,-0.01636405424238062
BASE,B2_ALWAYS_SHORT,2019-11-01,9,0.006751715216265287,0.0,0.006751715216265287
BASE,B2_ALWAYS_SHORT,2019-12-01,9,-0.03053783862939204,0.0,-0.03053783862939204
BASE,B2_ALWAYS_SHORT,2020-01-01,9,0.021915748520722103,0.0,0.021915748520722103
BASE,B2_ALWAYS_SHORT,2020-02-01,9,0.016722386297920406,0.0,0.016722386297920406
BASE,B2_ALWAYS_SHORT,2020-03-01,9,0.03542755037060351,0.0,0.03542755037060351
BASE,B2_ALWAYS_SHORT,2020-04-01,9,-0.020449977400912478,0.0,-0.020449977400912478
BASE,B2_ALWAYS_SHORT,2020-05-01,9,-0.012905919817513137,0.0,-0.012905919817513137
BASE,B2_ALWAYS_SHORT,2020-06-01,9,-0.01655223320056794,0.0,-0.01655223320056794
BASE,B2_ALWAYS_SHORT,2020-07-01,9,-0.04045681906134043,0.0,-0.04045681906134043
BASE,B2_ALWAYS_SHORT,2020-08-01,9,-0.020773680420073968,0.0,-0.020773680420073968
BASE,B2_ALWAYS_SHORT,2020-09-01,9,0.027039398810298057,0.0,0.027039398810298057
BASE,B2_ALWAYS_SHORT,2020-10-01,9,0.002221891586956848,0.0,0.002221891586956848
BASE,B2_ALWAYS_SHORT,2020-11-01,9,-0.034645320477121176,0.0,-0.034645320477121176
BASE,B2_ALWAYS_SHORT,2020-12-01,9,-0.028144887711292223,0.0,-0.028144887711292223
BASE,B2_ALWAYS_SHORT,2021-01-01,9,0.004791881933966402,0.0,0.004791881933966402
BASE,B2_ALWAYS_SHORT,2021-02-01,9,0.003349716843843701,0.0,0.003349716843843701
BASE,B2_ALWAYS_SHORT,2021-03-01,9,0.018261748422331317,0.0,0.018261748422331317
BASE,B2_ALWAYS_SHORT,2021-04-01,9,-0.02080080782377025,0.0,-0.02080080782377025
BASE,B2_ALWAYS_SHORT,2021-05-01,9,-0.01265878347199371,0.0,-0.01265878347199371
BASE,B2_ALWAYS_SHORT,2021-06-01,9,0.029893911247891425,0.0,0.029893911247891425
BASE,B2_ALWAYS_SHORT,2021-07-01,9,0.001576308813565112,0.0,0.001576308813565112
BASE,B2_ALWAYS_SHORT,2021-08-01,9,0.002323583686246596,0.0,0.002323583686246596
BASE,B2_ALWAYS_SHORT,2021-09-01,9,0.015297570609770538,0.0,0.015297570609770538
BASE,B2_ALWAYS_SHORT,2021-10-01,9,-0.018444975989579344,0.0,-0.018444975989579344
BASE,B2_ALWAYS_SHORT,2021-11-01,9,0.03467889607918414,0.0,0.03467889607918414
BASE,B2_ALWAYS_SHORT,2021-12-01,9,-0.012033968967883717,0.0,-0.012033968967883717
BASE,B2_ALWAYS_SHORT,2022-01-01,9,0.017571974306371165,0.0,0.017571974306371165
BASE,B2_ALWAYS_SHORT,2022-02-01,9,-0.008238409502742485,0.0,-0.008238409502742485
BASE,B2_ALWAYS_SHORT,2022-03-01,9,0.0006727397687530637,0.0,0.0006727397687530637
BASE,B2_ALWAYS_SHORT,2022-04-01,9,0.05127322920462513,0.0,0.05127322920462513
BASE,B2_ALWAYS_SHORT,2022-05-01,9,-0.009288878272660624,0.0,-0.009288878272660624
BASE,B2_ALWAYS_SHORT,2022-06-01,9,0.03288475504710822,0.0,0.03288475504710822
BASE,B2_ALWAYS_SHORT,2022-07-01,9,-0.003132712587978154,0.0,-0.003132712587978154
BASE,B2_ALWAYS_SHORT,2022-08-01,9,0.02789288546501984,0.0,0.02789288546501984
BASE,B2_ALWAYS_SHORT,2022-09-01,9,0.0489178925153391,0.0,0.0489178925153391
BASE,B2_ALWAYS_SHORT,2022-10-01,9,-0.009231535917407909,0.0,-0.009231535917407909
BASE,B2_ALWAYS_SHORT,2022-11-01,9,-0.04738334843681494,0.0,-0.04738334843681494
BASE,B2_ALWAYS_SHORT,2022-12-01,9,-0.021133072180550147,0.0,-0.021133072180550147
BASE,B2_ALWAYS_SHORT,2023-01-01,9,-0.011464202839113905,0.0,-0.011464202839113905
BASE,B2_ALWAYS_SHORT,2023-02-01,9,0.026915235906924056,0.0,0.026915235906924056
BASE,B2_ALWAYS_SHORT,2023-03-01,9,-0.012033630185263119,0.0,-0.012033630185263119
BASE,B2_ALWAYS_SHORT,2023-04-01,9,0.00034760475609547155,0.0,0.00034760475609547155
BASE,B2_ALWAYS_SHORT,2023-05-01,9,0.02980318957254084,0.0,0.02980318957254084
BASE,B2_ALWAYS_SHORT,2023-06-01,9,-0.020515976654902283,0.0,-0.020515976654902283
BASE,B2_ALWAYS_SHORT,2023-07-01,9,-0.019348946202443748,0.0,-0.019348946202443748
BASE,B2_ALWAYS_SHORT,2023-08-01,9,0.029850030073028,0.0,0.029850030073028
BASE,B2_ALWAYS_SHORT,2023-09-01,9,0.01260082889058377,0.0,0.01260082889058377
BASE,B2_ALWAYS_SHORT,2023-10-01,9,0.01793959068934407,0.0,0.01793959068934407
BASE,B2_ALWAYS_SHORT,2023-11-01,9,-0.042088248670087314,0.0,-0.042088248670087314
BASE,B2_ALWAYS_SHORT,2023-12-01,9,-0.033565753250365954,0.0,-0.033565753250365954
BASE,B2_ALWAYS_SHORT,2024-01-01,9,0.023937129467787328,0.0,0.023937129467787328
BASE,B2_ALWAYS_SHORT,2024-02-01,9,0.013032841711121783,0.0,0.013032841711121783
BASE,B2_ALWAYS_SHORT,2024-03-01,9,0.010704835537237285,0.0,0.010704835537237285
BASE,B2_ALWAYS_SHORT,2024-04-01,9,0.01778530937700213,0.0,0.01778530937700213
BASE,B2_ALWAYS_SHORT,2024-05-01,9,-0.02466924456561796,0.0,-0.02466924456561796
BASE,B2_ALWAYS_SHORT,2024-06-01,9,0.006831940662976926,0.0,0.006831940662976926
BASE,B2_ALWAYS_SHORT,2024-07-01,9,-0.002480737166824978,0.0,-0.002480737166824978
BASE,B2_ALWAYS_SHORT,2024-08-01,9,-0.03175051437907666,0.0,-0.03175051437907666
BASE,B2_ALWAYS_SHORT,2024-09-01,9,-0.014720707745963322,0.0,-0.014720707745963322
BASE,B2_ALWAYS_SHORT,2024-10-01,9,0.044287174494394094,0.0,0.044287174494394094
BASE,B2_ALWAYS_SHORT,2024-11-01,9,0.010527750555506834,0.0,0.010527750555506834
BASE,B2_ALWAYS_SHORT,2024-12-01,9,0.030519726465604264,0.0,0.030519726465604264
BASE,TSMOM_12M_SPOT_PRICE,2011-02-01,9,0.009101125751012728,8.147328446582855e-05,0.009019652466546898
BASE,TSMOM_12M_SPOT_PRICE,2011-03-01,9,0.009281698615346175,8.055908001530623e-06,0.009273642707344643
BASE,TSMOM_12M_SPOT_PRICE,2011-04-01,9,0.044315396653242134,0.0,0.044315396653242134
BASE,TSMOM_12M_SPOT_PRICE,2011-05-01,9,-0.012885681151532546,0.0,-0.012885681151532546
BASE,TSMOM_12M_SPOT_PRICE,2011-06-01,9,0.0003878949696818099,0.0,0.0003878949696818099
BASE,TSMOM_12M_SPOT_PRICE,2011-07-01,9,0.024923182463362434,0.0,0.024923182463362434
BASE,TSMOM_12M_SPOT_PRICE,2011-08-01,9,-0.009408315733925013,0.0,-0.009408315733925013
BASE,TSMOM_12M_SPOT_PRICE,2011-09-01,9,-0.07091245269449631,0.0,-0.07091245269449631
BASE,TSMOM_12M_SPOT_PRICE,2011-10-01,9,0.007244723043447155,6.375111280027813e-05,0.007180971930646878
BASE,TSMOM_12M_SPOT_PRICE,2011-11-01,9,-0.030833519569580185,6.482675870730126e-05,-0.030898346328287488
BASE,TSMOM_12M_SPOT_PRICE,2011-12-01,9,-0.012307327342687135,0.0,-0.012307327342687135
BASE,TSMOM_12M_SPOT_PRICE,2012-01-01,9,0.002784920642427154,0.00011527436128902984,0.002669646281138124
BASE,TSMOM_12M_SPOT_PRICE,2012-02-01,9,-0.016129066793019745,1.3802835994902801e-05,-0.016142869629014647
BASE,TSMOM_12M_SPOT_PRICE,2012-03-01,9,-0.009252721724680169,3.966682621156211e-05,-0.00929238855089173
BASE,TSMOM_12M_SPOT_PRICE,2012-04-01,9,0.003727595827356625,3.900246870212621e-05,0.003688593358654499
BASE,TSMOM_12M_SPOT_PRICE,2012-05-01,9,0.04100066691580338,2.5623809879726594e-05,0.040975043105923654
BASE,TSMOM_12M_SPOT_PRICE,2012-06-01,9,-0.031544478567962275,2.0623872131992783e-05,-0.03156510244009427
BASE,TSMOM_12M_SPOT_PRICE,2012-07-01,9,0.0015440223504614467,0.0,0.0015440223504614467
BASE,TSMOM_12M_SPOT_PRICE,2012-08-01,9,-0.012079552701499272,1.3465865783875406e-05,-0.012093018567283146
BASE,TSMOM_12M_SPOT_PRICE,2012-09-01,9,-0.01432888105721291,0.0,-0.01432888105721291
BASE,TSMOM_12M_SPOT_PRICE,2012-10-01,9,-0.0027948908145328057,0.00012587393657990782,-0.002920764751112714
BASE,TSMOM_12M_SPOT_PRICE,2012-11-01,9,0.0019118922984474225,0.00010694090199061309,0.0018049513964568094
BASE,TSMOM_12M_SPOT_PRICE,2012-12-01,9,0.008903325963699952,0.00010702203499512082,0.008796303928704832
BASE,TSMOM_12M_SPOT_PRICE,2013-01-01,9,0.013430874144356373,2.2272633172856437e-05,0.013408601511183517
BASE,TSMOM_12M_SPOT_PRICE,2013-02-01,9,-0.019564550281236666,1.1715244995060962e-05,-0.019576265526231724
BASE,TSMOM_12M_SPOT_PRICE,2013-03-01,9,0.0033413493327115245,0.00010179799880854354,0.003239551333902981
BASE,TSMOM_12M_SPOT_PRICE,2013-04-01,9,-0.003437550180460522,3.0345372724775975e-05,-0.003467895553185298
BASE,TSMOM_12M_SPOT_PRICE,2013-05-01,9,0.01399857908977119,1.1790341994947304e-05,0.013986788747776242
BASE,TSMOM_12M_SPOT_PRICE,2013-06-01,9,-0.001351752648090633,6.014247123186223e-05,-0.001411895119322495
BASE,TSMOM_12M_SPOT_PRICE,2013-07-01,9,-0.0009869714507300367,5.712169886930213e-05,-0.0010440931495993384
BASE,TSMOM_12M_SPOT_PRICE,2013-08-01,9,-0.0021494993828916004,3.780126552753802e-05,-0.002187300648419139
BASE,TSMOM_12M_SPOT_PRICE,2013-09-01,9,-0.021207368095381582,7.136120877818603e-05,-0.021278729304159767
BASE,TSMOM_12M_SPOT_PRICE,2013-10-01,9,-0.003432921267593561,6.241627150788516e-05,-0.003495337539101446
BASE,TSMOM_12M_SPOT_PRICE,2013-11-01,9,0.008488050290908378,8.307036371320373e-06,0.008479743254537058
BASE,TSMOM_12M_SPOT_PRICE,2013-12-01,9,0.01052092732426952,2.7219897077247526e-05,0.010493707427192273
BASE,TSMOM_12M_SPOT_PRICE,2014-01-01,9,0.002593557026853377,0.0,0.002593557026853377
BASE,TSMOM_12M_SPOT_PRICE,2014-02-01,9,-0.012121568883247792,4.3175097322307764e-05,-0.0121647439805701
BASE,TSMOM_12M_SPOT_PRICE,2014-03-01,9,-0.0021296246463823453,6.209612462150669e-05,-0.002191720771003852
BASE,TSMOM_12M_SPOT_PRICE,2014-04-01,9,-0.0015845945444368976,0.0,-0.0015845945444368976
BASE,TSMOM_12M_SPOT_PRICE,2014-05-01,9,-0.0036843996320504724,3.511634439622605e-05,-0.0037195159764466987
BASE,TSMOM_12M_SPOT_PRICE,2014-06-01,9,0.005764609563298162,0.0,0.005764609563298162
BASE,TSMOM_12M_SPOT_PRICE,2014-07-01,9,-0.007958902623469828,4.7324457482078414e-05,-0.008006227080951906
BASE,TSMOM_12M_SPOT_PRICE,2014-08-01,9,-0.005544755539017405,3.35545715264542e-05,-0.005578310110543858
BASE,TSMOM_12M_SPOT_PRICE,2014-09-01,9,-0.00037589867078453084,8.452921033656996e-06,-0.0003843515918181882
BASE,TSMOM_12M_SPOT_PRICE,2014-10-01,9,0.010091475444313817,4.755468152482005e-05,0.010043920762788998
BASE,TSMOM_12M_SPOT_PRICE,2014-11-01,9,0.01949604790359062,8.335938314056476e-06,0.01948771196527656
BASE,TSMOM_12M_SPOT_PRICE,2014-12-01,9,0.026851460924379424,0.0,0.026851460924379424
BASE,TSMOM_12M_SPOT_PRICE,2015-01-01,9,0.033366671608258916,0.0,0.033366671608258916
BASE,TSMOM_12M_SPOT_PRICE,2015-02-01,9,-0.003967990604584217,0.0,-0.003967990604584217
BASE,TSMOM_12M_SPOT_PRICE,2015-03-01,9,0.02596486811036706,0.0,0.02596486811036706
BASE,TSMOM_12M_SPOT_PRICE,2015-04-01,9,-0.036161202147459354,0.0,-0.036161202147459354
BASE,TSMOM_12M_SPOT_PRICE,2015-05-01,9,0.02782311341382673,0.0,0.02782311341382673
BASE,TSMOM_12M_SPOT_PRICE,2015-06-01,9,-0.005982069119239585,0.0,-0.005982069119239585
BASE,TSMOM_12M_SPOT_PRICE,2015-07-01,9,0.028793325118501127,0.0,0.028793325118501127
BASE,TSMOM_12M_SPOT_PRICE,2015-08-01,9,0.006444831906326066,0.0,0.006444831906326066
BASE,TSMOM_12M_SPOT_PRICE,2015-09-01,9,0.005783902895160644,0.0,0.005783902895160644
BASE,TSMOM_12M_SPOT_PRICE,2015-10-01,9,-0.00922299878264992,0.0,-0.00922299878264992
BASE,TSMOM_12M_SPOT_PRICE,2015-11-01,9,0.02398178065881952,0.0,0.02398178065881952
BASE,TSMOM_12M_SPOT_PRICE,2015-12-01,9,-0.009235221570876664,0.0,-0.009235221570876664
BASE,TSMOM_12M_SPOT_PRICE,2016-01-01,9,0.01830788776942982,0.0,0.01830788776942982
BASE,TSMOM_12M_SPOT_PRICE,2016-02-01,9,-0.01764380749770274,0.0,-0.01764380749770274
BASE,TSMOM_12M_SPOT_PRICE,2016-03-01,9,-0.04310349499779403,1.1714014676259275e-05,-0.04311520901247028
BASE,TSMOM_12M_SPOT_PRICE,2016-04-01,9,-0.002870085152913562,6.897554032195989e-05,-0.002939060693235522
BASE,TSMOM_12M_SPOT_PRICE,2016-05-01,9,0.011206157144817985,2.9644020973197598e-05,0.011176513123844788
BASE,TSMOM_12M_SPOT_PRICE,2016-06-01,9,0.0032662206215066597,0.0,0.0032662206215066597
BASE,TSMOM_12M_SPOT_PRICE,2016-07-01,9,0.001555858004866252,6.061856487150604e-05,0.001495239439994746
BASE,TSMOM_12M_SPOT_PRICE,2016-08-01,9,8.573266228216624e-05,5.459716744899808e-05,3.113549483316816e-05
BASE,TSMOM_12M_SPOT_PRICE,2016-09-01,9,-0.0002101131308975083,5.0514446567140815e-05,-0.0002606275774646491
BASE,TSMOM_12M_SPOT_PRICE,2016-10-01,9,-0.005283837996781695,5.339059134271603e-05,-0.0053372285881244114
BASE,TSMOM_12M_SPOT_PRICE,2016-11-01,9,-0.009100838197803766,3.5446351985448545e-05,-0.009136284549789216
BASE,TSMOM_12M_SPOT_PRICE,2016-12-01,9,-0.008574024024394247,2.3734953920320186e-05,-0.008597758978314567
BASE,TSMOM_12M_SPOT_PRICE,2017-01-01,9,0.0008983296333350635,5.259821246782967e-05,0.0008457314208672338
BASE,TSMOM_12M_SPOT_PRICE,2017-02-01,9,0.002053652308818204,2.9515677697384587e-05,0.00202413663112082
BASE,TSMOM_12M_SPOT_PRICE,2017-03-01,9,-0.009322467609690823,1.332075078460783e-05,-0.009335788360475432
BASE,TSMOM_12M_SPOT_PRICE,2017-04-01,9,-0.004663038860016239,5.645174066722645e-05,-0.0047194906006834654
BASE,TSMOM_12M_SPOT_PRICE,2017-05-01,9,-0.014758170576491524,3.4425601868834634e-05,-0.014792596178360358
BASE,TSMOM_12M_SPOT_PRICE,2017-06-01,9,-0.001173740428846437,7.355007358690758e-05,-0.0012472905024333444
BASE,TSMOM_12M_SPOT_PRICE,2017-07-01,9,0.013566098056737388,6.955775083601032e-05,0.013496540305901378
BASE,TSMOM_12M_SPOT_PRICE,2017-08-01,9,0.0009304325082901194,1.2226403930806068e-05,0.0009182061043593134
BASE,TSMOM_12M_SPOT_PRICE,2017-09-01,9,-0.01055244519198807,2.1710626809057366e-05,-0.010574155818797127
BASE,TSMOM_12M_SPOT_PRICE,2017-10-01,9,-0.010122928976130714,9.954260174498182e-06,-0.010132883236305212
BASE,TSMOM_12M_SPOT_PRICE,2017-11-01,9,-0.0014494327635383225,1.3349239857571144e-05,-0.0014627820033958937
BASE,TSMOM_12M_SPOT_PRICE,2017-12-01,9,0.008810016956230725,2.516025025262559e-05,0.0087848567059781
BASE,TSMOM_12M_SPOT_PRICE,2018-01-01,9,0.038667479617333335,2.1912319419010505e-05,0.038645567297914324
BASE,TSMOM_12M_SPOT_PRICE,2018-02-01,9,-0.02163716493247804,0.0,-0.02163716493247804
BASE,TSMOM_12M_SPOT_PRICE,2018-03-01,9,-0.0006164769992480501,2.1525264895291118e-05,-0.0006380022641433412
BASE,TSMOM_12M_SPOT_PRICE,2018-04-01,9,-0.023042534145912483,2.1499085137144966e-05,-0.02306403323104963
BASE,TSMOM_12M_SPOT_PRICE,2018-05-01,9,-0.011697348338408594,0.0,-0.011697348338408594
BASE,TSMOM_12M_SPOT_PRICE,2018-06-01,9,-0.0005097217818961713,6.357630928469469e-05,-0.0005732980911808659
BASE,TSMOM_12M_SPOT_PRICE,2018-07-01,9,-0.006098123752174358,2.8534491302128068e-05,-0.0061266582434764865
BASE,TSMOM_12M_SPOT_PRICE,2018-08-01,9,0.014503536471580869,6.099773099004492e-05,0.014442538740590824
BASE,TSMOM_12M_SPOT_PRICE,2018-09-01,9,-0.005249797114599892,1.0288621556205453e-05,-0.005260085736156097
BASE,TSMOM_12M_SPOT_PRICE,2018-10-01,9,0.0215807856130362,1.022338087205439e-05,0.021570562232164147
BASE,TSMOM_12M_SPOT_PRICE,2018-11-01,9,-0.009114566576436008,1.1713474398539462e-05,-0.009126280050834547
BASE,TSMOM_12M_SPOT_PRICE,2018-12-01,9,-0.004726703607390618,3.4306499314418405e-05,-0.004761010106705036
BASE,TSMOM_12M_SPOT_PRICE,2019-01-01,9,-0.013393140703344852,3.5013284474270365e-05,-0.013428153987819123
BASE,TSMOM_12M_SPOT_PRICE,2019-02-01,9,0.006114562272124406,0.0,0.006114562272124406
BASE,TSMOM_12M_SPOT_PRICE,2019-03-01,9,0.005771158607365767,1.176790620006105e-05,0.005759390701165706
BASE,TSMOM_12M_SPOT_PRICE,2019-04-01,9,0.00880569849027636,0.0,0.00880569849027636
BASE,TSMOM_12M_SPOT_PRICE,2019-05-01,9,0.006274645515303163,0.0,0.006274645515303163
BASE,TSMOM_12M_SPOT_PRICE,2019-06-01,9,-0.017885002235569287,1.187319065938707e-05,-0.017896875426228677
BASE,TSMOM_12M_SPOT_PRICE,2019-07-01,9,0.014324047996669606,2.5485595782340255e-05,0.014298562400887263
BASE,TSMOM_12M_SPOT_PRICE,2019-08-01,9,0.019580549305395496,2.5392501740583414e-05,0.01955515680365491
BASE,TSMOM_12M_SPOT_PRICE,2019-09-01,9,-0.0016814758388622824,0.0,-0.0016814758388622824
BASE,TSMOM_12M_SPOT_PRICE,2019-10-01,9,-0.016076003068032016,0.0,-0.016076003068032016
BASE,TSMOM_12M_SPOT_PRICE,2019-11-01,9,0.0006035296764052259,2.370777208925429e-05,0.0005798219043159716
BASE,TSMOM_12M_SPOT_PRICE,2019-12-01,9,-0.023224344356652018,1.3332694517908216e-05,-0.023237677051169928
BASE,TSMOM_12M_SPOT_PRICE,2020-01-01,9,0.00819998977584683,4.8646040421962e-05,0.00815134373542487
BASE,TSMOM_12M_SPOT_PRICE,2020-02-01,9,0.009819983383253357,3.604061118586348e-05,0.009783942772067492
BASE,TSMOM_12M_SPOT_PRICE,2020-03-01,9,0.03650053251559288,1.0435785351548995e-05,0.03649009673024133
BASE,TSMOM_12M_SPOT_PRICE,2020-04-01,9,-0.018801158029432583,0.0,-0.018801158029432583
BASE,TSMOM_12M_SPOT_PRICE,2020-05-01,9,-0.01365778103098673,0.0,-0.01365778103098673
BASE,TSMOM_12M_SPOT_PRICE,2020-06-01,9,-0.010287566606450582,2.6634709470958764e-05,-0.010314201315921541
BASE,TSMOM_12M_SPOT_PRICE,2020-07-01,9,-0.028032124327042027,2.6875760935266433e-05,-0.028059000087977293
BASE,TSMOM_12M_SPOT_PRICE,2020-08-01,9,0.00456792554069738,8.819446946770282e-05,0.004479731071229676
BASE,TSMOM_12M_SPOT_PRICE,2020-09-01,9,-0.027039398810298057,4.020453949732187e-05,-0.02707960334979538
BASE,TSMOM_12M_SPOT_PRICE,2020-10-01,9,0.0021255224310454558,3.8736626326924755e-05,0.002086785804718531
BASE,TSMOM_12M_SPOT_PRICE,2020-11-01,9,0.012485261404330015,0.0,0.012485261404330015
BASE,TSMOM_12M_SPOT_PRICE,2020-12-01,9,0.028144887711292223,3.9856967686466276e-05,0.028105030743605756
BASE,TSMOM_12M_SPOT_PRICE,2021-01-01,9,-0.004791881933966402,0.0,-0.004791881933966402
BASE,TSMOM_12M_SPOT_PRICE,2021-02-01,9,-0.003349716843843701,0.0,-0.003349716843843701
BASE,TSMOM_12M_SPOT_PRICE,2021-03-01,9,-0.018261748422331317,0.0,-0.018261748422331317
BASE,TSMOM_12M_SPOT_PRICE,2021-04-01,9,0.01814559962068136,1.1795935834034e-05,0.018133803684847325
BASE,TSMOM_12M_SPOT_PRICE,2021-05-01,9,0.01302211057396279,0.0,0.01302211057396279
BASE,TSMOM_12M_SPOT_PRICE,2021-06-01,9,-0.026678285808743527,0.0,-0.026678285808743527
BASE,TSMOM_12M_SPOT_PRICE,2021-07-01,9,-0.004210678892464613,0.0,-0.004210678892464613
BASE,TSMOM_12M_SPOT_PRICE,2021-08-01,9,-0.0019598415067034747,0.0,-0.0019598415067034747
BASE,TSMOM_12M_SPOT_PRICE,2021-09-01,9,-0.0005978838228380597,3.9970746333144366e-05,-0.000637854569171204
BASE,TSMOM_12M_SPOT_PRICE,2021-10-01,9,0.02004264831840694,1.6944714019440205e-05,0.0200257036043875
BASE,TSMOM_12M_SPOT_PRICE,2021-11-01,9,-0.030397674527386953,0.0,-0.030397674527386953
BASE,TSMOM_12M_SPOT_PRICE,2021-12-01,9,-0.009295384383243756,0.0001048522412561304,-0.009400236624499887
BASE,TSMOM_12M_SPOT_PRICE,2022-01-01,9,0.016856929662029244,0.0,0.016856929662029244
BASE,TSMOM_12M_SPOT_PRICE,2022-02-01,9,-0.00764782938721515,0.0,-0.00764782938721515
BASE,TSMOM_12M_SPOT_PRICE,2022-03-01,9,0.0038647769445034033,0.0,0.0038647769445034033
BASE,TSMOM_12M_SPOT_PRICE,2022-04-01,9,0.03405665193410585,1.3801790698080689e-05,0.03404285014340777
BASE,TSMOM_12M_SPOT_PRICE,2022-05-01,9,-0.009288878272660624,2.560454885612185e-05,-0.009314482821516744
BASE,TSMOM_12M_SPOT_PRICE,2022-06-01,9,0.03288475504710822,0.0,0.03288475504710822
BASE,TSMOM_12M_SPOT_PRICE,2022-07-01,9,-0.003132712587978154,0.0,-0.003132712587978154
BASE,TSMOM_12M_SPOT_PRICE,2022-08-01,9,0.02789288546501984,0.0,0.02789288546501984
BASE,TSMOM_12M_SPOT_PRICE,2022-09-01,9,0.0489178925153391,0.0,0.0489178925153391
BASE,TSMOM_12M_SPOT_PRICE,2022-10-01,9,-0.009231535917407909,0.0,-0.009231535917407909
BASE,TSMOM_12M_SPOT_PRICE,2022-11-01,9,-0.04738334843681494,0.0,-0.04738334843681494
BASE,TSMOM_12M_SPOT_PRICE,2022-12-01,9,-0.021133072180550147,0.0,-0.021133072180550147
BASE,TSMOM_12M_SPOT_PRICE,2023-01-01,9,-0.011464202839113905,0.0,-0.011464202839113905
BASE,TSMOM_12M_SPOT_PRICE,2023-02-01,9,0.022398249514167825,1.3825397948526285e-05,0.022384424116219298
BASE,TSMOM_12M_SPOT_PRICE,2023-03-01,9,-0.012033630185263119,1.3702471367437057e-05,-0.012047332656630556
BASE,TSMOM_12M_SPOT_PRICE,2023-04-01,9,0.005715934970044165,1.3857230140708924e-05,0.005702077739903456
BASE,TSMOM_12M_SPOT_PRICE,2023-05-01,9,0.016524489782611278,1.0072714929072978e-05,0.016514417067682207
BASE,TSMOM_12M_SPOT_PRICE,2023-06-01,9,-0.015650503631081558,1.0444835081276485e-05,-0.015660948466162835
BASE,TSMOM_12M_SPOT_PRICE,2023-07-01,9,-0.00859692181403562,2.0661989598599075e-05,-0.00861758380363422
BASE,TSMOM_12M_SPOT_PRICE,2023-08-01,9,0.01968752354331809,0.0,0.01968752354331809
BASE,TSMOM_12M_SPOT_PRICE,2023-09-01,9,-0.008452869395933593,0.0,-0.008452869395933593
BASE,TSMOM_12M_SPOT_PRICE,2023-10-01,9,-0.014577791929254569,0.00010528498783120146,-0.01468307691708577
BASE,TSMOM_12M_SPOT_PRICE,2023-11-01,9,-0.016297734541553685,0.00010521506663766361,-0.016402949608191348
BASE,TSMOM_12M_SPOT_PRICE,2023-12-01,9,-0.011553023886564602,2.4805354576938148e-05,-0.01157782924114154
BASE,TSMOM_12M_SPOT_PRICE,2024-01-01,9,-0.0019344710406400524,2.9887837484959563e-05,-0.0019643588781250118
BASE,TSMOM_12M_SPOT_PRICE,2024-02-01,9,0.0047247233299048735,4.0686502732498334e-05,0.004684036827172376
BASE,TSMOM_12M_SPOT_PRICE,2024-03-01,9,-0.0007182221376392794,2.2154371981022243e-05,-0.0007403765096203017
BASE,TSMOM_12M_SPOT_PRICE,2024-04-01,9,0.011881788248481974,4.658055845749144e-05,0.011835207690024482
BASE,TSMOM_12M_SPOT_PRICE,2024-05-01,9,-0.02466924456561796,2.449187824871267e-05,-0.02469373644386667
BASE,TSMOM_12M_SPOT_PRICE,2024-06-01,9,-0.0012318351764202757,0.0001277580917181123,-0.001359593268138388
BASE,TSMOM_12M_SPOT_PRICE,2024-07-01,9,-0.014937265306794931,6.039667894251604e-05,-0.014997661985737447
BASE,TSMOM_12M_SPOT_PRICE,2024-08-01,9,-0.03175051437907666,6.71297981047344e-05,-0.031817644177181394
BASE,TSMOM_12M_SPOT_PRICE,2024-09-01,9,0.009893283504421337,0.00013902370985685288,0.009754259794564485
BASE,TSMOM_12M_SPOT_PRICE,2024-10-01,9,-0.044287174494394094,1.0883229203665207e-05,-0.04429805772359777
BASE,TSMOM_12M_SPOT_PRICE,2024-11-01,9,-0.012153513899633768,2.2459158386161414e-05,-0.012175973058019929
BASE,TSMOM_12M_SPOT_PRICE,2024-12-01,9,0.027427071521097492,0.0001175894801683608,0.02730948204092913
FAVORABLE,B0_CASH,2011-02-01,9,0.0,0.0,0.0
FAVORABLE,B0_CASH,2011-03-01,9,0.0,0.0,0.0
FAVORABLE,B0_CASH,2011-04-01,9,0.0,0.0,0.0
FAVORABLE,B0_CASH,2011-05-01,9,0.0,0.0,0.0
FAVORABLE,B0_CASH,2011-06-01,9,0.0,0.0,0.0
FAVORABLE,B0_CASH,2011-07-01,9,0.0,0.0,0.0
FAVORABLE,B0_CASH,2011-08-01,9,0.0,0.0,0.0
FAVORABLE,B0_CASH,2011-09-01,9,0.0,0.0,0.0
FAVORABLE,B0_CASH,2011-10-01,9,0.0,0.0,0.0
FAVORABLE,B0_CASH,2011-11-01,9,0.0,0.0,0.0
FAVORABLE,B0_CASH,2011-12-01,9,0.0,0.0,0.0
FAVORABLE,B0_CASH,2012-01-01,9,0.0,0.0,0.0
FAVORABLE,B0_CASH,2012-02-01,9,0.0,0.0,0.0
FAVORABLE,B0_CASH,2012-03-01,9,0.0,0.0,0.0
FAVORABLE,B0_CASH,2012-04-01,9,0.0,0.0,0.0
FAVORABLE,B0_CASH,2012-05-01,9,0.0,0.0,0.0
FAVORABLE,B0_CASH,2012-06-01,9,0.0,0.0,0.0
FAVORABLE,B0_CASH,2012-07-01,9,0.0,0.0,0.0
FAVORABLE,B0_CASH,2012-08-01,9,0.0,0.0,0.0
FAVORABLE,B0_CASH,2012-09-01,9,0.0,0.0,0.0
FAVORABLE,B0_CASH,2012-10-01,9,0.0,0.0,0.0
FAVORABLE,B0_CASH,2012-11-01,9,0.0,0.0,0.0
FAVORABLE,B0_CASH,2012-12-01,9,0.0,0.0,0.0
FAVORABLE,B0_CASH,2013-01-01,9,0.0,0.0,0.0
FAVORABLE,B0_CASH,2013-02-01,9,0.0,0.0,0.0
FAVORABLE,B0_CASH,2013-03-01,9,0.0,0.0,0.0
FAVORABLE,B0_CASH,2013-04-01,9,0.0,0.0,0.0
FAVORABLE,B0_CASH,2013-05-01,9,0.0,0.0,0.0
FAVORABLE,B0_CASH,2013-06-01,9,0.0,0.0,0.0
FAVORABLE,B0_CASH,2013-07-01,9,0.0,0.0,0.0
FAVORABLE,B0_CASH,2013-08-01,9,0.0,0.0,0.0
FAVORABLE,B0_CASH,2013-09-01,9,0.0,0.0,0.0
FAVORABLE,B0_CASH,2013-10-01,9,0.0,0.0,0.0
FAVORABLE,B0_CASH,2013-11-01,9,0.0,0.0,0.0
FAVORABLE,B0_CASH,2013-12-01,9,0.0,0.0,0.0
FAVORABLE,B0_CASH,2014-01-01,9,0.0,0.0,0.0
FAVORABLE,B0_CASH,2014-02-01,9,0.0,0.0,0.0
FAVORABLE,B0_CASH,2014-03-01,9,0.0,0.0,0.0
FAVORABLE,B0_CASH,2014-04-01,9,0.0,0.0,0.0
FAVORABLE,B0_CASH,2014-05-01,9,0.0,0.0,0.0
FAVORABLE,B0_CASH,2014-06-01,9,0.0,0.0,0.0
FAVORABLE,B0_CASH,2014-07-01,9,0.0,0.0,0.0
FAVORABLE,B0_CASH,2014-08-01,9,0.0,0.0,0.0
FAVORABLE,B0_CASH,2014-09-01,9,0.0,0.0,0.0
FAVORABLE,B0_CASH,2014-10-01,9,0.0,0.0,0.0
FAVORABLE,B0_CASH,2014-11-01,9,0.0,0.0,0.0
FAVORABLE,B0_CASH,2014-12-01,9,0.0,0.0,0.0
FAVORABLE,B0_CASH,2015-01-01,9,0.0,0.0,0.0
FAVORABLE,B0_CASH,2015-02-01,9,0.0,0.0,0.0
FAVORABLE,B0_CASH,2015-03-01,9,0.0,0.0,0.0
FAVORABLE,B0_CASH,2015-04-01,9,0.0,0.0,0.0
FAVORABLE,B0_CASH,2015-05-01,9,0.0,0.0,0.0
FAVORABLE,B0_CASH,2015-06-01,9,0.0,0.0,0.0
FAVORABLE,B0_CASH,2015-07-01,9,0.0,0.0,0.0
FAVORABLE,B0_CASH,2015-08-01,9,0.0,0.0,0.0
FAVORABLE,B0_CASH,2015-09-01,9,0.0,0.0,0.0
FAVORABLE,B0_CASH,2015-10-01,9,0.0,0.0,0.0
FAVORABLE,B0_CASH,2015-11-01,9,0.0,0.0,0.0
FAVORABLE,B0_CASH,2015-12-01,9,0.0,0.0,0.0
FAVORABLE,B0_CASH,2016-01-01,9,0.0,0.0,0.0
FAVORABLE,B0_CASH,2016-02-01,9,0.0,0.0,0.0
FAVORABLE,B0_CASH,2016-03-01,9,0.0,0.0,0.0
FAVORABLE,B0_CASH,2016-04-01,9,0.0,0.0,0.0
FAVORABLE,B0_CASH,2016-05-01,9,0.0,0.0,0.0
FAVORABLE,B0_CASH,2016-06-01,9,0.0,0.0,0.0
FAVORABLE,B0_CASH,2016-07-01,9,0.0,0.0,0.0
FAVORABLE,B0_CASH,2016-08-01,9,0.0,0.0,0.0
FAVORABLE,B0_CASH,2016-09-01,9,0.0,0.0,0.0
FAVORABLE,B0_CASH,2016-10-01,9,0.0,0.0,0.0
FAVORABLE,B0_CASH,2016-11-01,9,0.0,0.0,0.0
FAVORABLE,B0_CASH,2016-12-01,9,0.0,0.0,0.0
FAVORABLE,B0_CASH,2017-01-01,9,0.0,0.0,0.0
FAVORABLE,B0_CASH,2017-02-01,9,0.0,0.0,0.0
FAVORABLE,B0_CASH,2017-03-01,9,0.0,0.0,0.0
FAVORABLE,B0_CASH,2017-04-01,9,0.0,0.0,0.0
FAVORABLE,B0_CASH,2017-05-01,9,0.0,0.0,0.0
FAVORABLE,B0_CASH,2017-06-01,9,0.0,0.0,0.0
FAVORABLE,B0_CASH,2017-07-01,9,0.0,0.0,0.0
FAVORABLE,B0_CASH,2017-08-01,9,0.0,0.0,0.0
FAVORABLE,B0_CASH,2017-09-01,9,0.0,0.0,0.0
FAVORABLE,B0_CASH,2017-10-01,9,0.0,0.0,0.0
FAVORABLE,B0_CASH,2017-11-01,9,0.0,0.0,0.0
FAVORABLE,B0_CASH,2017-12-01,9,0.0,0.0,0.0
FAVORABLE,B0_CASH,2018-01-01,9,0.0,0.0,0.0
FAVORABLE,B0_CASH,2018-02-01,9,0.0,0.0,0.0
FAVORABLE,B0_CASH,2018-03-01,9,0.0,0.0,0.0
FAVORABLE,B0_CASH,2018-04-01,9,0.0,0.0,0.0
FAVORABLE,B0_CASH,2018-05-01,9,0.0,0.0,0.0
FAVORABLE,B0_CASH,2018-06-01,9,0.0,0.0,0.0
FAVORABLE,B0_CASH,2018-07-01,9,0.0,0.0,0.0
FAVORABLE,B0_CASH,2018-08-01,9,0.0,0.0,0.0
FAVORABLE,B0_CASH,2018-09-01,9,0.0,0.0,0.0
FAVORABLE,B0_CASH,2018-10-01,9,0.0,0.0,0.0
FAVORABLE,B0_CASH,2018-11-01,9,0.0,0.0,0.0
FAVORABLE,B0_CASH,2018-12-01,9,0.0,0.0,0.0
FAVORABLE,B0_CASH,2019-01-01,9,0.0,0.0,0.0
FAVORABLE,B0_CASH,2019-02-01,9,0.0,0.0,0.0
FAVORABLE,B0_CASH,2019-03-01,9,0.0,0.0,0.0
FAVORABLE,B0_CASH,2019-04-01,9,0.0,0.0,0.0
FAVORABLE,B0_CASH,2019-05-01,9,0.0,0.0,0.0
FAVORABLE,B0_CASH,2019-06-01,9,0.0,0.0,0.0
FAVORABLE,B0_CASH,2019-07-01,9,0.0,0.0,0.0
FAVORABLE,B0_CASH,2019-08-01,9,0.0,0.0,0.0
FAVORABLE,B0_CASH,2019-09-01,9,0.0,0.0,0.0
FAVORABLE,B0_CASH,2019-10-01,9,0.0,0.0,0.0
FAVORABLE,B0_CASH,2019-11-01,9,0.0,0.0,0.0
FAVORABLE,B0_CASH,2019-12-01,9,0.0,0.0,0.0
FAVORABLE,B0_CASH,2020-01-01,9,0.0,0.0,0.0
FAVORABLE,B0_CASH,2020-02-01,9,0.0,0.0,0.0
FAVORABLE,B0_CASH,2020-03-01,9,0.0,0.0,0.0
FAVORABLE,B0_CASH,2020-04-01,9,0.0,0.0,0.0
FAVORABLE,B0_CASH,2020-05-01,9,0.0,0.0,0.0
FAVORABLE,B0_CASH,2020-06-01,9,0.0,0.0,0.0
FAVORABLE,B0_CASH,2020-07-01,9,0.0,0.0,0.0
FAVORABLE,B0_CASH,2020-08-01,9,0.0,0.0,0.0
FAVORABLE,B0_CASH,2020-09-01,9,0.0,0.0,0.0
FAVORABLE,B0_CASH,2020-10-01,9,0.0,0.0,0.0
FAVORABLE,B0_CASH,2020-11-01,9,0.0,0.0,0.0
FAVORABLE,B0_CASH,2020-12-01,9,0.0,0.0,0.0
FAVORABLE,B0_CASH,2021-01-01,9,0.0,0.0,0.0
FAVORABLE,B0_CASH,2021-02-01,9,0.0,0.0,0.0
FAVORABLE,B0_CASH,2021-03-01,9,0.0,0.0,0.0
FAVORABLE,B0_CASH,2021-04-01,9,0.0,0.0,0.0
FAVORABLE,B0_CASH,2021-05-01,9,0.0,0.0,0.0
FAVORABLE,B0_CASH,2021-06-01,9,0.0,0.0,0.0
FAVORABLE,B0_CASH,2021-07-01,9,0.0,0.0,0.0
FAVORABLE,B0_CASH,2021-08-01,9,0.0,0.0,0.0
FAVORABLE,B0_CASH,2021-09-01,9,0.0,0.0,0.0
FAVORABLE,B0_CASH,2021-10-01,9,0.0,0.0,0.0
FAVORABLE,B0_CASH,2021-11-01,9,0.0,0.0,0.0
FAVORABLE,B0_CASH,2021-12-01,9,0.0,0.0,0.0
FAVORABLE,B0_CASH,2022-01-01,9,0.0,0.0,0.0
FAVORABLE,B0_CASH,2022-02-01,9,0.0,0.0,0.0
FAVORABLE,B0_CASH,2022-03-01,9,0.0,0.0,0.0
FAVORABLE,B0_CASH,2022-04-01,9,0.0,0.0,0.0
FAVORABLE,B0_CASH,2022-05-01,9,0.0,0.0,0.0
FAVORABLE,B0_CASH,2022-06-01,9,0.0,0.0,0.0
FAVORABLE,B0_CASH,2022-07-01,9,0.0,0.0,0.0
FAVORABLE,B0_CASH,2022-08-01,9,0.0,0.0,0.0
FAVORABLE,B0_CASH,2022-09-01,9,0.0,0.0,0.0
FAVORABLE,B0_CASH,2022-10-01,9,0.0,0.0,0.0
FAVORABLE,B0_CASH,2022-11-01,9,0.0,0.0,0.0
FAVORABLE,B0_CASH,2022-12-01,9,0.0,0.0,0.0
FAVORABLE,B0_CASH,2023-01-01,9,0.0,0.0,0.0
FAVORABLE,B0_CASH,2023-02-01,9,0.0,0.0,0.0
FAVORABLE,B0_CASH,2023-03-01,9,0.0,0.0,0.0
FAVORABLE,B0_CASH,2023-04-01,9,0.0,0.0,0.0
FAVORABLE,B0_CASH,2023-05-01,9,0.0,0.0,0.0
FAVORABLE,B0_CASH,2023-06-01,9,0.0,0.0,0.0
FAVORABLE,B0_CASH,2023-07-01,9,0.0,0.0,0.0
FAVORABLE,B0_CASH,2023-08-01,9,0.0,0.0,0.0
FAVORABLE,B0_CASH,2023-09-01,9,0.0,0.0,0.0
FAVORABLE,B0_CASH,2023-10-01,9,0.0,0.0,0.0
FAVORABLE,B0_CASH,2023-11-01,9,0.0,0.0,0.0
FAVORABLE,B0_CASH,2023-12-01,9,0.0,0.0,0.0
FAVORABLE,B0_CASH,2024-01-01,9,0.0,0.0,0.0
FAVORABLE,B0_CASH,2024-02-01,9,0.0,0.0,0.0
FAVORABLE,B0_CASH,2024-03-01,9,0.0,0.0,0.0
FAVORABLE,B0_CASH,2024-04-01,9,0.0,0.0,0.0
FAVORABLE,B0_CASH,2024-05-01,9,0.0,0.0,0.0
FAVORABLE,B0_CASH,2024-06-01,9,0.0,0.0,0.0
FAVORABLE,B0_CASH,2024-07-01,9,0.0,0.0,0.0
FAVORABLE,B0_CASH,2024-08-01,9,0.0,0.0,0.0
FAVORABLE,B0_CASH,2024-09-01,9,0.0,0.0,0.0
FAVORABLE,B0_CASH,2024-10-01,9,0.0,0.0,0.0
FAVORABLE,B0_CASH,2024-11-01,9,0.0,0.0,0.0
FAVORABLE,B0_CASH,2024-12-01,9,0.0,0.0,0.0
FAVORABLE,B1_EXPANDING_MEAN_SIGN,2011-02-01,9,0.009101125751012728,5.746445814806791e-05,0.00904366129286466
FAVORABLE,B1_EXPANDING_MEAN_SIGN,2011-03-01,9,0.009281698615346175,6.243328701186233e-06,0.009275455286644987
FAVORABLE,B1_EXPANDING_MEAN_SIGN,2011-04-01,9,0.044315396653242134,0.0,0.044315396653242134
FAVORABLE,B1_EXPANDING_MEAN_SIGN,2011-05-01,9,-0.012885681151532546,0.0,-0.012885681151532546
FAVORABLE,B1_EXPANDING_MEAN_SIGN,2011-06-01,9,0.0003878949696818099,0.0,0.0003878949696818099
FAVORABLE,B1_EXPANDING_MEAN_SIGN,2011-07-01,9,0.024923182463362434,0.0,0.024923182463362434
FAVORABLE,B1_EXPANDING_MEAN_SIGN,2011-08-01,9,-0.009408315733925013,0.0,-0.009408315733925013
FAVORABLE,B1_EXPANDING_MEAN_SIGN,2011-09-01,9,-0.07091245269449631,0.0,-0.07091245269449631
FAVORABLE,B1_EXPANDING_MEAN_SIGN,2011-10-01,9,0.028773473128510394,1.243924306097783e-05,0.028761033885449414
FAVORABLE,B1_EXPANDING_MEAN_SIGN,2011-11-01,9,-0.030833519569580185,1.2037576566505212e-05,-0.03084555714614669
FAVORABLE,B1_EXPANDING_MEAN_SIGN,2011-12-01,9,-0.0019721064791005474,1.2414949578493914e-05,-0.001984521428679042
FAVORABLE,B1_EXPANDING_MEAN_SIGN,2012-01-01,9,0.014742963588519873,0.0,0.014742963588519873
FAVORABLE,B1_EXPANDING_MEAN_SIGN,2012-02-01,9,0.007740179826315351,0.0,0.007740179826315351
FAVORABLE,B1_EXPANDING_MEAN_SIGN,2012-03-01,9,-0.012424066497278254,5.921244659559779e-06,-0.012429987741937813
FAVORABLE,B1_EXPANDING_MEAN_SIGN,2012-04-01,9,0.0046414994755744005,0.0,0.0046414994755744005
FAVORABLE,B1_EXPANDING_MEAN_SIGN,2012-05-01,9,-0.03961079153238688,0.0,-0.03961079153238688
FAVORABLE,B1_EXPANDING_MEAN_SIGN,2012-06-01,9,0.013098206537151373,3.0265292355545594e-05,0.013067941244795829
FAVORABLE,B1_EXPANDING_MEAN_SIGN,2012-07-01,9,0.009462287020518446,2.454358625859434e-05,0.009437743434259852
FAVORABLE,B1_EXPANDING_MEAN_SIGN,2012-08-01,9,0.004519243860907272,0.0,0.004519243860907272
FAVORABLE,B1_EXPANDING_MEAN_SIGN,2012-09-01,9,0.00894340593023266,5.953362756953266e-06,0.008937452567475706
FAVORABLE,B1_EXPANDING_MEAN_SIGN,2012-10-01,9,-0.00623463440565935,0.0,-0.00623463440565935
FAVORABLE,B1_EXPANDING_MEAN_SIGN,2012-11-01,9,-0.003061501779855819,0.0,-0.003061501779855819
FAVORABLE,B1_EXPANDING_MEAN_SIGN,2012-12-01,9,0.0009949217301670323,0.0,0.0009949217301670323
FAVORABLE,B1_EXPANDING_MEAN_SIGN,2013-01-01,9,-0.0045617389507277934,0.0,-0.0045617389507277934
FAVORABLE,B1_EXPANDING_MEAN_SIGN,2013-02-01,9,-0.02624157930477411,6.339437188856333e-06,-0.026247918741962965
FAVORABLE,B1_EXPANDING_MEAN_SIGN,2013-03-01,9,0.0028268631682401755,2.2384074393661873e-05,0.0028044790938465134
FAVORABLE,B1_EXPANDING_MEAN_SIGN,2013-04-01,9,0.006315123406747719,0.0,0.006315123406747719
FAVORABLE,B1_EXPANDING_MEAN_SIGN,2013-05-01,9,-0.019194465221476817,0.0,-0.019194465221476817
FAVORABLE,B1_EXPANDING_MEAN_SIGN,2013-06-01,9,-0.01654397916076443,0.0,-0.01654397916076443
FAVORABLE,B1_EXPANDING_MEAN_SIGN,2013-07-01,9,0.009227526847789515,0.0,0.009227526847789515
FAVORABLE,B1_EXPANDING_MEAN_SIGN,2013-08-01,9,-0.013850789639028367,0.0,-0.013850789639028367
FAVORABLE,B1_EXPANDING_MEAN_SIGN,2013-09-01,9,0.013501130847397494,2.4099138848720208e-05,0.013477031708548774
FAVORABLE,B1_EXPANDING_MEAN_SIGN,2013-10-01,9,-0.0018974129884899746,3.0237334592882713e-05,-0.0019276503230828575
FAVORABLE,B1_EXPANDING_MEAN_SIGN,2013-11-01,9,-0.004629477453721048,6.3352163231140165e-06,-0.004635812670044161
FAVORABLE,B1_EXPANDING_MEAN_SIGN,2013-12-01,9,0.006895128386721831,2.412053107411112e-05,0.0068710078556477195
FAVORABLE,B1_EXPANDING_MEAN_SIGN,2014-01-01,9,-0.02276748532141526,2.425535056539587e-05,-0.022791740671980656
FAVORABLE,B1_EXPANDING_MEAN_SIGN,2014-02-01,9,0.0054970309899744,4.010808809391106e-05,0.005456922901880489
FAVORABLE,B1_EXPANDING_MEAN_SIGN,2014-03-01,9,0.006606899786602647,3.069414797736059e-05,0.006576205638625286
FAVORABLE,B1_EXPANDING_MEAN_SIGN,2014-04-01,9,6.613611494222916e-05,0.0,6.613611494222916e-05
FAVORABLE,B1_EXPANDING_MEAN_SIGN,2014-05-01,9,-0.010441454117153717,0.0,-0.010441454117153717
FAVORABLE,B1_EXPANDING_MEAN_SIGN,2014-06-01,9,0.0030727736101186943,0.0,0.0030727736101186943
FAVORABLE,B1_EXPANDING_MEAN_SIGN,2014-07-01,9,-0.012607762260648685,3.4205313132086445e-05,-0.012641967573780772
FAVORABLE,B1_EXPANDING_MEAN_SIGN,2014-08-01,9,-0.0042642536854535906,1.6505889211045927e-05,-0.0042807595746646365
FAVORABLE,B1_EXPANDING_MEAN_SIGN,2014-09-01,9,-0.0076177724040050986,0.0,-0.0076177724040050986
FAVORABLE,B1_EXPANDING_MEAN_SIGN,2014-10-01,9,0.0050859618975339265,0.0,0.0050859618975339265
FAVORABLE,B1_EXPANDING_MEAN_SIGN,2014-11-01,9,0.0058076073461349464,0.0,0.0058076073461349464
FAVORABLE,B1_EXPANDING_MEAN_SIGN,2014-12-01,9,-0.00026921026166362407,6.03938102739108e-06,-0.0002752496426910152
FAVORABLE,B1_EXPANDING_MEAN_SIGN,2015-01-01,9,0.03525846715660566,3.211453074447327e-05,0.035226352625861185
FAVORABLE,B1_EXPANDING_MEAN_SIGN,2015-02-01,9,-0.0015882717269279922,0.0,-0.0015882717269279922
FAVORABLE,B1_EXPANDING_MEAN_SIGN,2015-03-01,9,0.01870565417614203,0.0,0.01870565417614203
FAVORABLE,B1_EXPANDING_MEAN_SIGN,2015-04-01,9,-0.023868085528602003,0.0,-0.023868085528602003
FAVORABLE,B1_EXPANDING_MEAN_SIGN,2015-05-01,9,0.01198729589452574,0.0,0.01198729589452574
FAVORABLE,B1_EXPANDING_MEAN_SIGN,2015-06-01,9,-0.014625022839113315,0.0,-0.014625022839113315
FAVORABLE,B1_EXPANDING_MEAN_SIGN,2015-07-01,9,0.014940561205466175,6.006044200245753e-06,0.01493455516126593
FAVORABLE,B1_EXPANDING_MEAN_SIGN,2015-08-01,9,0.006174797508540146,2.2857495263038867e-05,0.006151940013277107
FAVORABLE,B1_EXPANDING_MEAN_SIGN,2015-09-01,9,0.003972890939518432,0.0,0.003972890939518432
FAVORABLE,B1_EXPANDING_MEAN_SIGN,2015-10-01,9,-0.011899479587598417,0.0,-0.011899479587598417
FAVORABLE,B1_EXPANDING_MEAN_SIGN,2015-11-01,9,0.00863093066102468,1.6418945821583527e-05,0.008614511715203095
FAVORABLE,B1_EXPANDING_MEAN_SIGN,2015-12-01,9,-0.003379738876156921,1.690404167184353e-05,-0.003396642917828765
FAVORABLE,B1_EXPANDING_MEAN_SIGN,2016-01-01,9,0.0016802953603132467,1.624288967504475e-05,0.001664052470638202
FAVORABLE,B1_EXPANDING_MEAN_SIGN,2016-02-01,9,-0.011723324668274106,1.717898700667318e-05,-0.01174050365528078
FAVORABLE,B1_EXPANDING_MEAN_SIGN,2016-03-01,9,-0.03526548581304096,0.0,-0.03526548581304096
FAVORABLE,B1_EXPANDING_MEAN_SIGN,2016-04-01,9,-0.013759375681852197,1.6064411865817182e-05,-0.013775440093718014
FAVORABLE,B1_EXPANDING_MEAN_SIGN,2016-05-01,9,0.018143522052455126,0.0,0.018143522052455126
FAVORABLE,B1_EXPANDING_MEAN_SIGN,2016-06-01,9,0.007853275412518679,0.0,0.007853275412518679
FAVORABLE,B1_EXPANDING_MEAN_SIGN,2016-07-01,9,0.0013985224117504494,0.0,0.0013985224117504494
FAVORABLE,B1_EXPANDING_MEAN_SIGN,2016-08-01,9,0.0009557678063528573,0.0,0.0009557678063528573
FAVORABLE,B1_EXPANDING_MEAN_SIGN,2016-09-01,9,-0.006195212383975813,0.0,-0.006195212383975813
FAVORABLE,B1_EXPANDING_MEAN_SIGN,2016-10-01,9,0.02082386501971656,0.0,0.02082386501971656
FAVORABLE,B1_EXPANDING_MEAN_SIGN,2016-11-01,9,0.016084633150566557,0.0,0.016084633150566557
FAVORABLE,B1_EXPANDING_MEAN_SIGN,2016-12-01,9,0.0036230245851130746,0.0,0.0036230245851130746
FAVORABLE,B1_EXPANDING_MEAN_SIGN,2017-01-01,9,-0.017713844049747445,0.0,-0.017713844049747445
FAVORABLE,B1_EXPANDING_MEAN_SIGN,2017-02-01,9,0.004678558124497418,0.0,0.004678558124497418
FAVORABLE,B1_EXPANDING_MEAN_SIGN,2017-03-01,9,-0.002970613905783459,0.0,-0.002970613905783459
FAVORABLE,B1_EXPANDING_MEAN_SIGN,2017-04-01,9,-0.0030539225010389253,0.0,-0.0030539225010389253
FAVORABLE,B1_EXPANDING_MEAN_SIGN,2017-05-01,9,-0.0013380070721696028,0.0,-0.0013380070721696028
FAVORABLE,B1_EXPANDING_MEAN_SIGN,2017-06-01,9,-0.008526564245430523,0.0,-0.008526564245430523
FAVORABLE,B1_EXPANDING_MEAN_SIGN,2017-07-01,9,-0.026128568937810497,0.0,-0.026128568937810497
FAVORABLE,B1_EXPANDING_MEAN_SIGN,2017-08-01,9,-0.0051021164254644435,0.0,-0.0051021164254644435
FAVORABLE,B1_EXPANDING_MEAN_SIGN,2017-09-01,9,0.005092847597185164,0.0,0.005092847597185164
FAVORABLE,B1_EXPANDING_MEAN_SIGN,2017-10-01,9,0.006005556731780061,0.0,0.006005556731780061
FAVORABLE,B1_EXPANDING_MEAN_SIGN,2017-11-01,9,-0.001326984510407778,0.0,-0.001326984510407778
FAVORABLE,B1_EXPANDING_MEAN_SIGN,2017-12-01,9,-0.006546517819303845,0.0,-0.006546517819303845
FAVORABLE,B1_EXPANDING_MEAN_SIGN,2018-01-01,9,-0.020160437614885545,0.0,-0.020160437614885545
FAVORABLE,B1_EXPANDING_MEAN_SIGN,2018-02-01,9,0.01469931164939321,0.0,0.01469931164939321
FAVORABLE,B1_EXPANDING_MEAN_SIGN,2018-03-01,9,-0.001776531174046303,0.0,-0.001776531174046303
FAVORABLE,B1_EXPANDING_MEAN_SIGN,2018-04-01,9,0.009263942627908897,0.0,0.009263942627908897
FAVORABLE,B1_EXPANDING_MEAN_SIGN,2018-05-01,9,0.011132290442600001,0.0,0.011132290442600001
FAVORABLE,B1_EXPANDING_MEAN_SIGN,2018-06-01,9,0.003764661641840059,0.0,0.003764661641840059
FAVORABLE,B1_EXPANDING_MEAN_SIGN,2018-07-01,9,-0.001693649987287629,0.0,-0.001693649987287629
FAVORABLE,B1_EXPANDING_MEAN_SIGN,2018-08-01,9,0.012457411255174251,0.0,0.012457411255174251
FAVORABLE,B1_EXPANDING_MEAN_SIGN,2018-09-01,9,-0.0074930208897980854,0.0,-0.0074930208897980854
FAVORABLE,B1_EXPANDING_MEAN_SIGN,2018-10-01,9,0.010887864335636353,0.0,0.010887864335636353
FAVORABLE,B1_EXPANDING_MEAN_SIGN,2018-11-01,9,-0.005833273088762297,1.7032960481828385e-05,-0.005850306049244126
FAVORABLE,B1_EXPANDING_MEAN_SIGN,2018-12-01,9,-0.0012283688757403672,1.6153040365640222e-05,-0.0012445219161060074
FAVORABLE,B1_EXPANDING_MEAN_SIGN,2019-01-01,9,-0.010411108907022817,0.0,-0.010411108907022817
FAVORABLE,B1_EXPANDING_MEAN_SIGN,2019-02-01,9,0.006636102147029501,0.0,0.006636102147029501
FAVORABLE,B1_EXPANDING_MEAN_SIGN,2019-03-01,9,0.006219905955656925,0.0,0.006219905955656925
FAVORABLE,B1_EXPANDING_MEAN_SIGN,2019-04-01,9,-0.0004728210456655822,0.0,-0.0004728210456655822
FAVORABLE,B1_EXPANDING_MEAN_SIGN,2019-05-01,9,0.005174803291091792,0.0,0.005174803291091792
FAVORABLE,B1_EXPANDING_MEAN_SIGN,2019-06-01,9,-0.013508480781740273,1.700741012859303e-05,-0.013525488191868865
FAVORABLE,B1_EXPANDING_MEAN_SIGN,2019-07-01,9,0.012820675772750256,1.6560390361521605e-05,0.012804115382388735
FAVORABLE,B1_EXPANDING_MEAN_SIGN,2019-08-01,9,0.004789362662022123,0.0,0.004789362662022123
FAVORABLE,B1_EXPANDING_MEAN_SIGN,2019-09-01,9,0.00029428099249400534,1.7654759414179775e-05,0.0002766262330798256
FAVORABLE,B1_EXPANDING_MEAN_SIGN,2019-10-01,9,-0.013807380846144043,0.0,-0.013807380846144043
FAVORABLE,B1_EXPANDING_MEAN_SIGN,2019-11-01,9,0.0037320624763303384,0.0,0.0037320624763303384
FAVORABLE,B1_EXPANDING_MEAN_SIGN,2019-12-01,9,-0.023114243053469256,0.0,-0.023114243053469256
FAVORABLE,B1_EXPANDING_MEAN_SIGN,2020-01-01,9,0.013451003968758757,1.647445100951317e-05,0.013434529517749243
FAVORABLE,B1_EXPANDING_MEAN_SIGN,2020-02-01,9,0.016096359671686974,1.7186294274042337e-05,0.016079173377412933
FAVORABLE,B1_EXPANDING_MEAN_SIGN,2020-03-01,9,0.03575310097387871,0.0,0.03575310097387871
FAVORABLE,B1_EXPANDING_MEAN_SIGN,2020-04-01,9,-0.020560356674444374,0.0,-0.020560356674444374
FAVORABLE,B1_EXPANDING_MEAN_SIGN,2020-05-01,9,-0.01185002375280544,0.0,-0.01185002375280544
FAVORABLE,B1_EXPANDING_MEAN_SIGN,2020-06-01,9,-0.013091175090575509,0.0,-0.013091175090575509
FAVORABLE,B1_EXPANDING_MEAN_SIGN,2020-07-01,9,-0.03220946662817073,0.0,-0.03220946662817073
FAVORABLE,B1_EXPANDING_MEAN_SIGN,2020-08-01,9,-0.014324333179590119,1.674873547047198e-05,-0.014341081915060592
FAVORABLE,B1_EXPANDING_MEAN_SIGN,2020-09-01,9,0.018329557629407307,0.0,0.018329557629407307
FAVORABLE,B1_EXPANDING_MEAN_SIGN,2020-10-01,9,0.003492783422056722,0.0,0.003492783422056722
FAVORABLE,B1_EXPANDING_MEAN_SIGN,2020-11-01,9,-0.018909256898377698,0.0,-0.018909256898377698
FAVORABLE,B1_EXPANDING_MEAN_SIGN,2020-12-01,9,-0.017086683934113847,0.0,-0.017086683934113847
FAVORABLE,B1_EXPANDING_MEAN_SIGN,2021-01-01,9,0.003414091017935895,0.0,0.003414091017935895
FAVORABLE,B1_EXPANDING_MEAN_SIGN,2021-02-01,9,0.00016785102713875086,0.0,0.00016785102713875086
FAVORABLE,B1_EXPANDING_MEAN_SIGN,2021-03-01,9,0.0028948057503491967,0.0,0.0028948057503491967
FAVORABLE,B1_EXPANDING_MEAN_SIGN,2021-04-01,9,-0.00824456954812051,0.0,-0.00824456954812051
FAVORABLE,B1_EXPANDING_MEAN_SIGN,2021-05-01,9,-0.005667448162210468,0.0,-0.005667448162210468
FAVORABLE,B1_EXPANDING_MEAN_SIGN,2021-06-01,9,0.014330263321985393,0.0,0.014330263321985393
FAVORABLE,B1_EXPANDING_MEAN_SIGN,2021-07-01,9,0.006049784318817518,0.0,0.006049784318817518
FAVORABLE,B1_EXPANDING_MEAN_SIGN,2021-08-01,9,0.0023046957394989853,0.0,0.0023046957394989853
FAVORABLE,B1_EXPANDING_MEAN_SIGN,2021-09-01,9,0.005962504114169913,0.0,0.005962504114169913
FAVORABLE,B1_EXPANDING_MEAN_SIGN,2021-10-01,9,-0.005615507826193232,0.0,-0.005615507826193232
FAVORABLE,B1_EXPANDING_MEAN_SIGN,2021-11-01,9,0.022315331538239155,0.0,0.022315331538239155
FAVORABLE,B1_EXPANDING_MEAN_SIGN,2021-12-01,9,-0.007882635847033316,0.0,-0.007882635847033316
FAVORABLE,B1_EXPANDING_MEAN_SIGN,2022-01-01,9,0.004329255976510953,0.0,0.004329255976510953
FAVORABLE,B1_EXPANDING_MEAN_SIGN,2022-02-01,9,0.0014014912563946726,0.0,0.0014014912563946726
FAVORABLE,B1_EXPANDING_MEAN_SIGN,2022-03-01,9,0.004878370984587864,0.0,0.004878370984587864
FAVORABLE,B1_EXPANDING_MEAN_SIGN,2022-04-01,9,0.024716004523575696,0.0,0.024716004523575696
FAVORABLE,B1_EXPANDING_MEAN_SIGN,2022-05-01,9,-0.004069434088947542,0.0,-0.004069434088947542
FAVORABLE,B1_EXPANDING_MEAN_SIGN,2022-06-01,9,0.024842294924182648,0.0,0.024842294924182648
FAVORABLE,B1_EXPANDING_MEAN_SIGN,2022-07-01,9,-0.0027873245106345454,1.7774080768977833e-05,-0.002805098591403523
FAVORABLE,B1_EXPANDING_MEAN_SIGN,2022-08-01,9,0.022663081736477426,0.0,0.022663081736477426
FAVORABLE,B1_EXPANDING_MEAN_SIGN,2022-09-01,9,0.04697191348063731,0.0,0.04697191348063731
FAVORABLE,B1_EXPANDING_MEAN_SIGN,2022-10-01,9,-0.013155728112958509,0.0,-0.013155728112958509
FAVORABLE,B1_EXPANDING_MEAN_SIGN,2022-11-01,9,-0.03503506693722014,0.0,-0.03503506693722014
FAVORABLE,B1_EXPANDING_MEAN_SIGN,2022-12-01,9,-0.01519557105329065,0.0,-0.01519557105329065
FAVORABLE,B1_EXPANDING_MEAN_SIGN,2023-01-01,9,-0.010149450213993197,0.0,-0.010149450213993197
FAVORABLE,B1_EXPANDING_MEAN_SIGN,2023-02-01,9,0.013041162517665541,1.718788941311952e-05,0.013023974628252423
FAVORABLE,B1_EXPANDING_MEAN_SIGN,2023-03-01,9,-0.006228969069136515,1.7943431537734143e-05,-0.006246912500674249
FAVORABLE,B1_EXPANDING_MEAN_SIGN,2023-04-01,9,0.005715934970044165,0.0,0.005715934970044165
FAVORABLE,B1_EXPANDING_MEAN_SIGN,2023-05-01,9,0.024441643716862624,0.0,0.024441643716862624
FAVORABLE,B1_EXPANDING_MEAN_SIGN,2023-06-01,9,-0.015650503631081558,0.0,-0.015650503631081558
FAVORABLE,B1_EXPANDING_MEAN_SIGN,2023-07-01,9,-0.012887719949622654,0.0,-0.012887719949622654
FAVORABLE,B1_EXPANDING_MEAN_SIGN,2023-08-01,9,0.026461042081723854,0.0,0.026461042081723854
FAVORABLE,B1_EXPANDING_MEAN_SIGN,2023-09-01,9,0.004923455939624659,0.0,0.004923455939624659
FAVORABLE,B1_EXPANDING_MEAN_SIGN,2023-10-01,9,0.01916123629484048,0.0,0.01916123629484048
FAVORABLE,B1_EXPANDING_MEAN_SIGN,2023-11-01,9,-0.03266205934911169,0.0,-0.03266205934911169
FAVORABLE,B1_EXPANDING_MEAN_SIGN,2023-12-01,9,-0.025117631341494844,0.0,-0.025117631341494844
FAVORABLE,B1_EXPANDING_MEAN_SIGN,2024-01-01,9,0.019218604307710694,0.0,0.019218604307710694
FAVORABLE,B1_EXPANDING_MEAN_SIGN,2024-02-01,9,0.006839668539988186,0.0,0.006839668539988186
FAVORABLE,B1_EXPANDING_MEAN_SIGN,2024-03-01,9,0.006080260508587688,0.0,0.006080260508587688
FAVORABLE,B1_EXPANDING_MEAN_SIGN,2024-04-01,9,0.014022381121442655,0.0,0.014022381121442655
FAVORABLE,B1_EXPANDING_MEAN_SIGN,2024-05-01,9,-0.02111927842314327,0.0,-0.02111927842314327
FAVORABLE,B1_EXPANDING_MEAN_SIGN,2024-06-01,9,0.008019111060883056,0.0,0.008019111060883056
FAVORABLE,B1_EXPANDING_MEAN_SIGN,2024-07-01,9,0.002062161997849415,0.0,0.002062161997849415
FAVORABLE,B1_EXPANDING_MEAN_SIGN,2024-08-01,9,-0.024003875946112405,0.0,-0.024003875946112405
FAVORABLE,B1_EXPANDING_MEAN_SIGN,2024-09-01,9,-0.013043107070186324,0.0,-0.013043107070186324
FAVORABLE,B1_EXPANDING_MEAN_SIGN,2024-10-01,9,0.024392654093647253,1.7433979698130642e-05,0.02437522011394912
FAVORABLE,B1_EXPANDING_MEAN_SIGN,2024-11-01,9,0.0063186480880433014,1.865015754720588e-05,0.006299997930496096
FAVORABLE,B1_EXPANDING_MEAN_SIGN,2024-12-01,9,0.024486532873483187,0.0,0.024486532873483187
FAVORABLE,B2_ALWAYS_LONG,2011-02-01,9,0.010362550577749041,5.746445814806791e-05,0.010305086119600973
FAVORABLE,B2_ALWAYS_LONG,2011-03-01,9,0.009281698615346175,0.0,0.009281698615346175
FAVORABLE,B2_ALWAYS_LONG,2011-04-01,9,0.044315396653242134,0.0,0.044315396653242134
FAVORABLE,B2_ALWAYS_LONG,2011-05-01,9,-0.012885681151532546,0.0,-0.012885681151532546
FAVORABLE,B2_ALWAYS_LONG,2011-06-01,9,0.0003878949696818099,0.0,0.0003878949696818099
FAVORABLE,B2_ALWAYS_LONG,2011-07-01,9,0.024923182463362434,0.0,0.024923182463362434
FAVORABLE,B2_ALWAYS_LONG,2011-08-01,9,-0.009408315733925013,0.0,-0.009408315733925013
FAVORABLE,B2_ALWAYS_LONG,2011-09-01,9,-0.07091245269449631,0.0,-0.07091245269449631
FAVORABLE,B2_ALWAYS_LONG,2011-10-01,9,0.043575900023282745,0.0,0.043575900023282745
FAVORABLE,B2_ALWAYS_LONG,2011-11-01,9,-0.030833519569580185,0.0,-0.030833519569580185
FAVORABLE,B2_ALWAYS_LONG,2011-12-01,9,-0.012307327342687135,0.0,-0.012307327342687135
FAVORABLE,B2_ALWAYS_LONG,2012-01-01,9,0.01922919043303632,0.0,0.01922919043303632
FAVORABLE,B2_ALWAYS_LONG,2012-02-01,9,0.015729645213242667,0.0,0.015729645213242667
FAVORABLE,B2_ALWAYS_LONG,2012-03-01,9,-0.012800872232710758,0.0,-0.012800872232710758
FAVORABLE,B2_ALWAYS_LONG,2012-04-01,9,0.00287508673073981,0.0,0.00287508673073981
FAVORABLE,B2_ALWAYS_LONG,2012-05-01,9,-0.05417027987156791,0.0,-0.05417027987156791
FAVORABLE,B2_ALWAYS_LONG,2012-06-01,9,0.02761682480853209,0.0,0.02761682480853209
FAVORABLE,B2_ALWAYS_LONG,2012-07-01,9,0.0032012650686255276,0.0,0.0032012650686255276
FAVORABLE,B2_ALWAYS_LONG,2012-08-01,9,0.012079552701499272,0.0,0.012079552701499272
FAVORABLE,B2_ALWAYS_LONG,2012-09-01,9,0.01432888105721291,0.0,0.01432888105721291
FAVORABLE,B2_ALWAYS_LONG,2012-10-01,9,-0.0045794667530547,0.0,-0.0045794667530547
FAVORABLE,B2_ALWAYS_LONG,2012-11-01,9,-0.002414779846302833,0.0,-0.002414779846302833
FAVORABLE,B2_ALWAYS_LONG,2012-12-01,9,0.004002206773557411,0.0,0.004002206773557411
FAVORABLE,B2_ALWAYS_LONG,2013-01-01,9,0.0021494894636223424,0.0,0.0021494894636223424
FAVORABLE,B2_ALWAYS_LONG,2013-02-01,9,-0.02624157930477411,0.0,-0.02624157930477411
FAVORABLE,B2_ALWAYS_LONG,2013-03-01,9,-0.005964248601229966,0.0,-0.005964248601229966
FAVORABLE,B2_ALWAYS_LONG,2013-04-01,9,0.009773272462704145,0.0,0.009773272462704145
FAVORABLE,B2_ALWAYS_LONG,2013-05-01,9,-0.034939519480836165,0.0,-0.034939519480836165
FAVORABLE,B2_ALWAYS_LONG,2013-06-01,9,-0.012357325780947566,0.0,-0.012357325780947566
FAVORABLE,B2_ALWAYS_LONG,2013-07-01,9,0.01601621817755112,0.0,0.01601621817755112
FAVORABLE,B2_ALWAYS_LONG,2013-08-01,9,-0.010410979886920389,0.0,-0.010410979886920389
FAVORABLE,B2_ALWAYS_LONG,2013-09-01,9,0.0332621232199424,0.0,0.0332621232199424
FAVORABLE,B2_ALWAYS_LONG,2013-10-01,9,-0.000951877898803318,0.0,-0.000951877898803318
FAVORABLE,B2_ALWAYS_LONG,2013-11-01,9,-0.013776129718260414,0.0,-0.013776129718260414
FAVORABLE,B2_ALWAYS_LONG,2013-12-01,9,0.0028208348159274063,0.0,0.0028208348159274063
FAVORABLE,B2_ALWAYS_LONG,2014-01-01,9,-0.01629573174997308,0.0,-0.01629573174997308
FAVORABLE,B2_ALWAYS_LONG,2014-02-01,9,0.022262816401241354,0.0,0.022262816401241354
FAVORABLE,B2_ALWAYS_LONG,2014-03-01,9,0.005228882743245326,0.0,0.005228882743245326
FAVORABLE,B2_ALWAYS_LONG,2014-04-01,9,0.0039105494092500515,0.0,0.0039105494092500515
FAVORABLE,B2_ALWAYS_LONG,2014-05-01,9,-0.007648109632590574,0.0,-0.007648109632590574
FAVORABLE,B2_ALWAYS_LONG,2014-06-01,9,0.008002889277333194,0.0,0.008002889277333194
FAVORABLE,B2_ALWAYS_LONG,2014-07-01,9,-0.021613625866369206,0.0,-0.021613625866369206
FAVORABLE,B2_ALWAYS_LONG,2014-08-01,9,-0.006614894834133122,0.0,-0.006614894834133122
FAVORABLE,B2_ALWAYS_LONG,2014-09-01,9,-0.042690543243649993,0.0,-0.042690543243649993
FAVORABLE,B2_ALWAYS_LONG,2014-10-01,9,-0.013164631773159345,0.0,-0.013164631773159345
FAVORABLE,B2_ALWAYS_LONG,2014-11-01,9,-0.01949604790359062,0.0,-0.01949604790359062
FAVORABLE,B2_ALWAYS_LONG,2014-12-01,9,-0.026851460924379424,0.0,-0.026851460924379424
FAVORABLE,B2_ALWAYS_LONG,2015-01-01,9,-0.033366671608258916,0.0,-0.033366671608258916
FAVORABLE,B2_ALWAYS_LONG,2015-02-01,9,0.003967990604584217,0.0,0.003967990604584217
FAVORABLE,B2_ALWAYS_LONG,2015-03-01,9,-0.02596486811036706,0.0,-0.02596486811036706
FAVORABLE,B2_ALWAYS_LONG,2015-04-01,9,0.036161202147459354,0.0,0.036161202147459354
FAVORABLE,B2_ALWAYS_LONG,2015-05-01,9,-0.02782311341382673,0.0,-0.02782311341382673
FAVORABLE,B2_ALWAYS_LONG,2015-06-01,9,0.005982069119239585,0.0,0.005982069119239585
FAVORABLE,B2_ALWAYS_LONG,2015-07-01,9,-0.028793325118501127,0.0,-0.028793325118501127
FAVORABLE,B2_ALWAYS_LONG,2015-08-01,9,-0.006444831906326066,0.0,-0.006444831906326066
FAVORABLE,B2_ALWAYS_LONG,2015-09-01,9,-0.005783902895160644,0.0,-0.005783902895160644
FAVORABLE,B2_ALWAYS_LONG,2015-10-01,9,0.00922299878264992,0.0,0.00922299878264992
FAVORABLE,B2_ALWAYS_LONG,2015-11-01,9,-0.02398178065881952,0.0,-0.02398178065881952
FAVORABLE,B2_ALWAYS_LONG,2015-12-01,9,0.009235221570876664,0.0,0.009235221570876664
FAVORABLE,B2_ALWAYS_LONG,2016-01-01,9,-0.01830788776942982,0.0,-0.01830788776942982
FAVORABLE,B2_ALWAYS_LONG,2016-02-01,9,0.01764380749770274,0.0,0.01764380749770274
FAVORABLE,B2_ALWAYS_LONG,2016-03-01,9,0.04391237310164153,0.0,0.04391237310164153
FAVORABLE,B2_ALWAYS_LONG,2016-04-01,9,0.015562907394615818,0.0,0.015562907394615818
FAVORABLE,B2_ALWAYS_LONG,2016-05-01,9,-0.032584268805715695,0.0,-0.032584268805715695
FAVORABLE,B2_ALWAYS_LONG,2016-06-01,9,0.007648821206752945,0.0,0.007648821206752945
FAVORABLE,B2_ALWAYS_LONG,2016-07-01,9,0.0028861090787539612,0.0,0.0028861090787539612
FAVORABLE,B2_ALWAYS_LONG,2016-08-01,9,-0.0021866614229554392,0.0,-0.0021866614229554392
FAVORABLE,B2_ALWAYS_LONG,2016-09-01,9,0.00947558003097224,0.0,0.00947558003097224
FAVORABLE,B2_ALWAYS_LONG,2016-10-01,9,-0.029007672448586375,0.0,-0.029007672448586375
FAVORABLE,B2_ALWAYS_LONG,2016-11-01,9,-0.02456785156131258,0.0,-0.02456785156131258
FAVORABLE,B2_ALWAYS_LONG,2016-12-01,9,-0.00689507086891482,0.0,-0.00689507086891482
FAVORABLE,B2_ALWAYS_LONG,2017-01-01,9,0.03568539581036734,0.0,0.03568539581036734
FAVORABLE,B2_ALWAYS_LONG,2017-02-01,9,-0.010683695836689378,0.0,-0.010683695836689378
FAVORABLE,B2_ALWAYS_LONG,2017-03-01,9,-0.003082291747737356,0.0,-0.003082291747737356
FAVORABLE,B2_ALWAYS_LONG,2017-04-01,9,-0.0002761450880071194,0.0,-0.0002761450880071194
FAVORABLE,B2_ALWAYS_LONG,2017-05-01,9,0.014758170576491524,0.0,0.014758170576491524
FAVORABLE,B2_ALWAYS_LONG,2017-06-01,9,0.017716076481566565,0.0,0.017716076481566565
FAVORABLE,B2_ALWAYS_LONG,2017-07-01,9,0.029526725928092048,0.0,0.029526725928092048
FAVORABLE,B2_ALWAYS_LONG,2017-08-01,9,-0.0035229616831076913,0.0,-0.0035229616831076913
FAVORABLE,B2_ALWAYS_LONG,2017-09-01,9,-0.005003387460561738,0.0,-0.005003387460561738
FAVORABLE,B2_ALWAYS_LONG,2017-10-01,9,-0.024176136076906347,0.0,-0.024176136076906347
FAVORABLE,B2_ALWAYS_LONG,2017-11-01,9,0.00479457222754176,0.0,0.00479457222754176
FAVORABLE,B2_ALWAYS_LONG,2017-12-01,9,0.01692486427153359,0.0,0.01692486427153359
FAVORABLE,B2_ALWAYS_LONG,2018-01-01,9,0.038667479617333335,0.0,0.038667479617333335
FAVORABLE,B2_ALWAYS_LONG,2018-02-01,9,-0.02163716493247804,0.0,-0.02163716493247804
FAVORABLE,B2_ALWAYS_LONG,2018-03-01,9,-0.000345873669135768,0.0,-0.000345873669135768
FAVORABLE,B2_ALWAYS_LONG,2018-04-01,9,-0.023042534145912483,0.0,-0.023042534145912483
FAVORABLE,B2_ALWAYS_LONG,2018-05-01,9,-0.011697348338408594,0.0,-0.011697348338408594
FAVORABLE,B2_ALWAYS_LONG,2018-06-01,9,-0.012687256791968866,0.0,-0.012687256791968866
FAVORABLE,B2_ALWAYS_LONG,2018-07-01,9,0.0037093082106904257,0.0,0.0037093082106904257
FAVORABLE,B2_ALWAYS_LONG,2018-08-01,9,-0.014503536471580869,0.0,-0.014503536471580869
FAVORABLE,B2_ALWAYS_LONG,2018-09-01,9,0.006667912119096823,0.0,0.006667912119096823
FAVORABLE,B2_ALWAYS_LONG,2018-10-01,9,-0.0215807856130362,0.0,-0.0215807856130362
FAVORABLE,B2_ALWAYS_LONG,2018-11-01,9,0.007915761662608064,0.0,0.007915761662608064
FAVORABLE,B2_ALWAYS_LONG,2018-12-01,9,-0.0007362546442688892,0.0,-0.0007362546442688892
FAVORABLE,B2_ALWAYS_LONG,2019-01-01,9,0.015158227010348461,0.0,0.015158227010348461
FAVORABLE,B2_ALWAYS_LONG,2019-02-01,9,-0.011194993285796638,0.0,-0.011194993285796638
FAVORABLE,B2_ALWAYS_LONG,2019-03-01,9,-0.005771158607365767,0.0,-0.005771158607365767
FAVORABLE,B2_ALWAYS_LONG,2019-04-01,9,-0.00880569849027636,0.0,-0.00880569849027636
FAVORABLE,B2_ALWAYS_LONG,2019-05-01,9,-0.006274645515303163,0.0,-0.006274645515303163
FAVORABLE,B2_ALWAYS_LONG,2019-06-01,9,0.01920123687756741,0.0,0.01920123687756741
FAVORABLE,B2_ALWAYS_LONG,2019-07-01,9,-0.01965348538328672,0.0,-0.01965348538328672
FAVORABLE,B2_ALWAYS_LONG,2019-08-01,9,-0.014920385557207316,0.0,-0.014920385557207316
FAVORABLE,B2_ALWAYS_LONG,2019-09-01,9,-0.001982312503900241,0.0,-0.001982312503900241
FAVORABLE,B2_ALWAYS_LONG,2019-10-01,9,0.01636405424238062,0.0,0.01636405424238062
FAVORABLE,B2_ALWAYS_LONG,2019-11-01,9,-0.006751715216265287,0.0,-0.006751715216265287
FAVORABLE,B2_ALWAYS_LONG,2019-12-01,9,0.03053783862939204,0.0,0.03053783862939204
FAVORABLE,B2_ALWAYS_LONG,2020-01-01,9,-0.021915748520722103,0.0,-0.021915748520722103
FAVORABLE,B2_ALWAYS_LONG,2020-02-01,9,-0.016722386297920406,0.0,-0.016722386297920406
FAVORABLE,B2_ALWAYS_LONG,2020-03-01,9,-0.03542755037060351,0.0,-0.03542755037060351
FAVORABLE,B2_ALWAYS_LONG,2020-04-01,9,0.020449977400912478,0.0,0.020449977400912478
FAVORABLE,B2_ALWAYS_LONG,2020-05-01,9,0.012905919817513137,0.0,0.012905919817513137
FAVORABLE,B2_ALWAYS_LONG,2020-06-01,9,0.01655223320056794,0.0,0.01655223320056794
FAVORABLE,B2_ALWAYS_LONG,2020-07-01,9,0.04045681906134043,0.0,0.04045681906134043
FAVORABLE,B2_ALWAYS_LONG,2020-08-01,9,0.020773680420073968,0.0,0.020773680420073968
FAVORABLE,B2_ALWAYS_LONG,2020-09-01,9,-0.027039398810298057,0.0,-0.027039398810298057
FAVORABLE,B2_ALWAYS_LONG,2020-10-01,9,-0.002221891586956848,0.0,-0.002221891586956848
FAVORABLE,B2_ALWAYS_LONG,2020-11-01,9,0.034645320477121176,0.0,0.034645320477121176
FAVORABLE,B2_ALWAYS_LONG,2020-12-01,9,0.028144887711292223,0.0,0.028144887711292223
FAVORABLE,B2_ALWAYS_LONG,2021-01-01,9,-0.004791881933966402,0.0,-0.004791881933966402
FAVORABLE,B2_ALWAYS_LONG,2021-02-01,9,-0.003349716843843701,0.0,-0.003349716843843701
FAVORABLE,B2_ALWAYS_LONG,2021-03-01,9,-0.018261748422331317,0.0,-0.018261748422331317
FAVORABLE,B2_ALWAYS_LONG,2021-04-01,9,0.02080080782377025,0.0,0.02080080782377025
FAVORABLE,B2_ALWAYS_LONG,2021-05-01,9,0.01265878347199371,0.0,0.01265878347199371
FAVORABLE,B2_ALWAYS_LONG,2021-06-01,9,-0.029893911247891425,0.0,-0.029893911247891425
FAVORABLE,B2_ALWAYS_LONG,2021-07-01,9,-0.001576308813565112,0.0,-0.001576308813565112
FAVORABLE,B2_ALWAYS_LONG,2021-08-01,9,-0.002323583686246596,0.0,-0.002323583686246596
FAVORABLE,B2_ALWAYS_LONG,2021-09-01,9,-0.015297570609770538,0.0,-0.015297570609770538
FAVORABLE,B2_ALWAYS_LONG,2021-10-01,9,0.018444975989579344,0.0,0.018444975989579344
FAVORABLE,B2_ALWAYS_LONG,2021-11-01,9,-0.03467889607918414,0.0,-0.03467889607918414
FAVORABLE,B2_ALWAYS_LONG,2021-12-01,9,0.012033968967883717,0.0,0.012033968967883717
FAVORABLE,B2_ALWAYS_LONG,2022-01-01,9,-0.017571974306371165,0.0,-0.017571974306371165
FAVORABLE,B2_ALWAYS_LONG,2022-02-01,9,0.008238409502742485,0.0,0.008238409502742485
FAVORABLE,B2_ALWAYS_LONG,2022-03-01,9,-0.0006727397687530637,0.0,-0.0006727397687530637
FAVORABLE,B2_ALWAYS_LONG,2022-04-01,9,-0.05127322920462513,0.0,-0.05127322920462513
FAVORABLE,B2_ALWAYS_LONG,2022-05-01,9,0.009288878272660624,0.0,0.009288878272660624
FAVORABLE,B2_ALWAYS_LONG,2022-06-01,9,-0.03288475504710822,0.0,-0.03288475504710822
FAVORABLE,B2_ALWAYS_LONG,2022-07-01,9,0.003132712587978154,0.0,0.003132712587978154
FAVORABLE,B2_ALWAYS_LONG,2022-08-01,9,-0.02789288546501984,0.0,-0.02789288546501984
FAVORABLE,B2_ALWAYS_LONG,2022-09-01,9,-0.0489178925153391,0.0,-0.0489178925153391
FAVORABLE,B2_ALWAYS_LONG,2022-10-01,9,0.009231535917407909,0.0,0.009231535917407909
FAVORABLE,B2_ALWAYS_LONG,2022-11-01,9,0.04738334843681494,0.0,0.04738334843681494
FAVORABLE,B2_ALWAYS_LONG,2022-12-01,9,0.021133072180550147,0.0,0.021133072180550147
FAVORABLE,B2_ALWAYS_LONG,2023-01-01,9,0.011464202839113905,0.0,0.011464202839113905
FAVORABLE,B2_ALWAYS_LONG,2023-02-01,9,-0.026915235906924056,0.0,-0.026915235906924056
FAVORABLE,B2_ALWAYS_LONG,2023-03-01,9,0.012033630185263119,0.0,0.012033630185263119
FAVORABLE,B2_ALWAYS_LONG,2023-04-01,9,-0.00034760475609547155,0.0,-0.00034760475609547155
FAVORABLE,B2_ALWAYS_LONG,2023-05-01,9,-0.02980318957254084,0.0,-0.02980318957254084
FAVORABLE,B2_ALWAYS_LONG,2023-06-01,9,0.020515976654902283,0.0,0.020515976654902283
FAVORABLE,B2_ALWAYS_LONG,2023-07-01,9,0.019348946202443748,0.0,0.019348946202443748
FAVORABLE,B2_ALWAYS_LONG,2023-08-01,9,-0.029850030073028,0.0,-0.029850030073028
FAVORABLE,B2_ALWAYS_LONG,2023-09-01,9,-0.01260082889058377,0.0,-0.01260082889058377
FAVORABLE,B2_ALWAYS_LONG,2023-10-01,9,-0.01793959068934407,0.0,-0.01793959068934407
FAVORABLE,B2_ALWAYS_LONG,2023-11-01,9,0.042088248670087314,0.0,0.042088248670087314
FAVORABLE,B2_ALWAYS_LONG,2023-12-01,9,0.033565753250365954,0.0,0.033565753250365954
FAVORABLE,B2_ALWAYS_LONG,2024-01-01,9,-0.023937129467787328,0.0,-0.023937129467787328
FAVORABLE,B2_ALWAYS_LONG,2024-02-01,9,-0.013032841711121783,0.0,-0.013032841711121783
FAVORABLE,B2_ALWAYS_LONG,2024-03-01,9,-0.010704835537237285,0.0,-0.010704835537237285
FAVORABLE,B2_ALWAYS_LONG,2024-04-01,9,-0.01778530937700213,0.0,-0.01778530937700213
FAVORABLE,B2_ALWAYS_LONG,2024-05-01,9,0.02466924456561796,0.0,0.02466924456561796
FAVORABLE,B2_ALWAYS_LONG,2024-06-01,9,-0.006831940662976926,0.0,-0.006831940662976926
FAVORABLE,B2_ALWAYS_LONG,2024-07-01,9,0.002480737166824978,0.0,0.002480737166824978
FAVORABLE,B2_ALWAYS_LONG,2024-08-01,9,0.03175051437907666,0.0,0.03175051437907666
FAVORABLE,B2_ALWAYS_LONG,2024-09-01,9,0.014720707745963322,0.0,0.014720707745963322
FAVORABLE,B2_ALWAYS_LONG,2024-10-01,9,-0.044287174494394094,0.0,-0.044287174494394094
FAVORABLE,B2_ALWAYS_LONG,2024-11-01,9,-0.010527750555506834,0.0,-0.010527750555506834
FAVORABLE,B2_ALWAYS_LONG,2024-12-01,9,-0.030519726465604264,0.0,-0.030519726465604264
FAVORABLE,B2_ALWAYS_SHORT,2011-02-01,9,-0.010362550577749041,5.746445814806791e-05,-0.01042001503589711
FAVORABLE,B2_ALWAYS_SHORT,2011-03-01,9,-0.009281698615346175,0.0,-0.009281698615346175
FAVORABLE,B2_ALWAYS_SHORT,2011-04-01,9,-0.044315396653242134,0.0,-0.044315396653242134
FAVORABLE,B2_ALWAYS_SHORT,2011-05-01,9,0.012885681151532546,0.0,0.012885681151532546
FAVORABLE,B2_ALWAYS_SHORT,2011-06-01,9,-0.0003878949696818099,0.0,-0.0003878949696818099
FAVORABLE,B2_ALWAYS_SHORT,2011-07-01,9,-0.024923182463362434,0.0,-0.024923182463362434
FAVORABLE,B2_ALWAYS_SHORT,2011-08-01,9,0.009408315733925013,0.0,0.009408315733925013
FAVORABLE,B2_ALWAYS_SHORT,2011-09-01,9,0.07091245269449631,0.0,0.07091245269449631
FAVORABLE,B2_ALWAYS_SHORT,2011-10-01,9,-0.043575900023282745,0.0,-0.043575900023282745
FAVORABLE,B2_ALWAYS_SHORT,2011-11-01,9,0.030833519569580185,0.0,0.030833519569580185
FAVORABLE,B2_ALWAYS_SHORT,2011-12-01,9,0.012307327342687135,0.0,0.012307327342687135
FAVORABLE,B2_ALWAYS_SHORT,2012-01-01,9,-0.01922919043303632,0.0,-0.01922919043303632
FAVORABLE,B2_ALWAYS_SHORT,2012-02-01,9,-0.015729645213242667,0.0,-0.015729645213242667
FAVORABLE,B2_ALWAYS_SHORT,2012-03-01,9,0.012800872232710758,0.0,0.012800872232710758
FAVORABLE,B2_ALWAYS_SHORT,2012-04-01,9,-0.00287508673073981,0.0,-0.00287508673073981
FAVORABLE,B2_ALWAYS_SHORT,2012-05-01,9,0.05417027987156791,0.0,0.05417027987156791
FAVORABLE,B2_ALWAYS_SHORT,2012-06-01,9,-0.02761682480853209,0.0,-0.02761682480853209
FAVORABLE,B2_ALWAYS_SHORT,2012-07-01,9,-0.0032012650686255276,0.0,-0.0032012650686255276
FAVORABLE,B2_ALWAYS_SHORT,2012-08-01,9,-0.012079552701499272,0.0,-0.012079552701499272
FAVORABLE,B2_ALWAYS_SHORT,2012-09-01,9,-0.01432888105721291,0.0,-0.01432888105721291
FAVORABLE,B2_ALWAYS_SHORT,2012-10-01,9,0.0045794667530547,0.0,0.0045794667530547
FAVORABLE,B2_ALWAYS_SHORT,2012-11-01,9,0.002414779846302833,0.0,0.002414779846302833
FAVORABLE,B2_ALWAYS_SHORT,2012-12-01,9,-0.004002206773557411,0.0,-0.004002206773557411
FAVORABLE,B2_ALWAYS_SHORT,2013-01-01,9,-0.0021494894636223424,0.0,-0.0021494894636223424
FAVORABLE,B2_ALWAYS_SHORT,2013-02-01,9,0.02624157930477411,0.0,0.02624157930477411
FAVORABLE,B2_ALWAYS_SHORT,2013-03-01,9,0.005964248601229966,0.0,0.005964248601229966
FAVORABLE,B2_ALWAYS_SHORT,2013-04-01,9,-0.009773272462704145,0.0,-0.009773272462704145
FAVORABLE,B2_ALWAYS_SHORT,2013-05-01,9,0.034939519480836165,0.0,0.034939519480836165
FAVORABLE,B2_ALWAYS_SHORT,2013-06-01,9,0.012357325780947566,0.0,0.012357325780947566
FAVORABLE,B2_ALWAYS_SHORT,2013-07-01,9,-0.01601621817755112,0.0,-0.01601621817755112
FAVORABLE,B2_ALWAYS_SHORT,2013-08-01,9,0.010410979886920389,0.0,0.010410979886920389
FAVORABLE,B2_ALWAYS_SHORT,2013-09-01,9,-0.0332621232199424,0.0,-0.0332621232199424
FAVORABLE,B2_ALWAYS_SHORT,2013-10-01,9,0.000951877898803318,0.0,0.000951877898803318
FAVORABLE,B2_ALWAYS_SHORT,2013-11-01,9,0.013776129718260414,0.0,0.013776129718260414
FAVORABLE,B2_ALWAYS_SHORT,2013-12-01,9,-0.0028208348159274063,0.0,-0.0028208348159274063
FAVORABLE,B2_ALWAYS_SHORT,2014-01-01,9,0.01629573174997308,0.0,0.01629573174997308
FAVORABLE,B2_ALWAYS_SHORT,2014-02-01,9,-0.022262816401241354,0.0,-0.022262816401241354
FAVORABLE,B2_ALWAYS_SHORT,2014-03-01,9,-0.005228882743245326,0.0,-0.005228882743245326
FAVORABLE,B2_ALWAYS_SHORT,2014-04-01,9,-0.0039105494092500515,0.0,-0.0039105494092500515
FAVORABLE,B2_ALWAYS_SHORT,2014-05-01,9,0.007648109632590574,0.0,0.007648109632590574
FAVORABLE,B2_ALWAYS_SHORT,2014-06-01,9,-0.008002889277333194,0.0,-0.008002889277333194
FAVORABLE,B2_ALWAYS_SHORT,2014-07-01,9,0.021613625866369206,0.0,0.021613625866369206
FAVORABLE,B2_ALWAYS_SHORT,2014-08-01,9,0.006614894834133122,0.0,0.006614894834133122
FAVORABLE,B2_ALWAYS_SHORT,2014-09-01,9,0.042690543243649993,0.0,0.042690543243649993
FAVORABLE,B2_ALWAYS_SHORT,2014-10-01,9,0.013164631773159345,0.0,0.013164631773159345
FAVORABLE,B2_ALWAYS_SHORT,2014-11-01,9,0.01949604790359062,0.0,0.01949604790359062
FAVORABLE,B2_ALWAYS_SHORT,2014-12-01,9,0.026851460924379424,0.0,0.026851460924379424
FAVORABLE,B2_ALWAYS_SHORT,2015-01-01,9,0.033366671608258916,0.0,0.033366671608258916
FAVORABLE,B2_ALWAYS_SHORT,2015-02-01,9,-0.003967990604584217,0.0,-0.003967990604584217
FAVORABLE,B2_ALWAYS_SHORT,2015-03-01,9,0.02596486811036706,0.0,0.02596486811036706
FAVORABLE,B2_ALWAYS_SHORT,2015-04-01,9,-0.036161202147459354,0.0,-0.036161202147459354
FAVORABLE,B2_ALWAYS_SHORT,2015-05-01,9,0.02782311341382673,0.0,0.02782311341382673
FAVORABLE,B2_ALWAYS_SHORT,2015-06-01,9,-0.005982069119239585,0.0,-0.005982069119239585
FAVORABLE,B2_ALWAYS_SHORT,2015-07-01,9,0.028793325118501127,0.0,0.028793325118501127
FAVORABLE,B2_ALWAYS_SHORT,2015-08-01,9,0.006444831906326066,0.0,0.006444831906326066
FAVORABLE,B2_ALWAYS_SHORT,2015-09-01,9,0.005783902895160644,0.0,0.005783902895160644
FAVORABLE,B2_ALWAYS_SHORT,2015-10-01,9,-0.00922299878264992,0.0,-0.00922299878264992
FAVORABLE,B2_ALWAYS_SHORT,2015-11-01,9,0.02398178065881952,0.0,0.02398178065881952
FAVORABLE,B2_ALWAYS_SHORT,2015-12-01,9,-0.009235221570876664,0.0,-0.009235221570876664
FAVORABLE,B2_ALWAYS_SHORT,2016-01-01,9,0.01830788776942982,0.0,0.01830788776942982
FAVORABLE,B2_ALWAYS_SHORT,2016-02-01,9,-0.01764380749770274,0.0,-0.01764380749770274
FAVORABLE,B2_ALWAYS_SHORT,2016-03-01,9,-0.04391237310164153,0.0,-0.04391237310164153
FAVORABLE,B2_ALWAYS_SHORT,2016-04-01,9,-0.015562907394615818,0.0,-0.015562907394615818
FAVORABLE,B2_ALWAYS_SHORT,2016-05-01,9,0.032584268805715695,0.0,0.032584268805715695
FAVORABLE,B2_ALWAYS_SHORT,2016-06-01,9,-0.007648821206752945,0.0,-0.007648821206752945
FAVORABLE,B2_ALWAYS_SHORT,2016-07-01,9,-0.0028861090787539612,0.0,-0.0028861090787539612
FAVORABLE,B2_ALWAYS_SHORT,2016-08-01,9,0.0021866614229554392,0.0,0.0021866614229554392
FAVORABLE,B2_ALWAYS_SHORT,2016-09-01,9,-0.00947558003097224,0.0,-0.00947558003097224
FAVORABLE,B2_ALWAYS_SHORT,2016-10-01,9,0.029007672448586375,0.0,0.029007672448586375
FAVORABLE,B2_ALWAYS_SHORT,2016-11-01,9,0.02456785156131258,0.0,0.02456785156131258
FAVORABLE,B2_ALWAYS_SHORT,2016-12-01,9,0.00689507086891482,0.0,0.00689507086891482
FAVORABLE,B2_ALWAYS_SHORT,2017-01-01,9,-0.03568539581036734,0.0,-0.03568539581036734
FAVORABLE,B2_ALWAYS_SHORT,2017-02-01,9,0.010683695836689378,0.0,0.010683695836689378
FAVORABLE,B2_ALWAYS_SHORT,2017-03-01,9,0.003082291747737356,0.0,0.003082291747737356
FAVORABLE,B2_ALWAYS_SHORT,2017-04-01,9,0.0002761450880071194,0.0,0.0002761450880071194
FAVORABLE,B2_ALWAYS_SHORT,2017-05-01,9,-0.014758170576491524,0.0,-0.014758170576491524
FAVORABLE,B2_ALWAYS_SHORT,2017-06-01,9,-0.017716076481566565,0.0,-0.017716076481566565
FAVORABLE,B2_ALWAYS_SHORT,2017-07-01,9,-0.029526725928092048,0.0,-0.029526725928092048
FAVORABLE,B2_ALWAYS_SHORT,2017-08-01,9,0.0035229616831076913,0.0,0.0035229616831076913
FAVORABLE,B2_ALWAYS_SHORT,2017-09-01,9,0.005003387460561738,0.0,0.005003387460561738
FAVORABLE,B2_ALWAYS_SHORT,2017-10-01,9,0.024176136076906347,0.0,0.024176136076906347
FAVORABLE,B2_ALWAYS_SHORT,2017-11-01,9,-0.00479457222754176,0.0,-0.00479457222754176
FAVORABLE,B2_ALWAYS_SHORT,2017-12-01,9,-0.01692486427153359,0.0,-0.01692486427153359
FAVORABLE,B2_ALWAYS_SHORT,2018-01-01,9,-0.038667479617333335,0.0,-0.038667479617333335
FAVORABLE,B2_ALWAYS_SHORT,2018-02-01,9,0.02163716493247804,0.0,0.02163716493247804
FAVORABLE,B2_ALWAYS_SHORT,2018-03-01,9,0.000345873669135768,0.0,0.000345873669135768
FAVORABLE,B2_ALWAYS_SHORT,2018-04-01,9,0.023042534145912483,0.0,0.023042534145912483
FAVORABLE,B2_ALWAYS_SHORT,2018-05-01,9,0.011697348338408594,0.0,0.011697348338408594
FAVORABLE,B2_ALWAYS_SHORT,2018-06-01,9,0.012687256791968866,0.0,0.012687256791968866
FAVORABLE,B2_ALWAYS_SHORT,2018-07-01,9,-0.0037093082106904257,0.0,-0.0037093082106904257
FAVORABLE,B2_ALWAYS_SHORT,2018-08-01,9,0.014503536471580869,0.0,0.014503536471580869
FAVORABLE,B2_ALWAYS_SHORT,2018-09-01,9,-0.006667912119096823,0.0,-0.006667912119096823
FAVORABLE,B2_ALWAYS_SHORT,2018-10-01,9,0.0215807856130362,0.0,0.0215807856130362
FAVORABLE,B2_ALWAYS_SHORT,2018-11-01,9,-0.007915761662608064,0.0,-0.007915761662608064
FAVORABLE,B2_ALWAYS_SHORT,2018-12-01,9,0.0007362546442688892,0.0,0.0007362546442688892
FAVORABLE,B2_ALWAYS_SHORT,2019-01-01,9,-0.015158227010348461,0.0,-0.015158227010348461
FAVORABLE,B2_ALWAYS_SHORT,2019-02-01,9,0.011194993285796638,0.0,0.011194993285796638
FAVORABLE,B2_ALWAYS_SHORT,2019-03-01,9,0.005771158607365767,0.0,0.005771158607365767
FAVORABLE,B2_ALWAYS_SHORT,2019-04-01,9,0.00880569849027636,0.0,0.00880569849027636
FAVORABLE,B2_ALWAYS_SHORT,2019-05-01,9,0.006274645515303163,0.0,0.006274645515303163
FAVORABLE,B2_ALWAYS_SHORT,2019-06-01,9,-0.01920123687756741,0.0,-0.01920123687756741
FAVORABLE,B2_ALWAYS_SHORT,2019-07-01,9,0.01965348538328672,0.0,0.01965348538328672
FAVORABLE,B2_ALWAYS_SHORT,2019-08-01,9,0.014920385557207316,0.0,0.014920385557207316
FAVORABLE,B2_ALWAYS_SHORT,2019-09-01,9,0.001982312503900241,0.0,0.001982312503900241
FAVORABLE,B2_ALWAYS_SHORT,2019-10-01,9,-0.01636405424238062,0.0,-0.01636405424238062
FAVORABLE,B2_ALWAYS_SHORT,2019-11-01,9,0.006751715216265287,0.0,0.006751715216265287
FAVORABLE,B2_ALWAYS_SHORT,2019-12-01,9,-0.03053783862939204,0.0,-0.03053783862939204
FAVORABLE,B2_ALWAYS_SHORT,2020-01-01,9,0.021915748520722103,0.0,0.021915748520722103
FAVORABLE,B2_ALWAYS_SHORT,2020-02-01,9,0.016722386297920406,0.0,0.016722386297920406
FAVORABLE,B2_ALWAYS_SHORT,2020-03-01,9,0.03542755037060351,0.0,0.03542755037060351
FAVORABLE,B2_ALWAYS_SHORT,2020-04-01,9,-0.020449977400912478,0.0,-0.020449977400912478
FAVORABLE,B2_ALWAYS_SHORT,2020-05-01,9,-0.012905919817513137,0.0,-0.012905919817513137
FAVORABLE,B2_ALWAYS_SHORT,2020-06-01,9,-0.01655223320056794,0.0,-0.01655223320056794
FAVORABLE,B2_ALWAYS_SHORT,2020-07-01,9,-0.04045681906134043,0.0,-0.04045681906134043
FAVORABLE,B2_ALWAYS_SHORT,2020-08-01,9,-0.020773680420073968,0.0,-0.020773680420073968
FAVORABLE,B2_ALWAYS_SHORT,2020-09-01,9,0.027039398810298057,0.0,0.027039398810298057
FAVORABLE,B2_ALWAYS_SHORT,2020-10-01,9,0.002221891586956848,0.0,0.002221891586956848
FAVORABLE,B2_ALWAYS_SHORT,2020-11-01,9,-0.034645320477121176,0.0,-0.034645320477121176
FAVORABLE,B2_ALWAYS_SHORT,2020-12-01,9,-0.028144887711292223,0.0,-0.028144887711292223
FAVORABLE,B2_ALWAYS_SHORT,2021-01-01,9,0.004791881933966402,0.0,0.004791881933966402
FAVORABLE,B2_ALWAYS_SHORT,2021-02-01,9,0.003349716843843701,0.0,0.003349716843843701
FAVORABLE,B2_ALWAYS_SHORT,2021-03-01,9,0.018261748422331317,0.0,0.018261748422331317
FAVORABLE,B2_ALWAYS_SHORT,2021-04-01,9,-0.02080080782377025,0.0,-0.02080080782377025
FAVORABLE,B2_ALWAYS_SHORT,2021-05-01,9,-0.01265878347199371,0.0,-0.01265878347199371
FAVORABLE,B2_ALWAYS_SHORT,2021-06-01,9,0.029893911247891425,0.0,0.029893911247891425
FAVORABLE,B2_ALWAYS_SHORT,2021-07-01,9,0.001576308813565112,0.0,0.001576308813565112
FAVORABLE,B2_ALWAYS_SHORT,2021-08-01,9,0.002323583686246596,0.0,0.002323583686246596
FAVORABLE,B2_ALWAYS_SHORT,2021-09-01,9,0.015297570609770538,0.0,0.015297570609770538
FAVORABLE,B2_ALWAYS_SHORT,2021-10-01,9,-0.018444975989579344,0.0,-0.018444975989579344
FAVORABLE,B2_ALWAYS_SHORT,2021-11-01,9,0.03467889607918414,0.0,0.03467889607918414
FAVORABLE,B2_ALWAYS_SHORT,2021-12-01,9,-0.012033968967883717,0.0,-0.012033968967883717
FAVORABLE,B2_ALWAYS_SHORT,2022-01-01,9,0.017571974306371165,0.0,0.017571974306371165
FAVORABLE,B2_ALWAYS_SHORT,2022-02-01,9,-0.008238409502742485,0.0,-0.008238409502742485
FAVORABLE,B2_ALWAYS_SHORT,2022-03-01,9,0.0006727397687530637,0.0,0.0006727397687530637
FAVORABLE,B2_ALWAYS_SHORT,2022-04-01,9,0.05127322920462513,0.0,0.05127322920462513
FAVORABLE,B2_ALWAYS_SHORT,2022-05-01,9,-0.009288878272660624,0.0,-0.009288878272660624
FAVORABLE,B2_ALWAYS_SHORT,2022-06-01,9,0.03288475504710822,0.0,0.03288475504710822
FAVORABLE,B2_ALWAYS_SHORT,2022-07-01,9,-0.003132712587978154,0.0,-0.003132712587978154
FAVORABLE,B2_ALWAYS_SHORT,2022-08-01,9,0.02789288546501984,0.0,0.02789288546501984
FAVORABLE,B2_ALWAYS_SHORT,2022-09-01,9,0.0489178925153391,0.0,0.0489178925153391
FAVORABLE,B2_ALWAYS_SHORT,2022-10-01,9,-0.009231535917407909,0.0,-0.009231535917407909
FAVORABLE,B2_ALWAYS_SHORT,2022-11-01,9,-0.04738334843681494,0.0,-0.04738334843681494
FAVORABLE,B2_ALWAYS_SHORT,2022-12-01,9,-0.021133072180550147,0.0,-0.021133072180550147
FAVORABLE,B2_ALWAYS_SHORT,2023-01-01,9,-0.011464202839113905,0.0,-0.011464202839113905
FAVORABLE,B2_ALWAYS_SHORT,2023-02-01,9,0.026915235906924056,0.0,0.026915235906924056
FAVORABLE,B2_ALWAYS_SHORT,2023-03-01,9,-0.012033630185263119,0.0,-0.012033630185263119
FAVORABLE,B2_ALWAYS_SHORT,2023-04-01,9,0.00034760475609547155,0.0,0.00034760475609547155
FAVORABLE,B2_ALWAYS_SHORT,2023-05-01,9,0.02980318957254084,0.0,0.02980318957254084
FAVORABLE,B2_ALWAYS_SHORT,2023-06-01,9,-0.020515976654902283,0.0,-0.020515976654902283
FAVORABLE,B2_ALWAYS_SHORT,2023-07-01,9,-0.019348946202443748,0.0,-0.019348946202443748
FAVORABLE,B2_ALWAYS_SHORT,2023-08-01,9,0.029850030073028,0.0,0.029850030073028
FAVORABLE,B2_ALWAYS_SHORT,2023-09-01,9,0.01260082889058377,0.0,0.01260082889058377
FAVORABLE,B2_ALWAYS_SHORT,2023-10-01,9,0.01793959068934407,0.0,0.01793959068934407
FAVORABLE,B2_ALWAYS_SHORT,2023-11-01,9,-0.042088248670087314,0.0,-0.042088248670087314
FAVORABLE,B2_ALWAYS_SHORT,2023-12-01,9,-0.033565753250365954,0.0,-0.033565753250365954
FAVORABLE,B2_ALWAYS_SHORT,2024-01-01,9,0.023937129467787328,0.0,0.023937129467787328
FAVORABLE,B2_ALWAYS_SHORT,2024-02-01,9,0.013032841711121783,0.0,0.013032841711121783
FAVORABLE,B2_ALWAYS_SHORT,2024-03-01,9,0.010704835537237285,0.0,0.010704835537237285
FAVORABLE,B2_ALWAYS_SHORT,2024-04-01,9,0.01778530937700213,0.0,0.01778530937700213
FAVORABLE,B2_ALWAYS_SHORT,2024-05-01,9,-0.02466924456561796,0.0,-0.02466924456561796
FAVORABLE,B2_ALWAYS_SHORT,2024-06-01,9,0.006831940662976926,0.0,0.006831940662976926
FAVORABLE,B2_ALWAYS_SHORT,2024-07-01,9,-0.002480737166824978,0.0,-0.002480737166824978
FAVORABLE,B2_ALWAYS_SHORT,2024-08-01,9,-0.03175051437907666,0.0,-0.03175051437907666
FAVORABLE,B2_ALWAYS_SHORT,2024-09-01,9,-0.014720707745963322,0.0,-0.014720707745963322
FAVORABLE,B2_ALWAYS_SHORT,2024-10-01,9,0.044287174494394094,0.0,0.044287174494394094
FAVORABLE,B2_ALWAYS_SHORT,2024-11-01,9,0.010527750555506834,0.0,0.010527750555506834
FAVORABLE,B2_ALWAYS_SHORT,2024-12-01,9,0.030519726465604264,0.0,0.030519726465604264
FAVORABLE,TSMOM_12M_SPOT_PRICE,2011-02-01,9,0.009101125751012728,5.746445814806791e-05,0.00904366129286466
FAVORABLE,TSMOM_12M_SPOT_PRICE,2011-03-01,9,0.009281698615346175,6.243328701186233e-06,0.009275455286644987
FAVORABLE,TSMOM_12M_SPOT_PRICE,2011-04-01,9,0.044315396653242134,0.0,0.044315396653242134
FAVORABLE,TSMOM_12M_SPOT_PRICE,2011-05-01,9,-0.012885681151532546,0.0,-0.012885681151532546
FAVORABLE,TSMOM_12M_SPOT_PRICE,2011-06-01,9,0.0003878949696818099,0.0,0.0003878949696818099
FAVORABLE,TSMOM_12M_SPOT_PRICE,2011-07-01,9,0.024923182463362434,0.0,0.024923182463362434
FAVORABLE,TSMOM_12M_SPOT_PRICE,2011-08-01,9,-0.009408315733925013,0.0,-0.009408315733925013
FAVORABLE,TSMOM_12M_SPOT_PRICE,2011-09-01,9,-0.07091245269449631,0.0,-0.07091245269449631
FAVORABLE,TSMOM_12M_SPOT_PRICE,2011-10-01,9,0.007244723043447155,4.506292156915371e-05,0.007199660121878003
FAVORABLE,TSMOM_12M_SPOT_PRICE,2011-11-01,9,-0.030833519569580185,4.554386801394982e-05,-0.030879063437594136
FAVORABLE,TSMOM_12M_SPOT_PRICE,2011-12-01,9,-0.012307327342687135,0.0,-0.012307327342687135
FAVORABLE,TSMOM_12M_SPOT_PRICE,2012-01-01,9,0.002784920642427154,8.024351436668013e-05,0.0027046771280604745
FAVORABLE,TSMOM_12M_SPOT_PRICE,2012-02-01,9,-0.016129066793019745,1.0489053975484037e-05,-0.016139555846995227
FAVORABLE,TSMOM_12M_SPOT_PRICE,2012-03-01,9,-0.009252721724680169,2.5715367521781465e-05,-0.00927843709220195
FAVORABLE,TSMOM_12M_SPOT_PRICE,2012-04-01,9,0.003727595827356625,2.5341666422723768e-05,0.003702254160933901
FAVORABLE,TSMOM_12M_SPOT_PRICE,2012-05-01,9,0.04100066691580338,1.9593638775466204e-05,0.040981073277027914
FAVORABLE,TSMOM_12M_SPOT_PRICE,2012-06-01,9,-0.031544478567962275,1.4731337237137704e-05,-0.03155920990519941
FAVORABLE,TSMOM_12M_SPOT_PRICE,2012-07-01,9,0.0015440223504614467,0.0,0.0015440223504614467
FAVORABLE,TSMOM_12M_SPOT_PRICE,2012-08-01,9,-0.012079552701499272,9.910810780064389e-06,-0.012089463512279335
FAVORABLE,TSMOM_12M_SPOT_PRICE,2012-09-01,9,-0.01432888105721291,0.0,-0.01432888105721291
FAVORABLE,TSMOM_12M_SPOT_PRICE,2012-10-01,9,-0.0027948908145328057,8.689925585522951e-05,-0.0028817900703880356
FAVORABLE,TSMOM_12M_SPOT_PRICE,2012-11-01,9,0.0019118922984474225,7.341900171377685e-05,0.0018384732967336457
FAVORABLE,TSMOM_12M_SPOT_PRICE,2012-12-01,9,0.008903325963699952,7.345626316041639e-05,0.008829869700539537
FAVORABLE,TSMOM_12M_SPOT_PRICE,2013-01-01,9,0.013430874144356373,1.703922367324748e-05,0.013413834920683125
FAVORABLE,TSMOM_12M_SPOT_PRICE,2013-02-01,9,-0.019564550281236666,9.052689314365288e-06,-0.01957360297055103
FAVORABLE,TSMOM_12M_SPOT_PRICE,2013-03-01,9,0.0033413493327115245,7.212783300630117e-05,0.003269221499705223
FAVORABLE,TSMOM_12M_SPOT_PRICE,2013-04-01,9,-0.003437550180460522,2.2361488871428428e-05,-0.003459911669331951
FAVORABLE,TSMOM_12M_SPOT_PRICE,2013-05-01,9,0.01399857908977119,9.110718814277461e-06,0.013989468370956912
FAVORABLE,TSMOM_12M_SPOT_PRICE,2013-06-01,9,-0.001351752648090633,4.180435754807269e-05,-0.001393557005638706
FAVORABLE,TSMOM_12M_SPOT_PRICE,2013-07-01,9,-0.0009869714507300367,3.8593653833828735e-05,-0.0010255651045638656
FAVORABLE,TSMOM_12M_SPOT_PRICE,2013-08-01,9,-0.0021494993828916004,2.4665989637017908e-05,-0.0021741653725286187
FAVORABLE,TSMOM_12M_SPOT_PRICE,2013-09-01,9,-0.021207368095381582,4.6946235493285206e-05,-0.02125431433087487
FAVORABLE,TSMOM_12M_SPOT_PRICE,2013-10-01,9,-0.003432921267593561,4.25510327029493e-05,-0.00347547230029651
FAVORABLE,TSMOM_12M_SPOT_PRICE,2013-11-01,9,0.008488050290908378,5.884150763018597e-06,0.00848216614014536
FAVORABLE,TSMOM_12M_SPOT_PRICE,2013-12-01,9,0.01052092732426952,1.9394306188998626e-05,0.010501533018080522
FAVORABLE,TSMOM_12M_SPOT_PRICE,2014-01-01,9,0.002593557026853377,0.0,0.002593557026853377
FAVORABLE,TSMOM_12M_SPOT_PRICE,2014-02-01,9,-0.012121568883247792,2.9437702349828683e-05,-0.012151006585597621
FAVORABLE,TSMOM_12M_SPOT_PRICE,2014-03-01,9,-0.0021296246463823453,4.285670588343029e-05,-0.0021724813522657756
FAVORABLE,TSMOM_12M_SPOT_PRICE,2014-04-01,9,-0.0015845945444368976,0.0,-0.0015845945444368976
FAVORABLE,TSMOM_12M_SPOT_PRICE,2014-05-01,9,-0.0036843996320504724,2.315572150065493e-05,-0.003707555353551127
FAVORABLE,TSMOM_12M_SPOT_PRICE,2014-06-01,9,0.005764609563298162,0.0,0.005764609563298162
FAVORABLE,TSMOM_12M_SPOT_PRICE,2014-07-01,9,-0.007958902623469828,3.274936219310743e-05,-0.007991651985662936
FAVORABLE,TSMOM_12M_SPOT_PRICE,2014-08-01,9,-0.005544755539017405,2.2277224261408265e-05,-0.005567032763278813
FAVORABLE,TSMOM_12M_SPOT_PRICE,2014-09-01,9,-0.00037589867078453084,6.551013801084172e-06,-0.000382449684585615
FAVORABLE,TSMOM_12M_SPOT_PRICE,2014-10-01,9,0.010091475444313817,3.546936362500751e-05,0.01005600608068881
FAVORABLE,TSMOM_12M_SPOT_PRICE,2014-11-01,9,0.01949604790359062,5.90462297245667e-06,0.019490143280618166
FAVORABLE,TSMOM_12M_SPOT_PRICE,2014-12-01,9,0.026851460924379424,0.0,0.026851460924379424
FAVORABLE,TSMOM_12M_SPOT_PRICE,2015-01-01,9,0.033366671608258916,0.0,0.033366671608258916
FAVORABLE,TSMOM_12M_SPOT_PRICE,2015-02-01,9,-0.003967990604584217,0.0,-0.003967990604584217
FAVORABLE,TSMOM_12M_SPOT_PRICE,2015-03-01,9,0.02596486811036706,0.0,0.02596486811036706
FAVORABLE,TSMOM_12M_SPOT_PRICE,2015-04-01,9,-0.036161202147459354,0.0,-0.036161202147459354
FAVORABLE,TSMOM_12M_SPOT_PRICE,2015-05-01,9,0.02782311341382673,0.0,0.02782311341382673
FAVORABLE,TSMOM_12M_SPOT_PRICE,2015-06-01,9,-0.005982069119239585,0.0,-0.005982069119239585
FAVORABLE,TSMOM_12M_SPOT_PRICE,2015-07-01,9,0.028793325118501127,0.0,0.028793325118501127
FAVORABLE,TSMOM_12M_SPOT_PRICE,2015-08-01,9,0.006444831906326066,0.0,0.006444831906326066
FAVORABLE,TSMOM_12M_SPOT_PRICE,2015-09-01,9,0.005783902895160644,0.0,0.005783902895160644
FAVORABLE,TSMOM_12M_SPOT_PRICE,2015-10-01,9,-0.00922299878264992,0.0,-0.00922299878264992
FAVORABLE,TSMOM_12M_SPOT_PRICE,2015-11-01,9,0.02398178065881952,0.0,0.02398178065881952
FAVORABLE,TSMOM_12M_SPOT_PRICE,2015-12-01,9,-0.009235221570876664,0.0,-0.009235221570876664
FAVORABLE,TSMOM_12M_SPOT_PRICE,2016-01-01,9,0.01830788776942982,0.0,0.01830788776942982
FAVORABLE,TSMOM_12M_SPOT_PRICE,2016-02-01,9,-0.01764380749770274,0.0,-0.01764380749770274
FAVORABLE,TSMOM_12M_SPOT_PRICE,2016-03-01,9,-0.04310349499779403,9.253866614708339e-06,-0.04311274886440874
FAVORABLE,TSMOM_12M_SPOT_PRICE,2016-04-01,9,-0.002870085152913562,5.037663790821639e-05,-0.0029204617908217784
FAVORABLE,TSMOM_12M_SPOT_PRICE,2016-05-01,9,0.011206157144817985,2.2805870756142923e-05,0.011183351274061844
FAVORABLE,TSMOM_12M_SPOT_PRICE,2016-06-01,9,0.0032662206215066597,0.0,0.0032662206215066597
FAVORABLE,TSMOM_12M_SPOT_PRICE,2016-07-01,9,0.001555858004866252,4.2948222258163245e-05,0.0015129097826080884
FAVORABLE,TSMOM_12M_SPOT_PRICE,2016-08-01,9,8.573266228216624e-05,3.961672190450897e-05,4.61159403776572e-05
FAVORABLE,TSMOM_12M_SPOT_PRICE,2016-09-01,9,-0.0002101131308975083,3.685984996272334e-05,-0.0002469729808602316
FAVORABLE,TSMOM_12M_SPOT_PRICE,2016-10-01,9,-0.005283837996781695,3.8297723272170064e-05,-0.005322135720053865
FAVORABLE,TSMOM_12M_SPOT_PRICE,2016-11-01,9,-0.009100838197803766,2.779937557283264e-05,-0.0091286375733766
FAVORABLE,TSMOM_12M_SPOT_PRICE,2016-12-01,9,-0.008574024024394247,1.8372317006150384e-05,-0.008592396341400398
FAVORABLE,TSMOM_12M_SPOT_PRICE,2017-01-01,9,0.0008983296333350635,4.1103428319823934e-05,0.0008572262050152396
FAVORABLE,TSMOM_12M_SPOT_PRICE,2017-02-01,9,0.002053652308818204,2.2762384190071764e-05,0.0020308899246281324
FAVORABLE,TSMOM_12M_SPOT_PRICE,2017-03-01,9,-0.009322467609690823,1.02721156308513e-05,-0.009332739725321676
FAVORABLE,TSMOM_12M_SPOT_PRICE,2017-04-01,9,-0.004663038860016239,4.145027589021924e-05,-0.004704489135906459
FAVORABLE,TSMOM_12M_SPOT_PRICE,2017-05-01,9,-0.014758170576491524,2.5458605968234364e-05,-0.014783629182459759
FAVORABLE,TSMOM_12M_SPOT_PRICE,2017-06-01,9,-0.001173740428846437,5.566186518855329e-05,-0.0012294022940349905
FAVORABLE,TSMOM_12M_SPOT_PRICE,2017-07-01,9,0.013566098056737388,4.859286157102165e-05,0.013517505195166367
FAVORABLE,TSMOM_12M_SPOT_PRICE,2017-08-01,9,0.0009304325082901194,9.779659546640509e-06,0.0009206528487434788
FAVORABLE,TSMOM_12M_SPOT_PRICE,2017-09-01,9,-0.01055244519198807,1.5507590577898118e-05,-0.010567952782565969
FAVORABLE,TSMOM_12M_SPOT_PRICE,2017-10-01,9,-0.010122928976130714,7.050934290269545e-06,-0.010129979910420982
FAVORABLE,TSMOM_12M_SPOT_PRICE,2017-11-01,9,-0.0014494327635383225,1.028493571368479e-05,-0.0014597176992520073
FAVORABLE,TSMOM_12M_SPOT_PRICE,2017-12-01,9,0.008810016956230725,1.9580830969599214e-05,0.008790436125261127
FAVORABLE,TSMOM_12M_SPOT_PRICE,2018-01-01,9,0.038667479617333335,1.5651656727864645e-05,0.03865182796060548
FAVORABLE,TSMOM_12M_SPOT_PRICE,2018-02-01,9,-0.02163716493247804,0.0,-0.02163716493247804
FAVORABLE,TSMOM_12M_SPOT_PRICE,2018-03-01,9,-0.0006164769992480501,1.537518921092223e-05,-0.0006318521884589724
FAVORABLE,TSMOM_12M_SPOT_PRICE,2018-04-01,9,-0.023042534145912483,1.5356489383674976e-05,-0.02305789063529616
FAVORABLE,TSMOM_12M_SPOT_PRICE,2018-05-01,9,-0.011697348338408594,0.0,-0.011697348338408594
FAVORABLE,TSMOM_12M_SPOT_PRICE,2018-06-01,9,-0.0005097217818961713,4.530587795327081e-05,-0.000555027659849442
FAVORABLE,TSMOM_12M_SPOT_PRICE,2018-07-01,9,-0.006098123752174358,2.245313496780228e-05,-0.00612057688714216
FAVORABLE,TSMOM_12M_SPOT_PRICE,2018-08-01,9,0.014503536471580869,4.386983270949734e-05,0.01445966663887137
FAVORABLE,TSMOM_12M_SPOT_PRICE,2018-09-01,9,-0.005249797114599892,7.2877736023121965e-06,-0.005257084888202204
FAVORABLE,TSMOM_12M_SPOT_PRICE,2018-10-01,9,0.0215807856130362,7.241561451038526e-06,0.021573544051585163
FAVORABLE,TSMOM_12M_SPOT_PRICE,2018-11-01,9,-0.009114566576436008,9.25366401056341e-06,-0.00912382024044657
FAVORABLE,TSMOM_12M_SPOT_PRICE,2018-12-01,9,-0.004726703607390618,2.5398742527697118e-05,-0.004752102349918315
FAVORABLE,TSMOM_12M_SPOT_PRICE,2019-01-01,9,-0.013393140703344852,2.5857160972041513e-05,-0.013418997864316893
FAVORABLE,TSMOM_12M_SPOT_PRICE,2019-02-01,9,0.006114562272124406,0.0,0.006114562272124406
FAVORABLE,TSMOM_12M_SPOT_PRICE,2019-03-01,9,0.005771158607365767,9.274075936134005e-06,0.005761884531429633
FAVORABLE,TSMOM_12M_SPOT_PRICE,2019-04-01,9,0.00880569849027636,0.0,0.00880569849027636
FAVORABLE,TSMOM_12M_SPOT_PRICE,2019-05-01,9,0.006274645515303163,0.0,0.006274645515303163
FAVORABLE,TSMOM_12M_SPOT_PRICE,2019-06-01,9,-0.017885002235569287,9.313557608381263e-06,-0.01789431579317767
FAVORABLE,TSMOM_12M_SPOT_PRICE,2019-07-01,9,0.014324047996669606,2.002407365760867e-05,0.014304023923011996
FAVORABLE,TSMOM_12M_SPOT_PRICE,2019-08-01,9,0.019580549305395496,1.9982181338818093e-05,0.019560567124056676
FAVORABLE,TSMOM_12M_SPOT_PRICE,2019-09-01,9,-0.0016814758388622824,0.0,-0.0016814758388622824
FAVORABLE,TSMOM_12M_SPOT_PRICE,2019-10-01,9,-0.016076003068032016,0.0,-0.016076003068032016
FAVORABLE,TSMOM_12M_SPOT_PRICE,2019-11-01,9,0.0006035296764052259,1.760673528872761e-05,0.0005859229411164982
FAVORABLE,TSMOM_12M_SPOT_PRICE,2019-12-01,9,-0.023224344356652018,1.0277490310836476e-05,-0.023234621846962858
FAVORABLE,TSMOM_12M_SPOT_PRICE,2020-01-01,9,0.00819998977584683,3.654182061895833e-05,0.008163447955227873
FAVORABLE,TSMOM_12M_SPOT_PRICE,2020-02-01,9,0.009819983383253357,2.685498169281201e-05,0.009793128401560543
FAVORABLE,TSMOM_12M_SPOT_PRICE,2020-03-01,9,0.03650053251559288,7.392014624013873e-06,0.03649314050096887
FAVORABLE,TSMOM_12M_SPOT_PRICE,2020-04-01,9,-0.018801158029432583,0.0,-0.018801158029432583
FAVORABLE,TSMOM_12M_SPOT_PRICE,2020-05-01,9,-0.01365778103098673,0.0,-0.01365778103098673
FAVORABLE,TSMOM_12M_SPOT_PRICE,2020-06-01,9,-0.010287566606450582,1.8384801855192084e-05,-0.010305951408305775
FAVORABLE,TSMOM_12M_SPOT_PRICE,2020-07-01,9,-0.028032124327042027,1.8520393303865146e-05,-0.028050644720345894
FAVORABLE,TSMOM_12M_SPOT_PRICE,2020-08-01,9,0.00456792554069738,6.365391776810114e-05,0.004504271622929278
FAVORABLE,TSMOM_12M_SPOT_PRICE,2020-09-01,9,-0.027039398810298057,2.8941378858135625e-05,-0.02706834018915619
FAVORABLE,TSMOM_12M_SPOT_PRICE,2020-10-01,9,0.0021255224310454558,2.8125378445615465e-05,0.0020973970525998403
FAVORABLE,TSMOM_12M_SPOT_PRICE,2020-11-01,9,0.012485261404330015,0.0,0.012485261404330015
FAVORABLE,TSMOM_12M_SPOT_PRICE,2020-12-01,9,0.028144887711292223,2.8743667753419652e-05,0.028116144043538807
FAVORABLE,TSMOM_12M_SPOT_PRICE,2021-01-01,9,-0.004791881933966402,0.0,-0.004791881933966402
FAVORABLE,TSMOM_12M_SPOT_PRICE,2021-02-01,9,-0.003349716843843701,0.0,-0.003349716843843701
FAVORABLE,TSMOM_12M_SPOT_PRICE,2021-03-01,9,-0.018261748422331317,0.0,-0.018261748422331317
FAVORABLE,TSMOM_12M_SPOT_PRICE,2021-04-01,9,0.01814559962068136,9.28458704887386e-06,0.018136315033632486
FAVORABLE,TSMOM_12M_SPOT_PRICE,2021-05-01,9,0.01302211057396279,0.0,0.01302211057396279
FAVORABLE,TSMOM_12M_SPOT_PRICE,2021-06-01,9,-0.026678285808743527,0.0,-0.026678285808743527
FAVORABLE,TSMOM_12M_SPOT_PRICE,2021-07-01,9,-0.004210678892464613,0.0,-0.004210678892464613
FAVORABLE,TSMOM_12M_SPOT_PRICE,2021-08-01,9,-0.0019598415067034747,0.0,-0.0019598415067034747
FAVORABLE,TSMOM_12M_SPOT_PRICE,2021-09-01,9,-0.0005978838228380597,3.071793670622029e-05,-0.0006286017595442799
FAVORABLE,TSMOM_12M_SPOT_PRICE,2021-10-01,9,0.02004264831840694,1.3093642651385615e-05,0.020029554675755554
FAVORABLE,TSMOM_12M_SPOT_PRICE,2021-11-01,9,-0.030397674527386953,0.0,-0.030397674527386953
FAVORABLE,TSMOM_12M_SPOT_PRICE,2021-12-01,9,-0.009295384383243756,7.435114324965013e-05,-0.009369735526493407
FAVORABLE,TSMOM_12M_SPOT_PRICE,2022-01-01,9,0.016856929662029244,0.0,0.016856929662029244
FAVORABLE,TSMOM_12M_SPOT_PRICE,2022-02-01,9,-0.00764782938721515,0.0,-0.00764782938721515
FAVORABLE,TSMOM_12M_SPOT_PRICE,2022-03-01,9,0.0038647769445034033,0.0,0.0038647769445034033
FAVORABLE,TSMOM_12M_SPOT_PRICE,2022-04-01,9,0.03405665193410585,1.0488583591914088e-05,0.034046163350513935
FAVORABLE,TSMOM_12M_SPOT_PRICE,2022-05-01,9,-0.009288878272660624,2.007760254081039e-05,-0.009308955875201433
FAVORABLE,TSMOM_12M_SPOT_PRICE,2022-06-01,9,0.03288475504710822,0.0,0.03288475504710822
FAVORABLE,TSMOM_12M_SPOT_PRICE,2022-07-01,9,-0.003132712587978154,0.0,-0.003132712587978154
FAVORABLE,TSMOM_12M_SPOT_PRICE,2022-08-01,9,0.02789288546501984,0.0,0.02789288546501984
FAVORABLE,TSMOM_12M_SPOT_PRICE,2022-09-01,9,0.0489178925153391,0.0,0.0489178925153391
FAVORABLE,TSMOM_12M_SPOT_PRICE,2022-10-01,9,-0.009231535917407909,0.0,-0.009231535917407909
FAVORABLE,TSMOM_12M_SPOT_PRICE,2022-11-01,9,-0.04738334843681494,0.0,-0.04738334843681494
FAVORABLE,TSMOM_12M_SPOT_PRICE,2022-12-01,9,-0.021133072180550147,0.0,-0.021133072180550147
FAVORABLE,TSMOM_12M_SPOT_PRICE,2023-01-01,9,-0.011464202839113905,0.0,-0.011464202839113905
FAVORABLE,TSMOM_12M_SPOT_PRICE,2023-02-01,9,0.022398249514167825,1.0499206854614604e-05,0.02238775030731321
FAVORABLE,TSMOM_12M_SPOT_PRICE,2023-03-01,9,-0.012033630185263119,1.0443889893124452e-05,-0.012044074075156242
FAVORABLE,TSMOM_12M_SPOT_PRICE,2023-04-01,9,0.005715934970044165,1.0513531341096792e-05,0.005705421438703068
FAVORABLE,TSMOM_12M_SPOT_PRICE,2023-05-01,9,0.016524489782611278,7.806354070031559e-06,0.01651668342854125
FAVORABLE,TSMOM_12M_SPOT_PRICE,2023-06-01,9,-0.015650503631081558,8.094747187989275e-06,-0.015658598378269547
FAVORABLE,TSMOM_12M_SPOT_PRICE,2023-07-01,9,-0.00859692181403562,1.5314015595232736e-05,-0.008612235829630853
FAVORABLE,TSMOM_12M_SPOT_PRICE,2023-08-01,9,0.01968752354331809,0.0,0.01968752354331809
FAVORABLE,TSMOM_12M_SPOT_PRICE,2023-09-01,9,-0.008452869395933593,0.0,-0.008452869395933593
FAVORABLE,TSMOM_12M_SPOT_PRICE,2023-10-01,9,-0.014577791929254569,7.689161267072851e-05,-0.014654683541925296
FAVORABLE,TSMOM_12M_SPOT_PRICE,2023-11-01,9,-0.016297734541553685,7.706529880332396e-05,-0.016374799840357012
FAVORABLE,TSMOM_12M_SPOT_PRICE,2023-12-01,9,-0.011553023886564602,1.7355789727305485e-05,-0.011570379676291907
FAVORABLE,TSMOM_12M_SPOT_PRICE,2024-01-01,9,-0.0019344710406400524,2.350501732279945e-05,-0.001957976057962852
FAVORABLE,TSMOM_12M_SPOT_PRICE,2024-02-01,9,0.0047247233299048735,3.189110031111023e-05,0.004692832229593763
FAVORABLE,TSMOM_12M_SPOT_PRICE,2024-03-01,9,-0.0007182221376392794,1.758891725969531e-05,-0.0007358110548989747
FAVORABLE,TSMOM_12M_SPOT_PRICE,2024-04-01,9,0.011881788248481974,3.473416715758738e-05,0.011847054081324386
FAVORABLE,TSMOM_12M_SPOT_PRICE,2024-05-01,9,-0.02466924456561796,1.805308124946337e-05,-0.02468729764686742
FAVORABLE,TSMOM_12M_SPOT_PRICE,2024-06-01,9,-0.0012318351764202757,9.28021201277212e-05,-0.001324637296547997
FAVORABLE,TSMOM_12M_SPOT_PRICE,2024-07-01,9,-0.014937265306794931,4.429533251263831e-05,-0.014981560639307568
FAVORABLE,TSMOM_12M_SPOT_PRICE,2024-08-01,9,-0.03175051437907666,4.850002414208323e-05,-0.031799014403218744
FAVORABLE,TSMOM_12M_SPOT_PRICE,2024-09-01,9,0.009893283504421337,0.00010182152031774433,0.009791461984103593
FAVORABLE,TSMOM_12M_SPOT_PRICE,2024-10-01,9,-0.044287174494394094,8.942322062485564e-06,-0.044296116816456586
FAVORABLE,TSMOM_12M_SPOT_PRICE,2024-11-01,9,-0.012153513899633768,1.844351801688607e-05,-0.012171957417650654
FAVORABLE,TSMOM_12M_SPOT_PRICE,2024-12-01,9,0.027427071521097492,8.58233551369586e-05,0.027341248165960532
