month,currency,requested_hour_utc,observed_at_utc,source_url,raw_sha256,raw_bytes
2010-01-01,AUD,2010-01-29T16:00:00+00:00,2010-01-29T16:59:59.982000+00:00,https://jetta.dukascopy.com/v1/ticks/AUD-USD/2010/1/29/16,82f3be2388d583c6054e4309a6dde1af84aea0cfdc8f246d1d740e36938f0bf4,171583
2010-01-01,CAD,2010-01-29T16:00:00+00:00,2010-01-29T16:59:59.814000+00:00,https://jetta.dukascopy.com/v1/ticks/USD-CAD/2010/1/29/16,5710ff5c730b5e755b7831af3f051e4de75acb45b306beca05d1989ced9446a1,150298
2010-01-01,CHF,2010-01-29T16:00:00+00:00,2010-01-29T16:59:59.874000+00:00,https://jetta.dukascopy.com/v1/ticks/USD-CHF/2010/1/29/16,7ea3cc09341f6eefafef744314c6d0b1498c34b77fb94e2204af56b88f869199,171735
2010-01-01,EUR,2010-01-29T16:00:00+00:00,2010-01-29T16:59:55.690000+00:00,https://jetta.dukascopy.com/v1/ticks/EUR-USD/2010/1/29/16,c2b86a05baa42802d1382e200ca0ab40c967e33c1ceec03fedb509c151e52ae4,43346
2010-01-01,GBP,2010-01-29T16:00:00+00:00,2010-01-29T16:59:58.604000+00:00,https://jetta.dukascopy.com/v1/ticks/GBP-USD/2010/1/29/16,e4999d51669760d0e3b188f601bed51cf75ecbf94a55c02cc71c01096458cb5e,181915
2010-01-01,JPY,2010-01-29T16:00:00+00:00,2010-01-29T16:59:59.014000+00:00,https://jetta.dukascopy.com/v1/ticks/USD-JPY/2010/1/29/16,7c539c6ec0550f29722a36765a9b781dcfd4c0a89db866ce184e1126cf9bd400,160564
2010-01-01,NOK,2010-01-29T16:00:00+00:00,2010-01-29T16:59:59.814000+00:00,https://jetta.dukascopy.com/v1/ticks/USD-NOK/2010/1/29/16,6220af3cac9d93313a7f92a178ed0f1518aaaf4eeeb611afd151e821799a85a7,106794
2010-01-01,NZD,2010-01-29T16:00:00+00:00,2010-01-29T16:59:59.644000+00:00,https://jetta.dukascopy.com/v1/ticks/NZD-USD/2010/1/29/16,2fb1be29d6872527e98ccb5231ad65995403796be152f63fb9d403a3efef4075,143212
2010-01-01,SEK,2010-01-29T16:00:00+00:00,2010-01-29T16:59:59.874000+00:00,https://jetta.dukascopy.com/v1/ticks/USD-SEK/2010/1/29/16,4feebf71d161fa63df5c02a326c83f73a2b735a07db004622108200eeed8b6bc,115757
2010-02-01,AUD,2010-02-26T16:00:00+00:00,2010-02-26T16:59:58.068000+00:00,https://jetta.dukascopy.com/v1/ticks/AUD-USD/2010/2/26/16,e364fa47e9c2d139162376479d821d2aec9c511e11c2ca406366b26d0385e07e,150339
2010-02-01,CAD,2010-02-26T16:00:00+00:00,2010-02-26T16:59:59.676000+00:00,https://jetta.dukascopy.com/v1/ticks/USD-CAD/2010/2/26/16,cb9a2365d8de95e842238cb13395f93e05015d8a5e62dd27c262f9eec217bea1,124269
2010-02-01,CHF,2010-02-26T16:00:00+00:00,2010-02-26T16:59:59.656000+00:00,https://jetta.dukascopy.com/v1/ticks/USD-CHF/2010/2/26/16,b8ef639fec71530ff0dc9c6b10288adf846f76d548a808d46cdf0fef2d418774,118674
2010-02-01,EUR,2010-02-26T16:00:00+00:00,2010-02-26T16:59:56.279000+00:00,https://jetta.dukascopy.com/v1/ticks/EUR-USD/2010/2/26/16,d3eef946dff93f6a6214de474919f21afa511a1f6c3bd528b43430861a950cd0,43503
2010-02-01,GBP,2010-02-26T16:00:00+00:00,2010-02-26T16:59:59.695000+00:00,https://jetta.dukascopy.com/v1/ticks/GBP-USD/2010/2/26/16,6e80c192874014daed7e8c84e69cc7962bfe3514d0f9030f5035cc226114009c,133190
2010-02-01,JPY,2010-02-26T16:00:00+00:00,2010-02-26T16:59:59.673000+00:00,https://jetta.dukascopy.com/v1/ticks/USD-JPY/2010/2/26/16,ca396fb21b506f6ad4c070f79ac03d47495d678a629f66ca7186ebc399900e80,71196
2010-02-01,NOK,2010-02-26T16:00:00+00:00,2010-02-26T16:59:58.783000+00:00,https://jetta.dukascopy.com/v1/ticks/USD-NOK/2010/2/26/16,e9132e997323541906653706492a6b900f76cf7fc66f7a5e8f6d4396588f789a,95990
2010-02-01,NZD,2010-02-26T16:00:00+00:00,2010-02-26T16:59:59.849000+00:00,https://jetta.dukascopy.com/v1/ticks/NZD-USD/2010/2/26/16,0cb14f5cc1e63fd5ee67027b54c14a3a62bb64eb59279cdedeaee2a0d530e569,93688
2010-02-01,SEK,2010-02-26T16:00:00+00:00,2010-02-26T16:59:59.841000+00:00,https://jetta.dukascopy.com/v1/ticks/USD-SEK/2010/2/26/16,873318d030c0ff544f4423a01849903e41231e9df5ec960e7e0a7bc76ed24578,101075
2010-03-01,AUD,2010-03-31T16:00:00+00:00,2010-03-31T16:59:59.126000+00:00,https://jetta.dukascopy.com/v1/ticks/AUD-USD/2010/3/31/16,920eee207ab911bb3bd9c4f0fac0b7c1ddbbb75883e20189673664f43b3c4164,47940
2010-03-01,CAD,2010-03-31T16:00:00+00:00,2010-03-31T16:59:59.249000+00:00,https://jetta.dukascopy.com/v1/ticks/USD-CAD/2010/3/31/16,1ea2bfea29f2eaaa6e0c347cd71eca2836c70baa1eef216437d6cdeb6a5a8af8,93817
2010-03-01,CHF,2010-03-31T16:00:00+00:00,2010-03-31T16:59:58.925000+00:00,https://jetta.dukascopy.com/v1/ticks/USD-CHF/2010/3/31/16,3072856cec8a1c91f090be46d419dcce98b638b808fef4ffb7d5b3f2fa3a4c07,131349
2010-03-01,EUR,2010-03-31T16:00:00+00:00,2010-03-31T16:59:57.778000+00:00,https://jetta.dukascopy.com/v1/ticks/EUR-USD/2010/3/31/16,ae2703580428e0704d75e41377e38b1b9bcc1f2e0c844b9464f918ab5b1ddbbb,44388
2010-03-01,GBP,2010-03-31T16:00:00+00:00,2010-03-31T16:59:58.901000+00:00,https://jetta.dukascopy.com/v1/ticks/GBP-USD/2010/3/31/16,5e2599cadad922cb58dbc0b27d3cabee3896c02fb92b2840228b994119c4dc01,130722
2010-03-01,JPY,2010-03-31T16:00:00+00:00,2010-03-31T16:59:59.234000+00:00,https://jetta.dukascopy.com/v1/ticks/USD-JPY/2010/3/31/16,c418fc58cfb20de2a0d65a2cdcdde17581cc2eadcb18158fbd6cf5389e041684,85667
2010-03-01,NOK,2010-03-31T16:00:00+00:00,2010-03-31T16:59:58.907000+00:00,https://jetta.dukascopy.com/v1/ticks/USD-NOK/2010/3/31/16,8505f24b1600057bf221dd4e650b97287d1f34b10dcce1ed87fcf215e7adfe05,54161
2010-03-01,NZD,2010-03-31T16:00:00+00:00,2010-03-31T16:59:59.720000+00:00,https://jetta.dukascopy.com/v1/ticks/NZD-USD/2010/3/31/16,b862780c46e1559dc2cbb2e5fab8a024e0ad00519dab4ca320df85722b73023f,71853
2010-03-01,SEK,2010-03-31T16:00:00+00:00,2010-03-31T16:59:58.893000+00:00,https://jetta.dukascopy.com/v1/ticks/USD-SEK/2010/3/31/16,f215b33980e3a5cf492009f9bdeb0c958fe617159727bcc8330a8dda50a877d8,75120
2010-04-01,AUD,2010-04-30T16:00:00+00:00,2010-04-30T16:59:59.224000+00:00,https://jetta.dukascopy.com/v1/ticks/AUD-USD/2010/4/30/16,f71eceaccc7f1e98e5a362ae855321b4d6e6a54a4a9e06c9c5d15000c20f6173,82254
2010-04-01,CAD,2010-04-30T16:00:00+00:00,2010-04-30T16:59:59.504000+00:00,https://jetta.dukascopy.com/v1/ticks/USD-CAD/2010/4/30/16,63645ee2b9f054443db231f24ed6c5c95691ada884a58e2afdc742ade9774f3c,110629
2010-04-01,CHF,2010-04-30T16:00:00+00:00,2010-04-30T16:59:58.561000+00:00,https://jetta.dukascopy.com/v1/ticks/USD-CHF/2010/4/30/16,9db1335b5c266209b68bbecfbf7c0ddbd8b15818a718ec0ba866c02fafdd37a5,91166
2010-04-01,EUR,2010-04-30T16:00:00+00:00,2010-04-30T16:59:56.378000+00:00,https://jetta.dukascopy.com/v1/ticks/EUR-USD/2010/4/30/16,9255bbcdcb31c737602e68d28633627646066fdbde30499f1a3031932707f464,43305
2010-04-01,GBP,2010-04-30T16:00:00+00:00,2010-04-30T16:59:58.554000+00:00,https://jetta.dukascopy.com/v1/ticks/GBP-USD/2010/4/30/16,c7d1202d8e4acaf3e30b566c0957d64a643f12766fe92076943cb1797f48d75b,106638
2010-04-01,JPY,2010-04-30T16:00:00+00:00,2010-04-30T16:59:59.410000+00:00,https://jetta.dukascopy.com/v1/ticks/USD-JPY/2010/4/30/16,e6314d7f5605c9b0212583107b0153207e02f1b3539cf801fa6d9d8bb6863d4f,89927
2010-04-01,NOK,2010-04-30T16:00:00+00:00,2010-04-30T16:59:59.493000+00:00,https://jetta.dukascopy.com/v1/ticks/USD-NOK/2010/4/30/16,03d5e6426ea07329180f53b5a30388e073d10b44e267d7a13ddcf1550a69f914,64355
2010-04-01,NZD,2010-04-30T16:00:00+00:00,2010-04-30T16:59:59.544000+00:00,https://jetta.dukascopy.com/v1/ticks/NZD-USD/2010/4/30/16,1a9e38d79ed863e57a736de4ee6f1a2aa8eee2c87af3e9707241d367b30d1b22,62431
2010-04-01,SEK,2010-04-30T16:00:00+00:00,2010-04-30T16:59:59.496000+00:00,https://jetta.dukascopy.com/v1/ticks/USD-SEK/2010/4/30/16,f8616ae54716346050e3cd1aef52293d60cc3b44211bf927f7809468b0c585c6,69000
2010-05-01,AUD,2010-05-31T16:00:00+00:00,2010-05-31T16:59:57.389000+00:00,https://jetta.dukascopy.com/v1/ticks/AUD-USD/2010/5/31/16,a79f89ca70f0f7d2609ac842c03a4e42b738fb4d40eab6de6cfb4eb80f16b208,25486
2010-05-01,CAD,2010-05-31T16:00:00+00:00,2010-05-31T16:59:51.839000+00:00,https://jetta.dukascopy.com/v1/ticks/USD-CAD/2010/5/31/16,5df0d69e202a18199a76e9ecdbd8dc08b54a241a49cce1ab5a2f0e1e0bc49c8f,37062
2010-05-01,CHF,2010-05-31T16:00:00+00:00,2010-05-31T16:59:59.802000+00:00,https://jetta.dukascopy.com/v1/ticks/USD-CHF/2010/5/31/16,29672bd97196f66498fb88b7af55c2adbff417935edffc9b5f6a85699b7d65ec,48988
2010-05-01,EUR,2010-05-31T16:00:00+00:00,2010-05-31T16:59:55.586000+00:00,https://jetta.dukascopy.com/v1/ticks/EUR-USD/2010/5/31/16,c955350f62cc77e92b423e690a9024d65ca01534d030f2f6da2d56edc37b208c,43150
2010-05-01,GBP,2010-05-31T16:00:00+00:00,2010-05-31T16:59:59.567000+00:00,https://jetta.dukascopy.com/v1/ticks/GBP-USD/2010/5/31/16,9db62ef4a5aa8f55d1f03877f10abdb3edbecdb9fe61a59c29af55c75b6def2a,47578
2010-05-01,JPY,2010-05-31T16:00:00+00:00,2010-05-31T16:59:45.353000+00:00,https://jetta.dukascopy.com/v1/ticks/USD-JPY/2010/5/31/16,0b2f8055cf2f5288c2f6d4a158bfe9770f2520c5329933e8109dc568ea0a6460,40348
2010-05-01,NOK,2010-05-31T16:00:00+00:00,2010-05-31T16:59:59.289000+00:00,https://jetta.dukascopy.com/v1/ticks/USD-NOK/2010/5/31/16,9bad2a90ec1c2b8d8c3259d4b8a94f407bdc1a4af7780a353193e67012197d2a,33644
2010-05-01,NZD,2010-05-31T16:00:00+00:00,2010-05-31T16:59:59.271000+00:00,https://jetta.dukascopy.com/v1/ticks/NZD-USD/2010/5/31/16,081f1399aa4da61b01f7893d11cfd9e2630d5f1396f2902f406f530e6ea351ac,23391
2010-05-01,SEK,2010-05-31T16:00:00+00:00,2010-05-31T16:59:59.269000+00:00,https://jetta.dukascopy.com/v1/ticks/USD-SEK/2010/5/31/16,83af0f87b12e189311edf073dae3dc2fba109e8cb99e7dba13187619379ab62c,35538
2010-06-01,AUD,2010-06-30T16:00:00+00:00,2010-06-30T16:59:59.849000+00:00,https://jetta.dukascopy.com/v1/ticks/AUD-USD/2010/6/30/16,07c3b72fd699c9fad27d777ab0e75de42b3aece63ed2ecbfa1e00af1f4597723,49761
2010-06-01,CAD,2010-06-30T16:00:00+00:00,2010-06-30T16:59:59.860000+00:00,https://jetta.dukascopy.com/v1/ticks/USD-CAD/2010/6/30/16,199a2cfc264ac4988cc9937fe1a966f633fa9a6c46560bb78b3a7a04e47da51f,91733
2010-06-01,CHF,2010-06-30T16:00:00+00:00,2010-06-30T16:59:59.633000+00:00,https://jetta.dukascopy.com/v1/ticks/USD-CHF/2010/6/30/16,2cf32ef100837311f1a157f81ecae65710c1332f5bba9ef89f73a59f3c6630cd,67029
2010-06-01,EUR,2010-06-30T16:00:00+00:00,2010-06-30T16:59:59.816000+00:00,https://jetta.dukascopy.com/v1/ticks/EUR-USD/2010/6/30/16,9995eedaacd5d9e9d97b52dc214176d54b7da1f6a955341d063ebb48f6619faa,44376
2010-06-01,GBP,2010-06-30T16:00:00+00:00,2010-06-30T16:59:59.885000+00:00,https://jetta.dukascopy.com/v1/ticks/GBP-USD/2010/6/30/16,0275267e694ae01b9191e87c1f0c58ccca1b74c7a0f786b1d5feab9baa718567,128049
2010-06-01,JPY,2010-06-30T16:00:00+00:00,2010-06-30T16:59:59.649000+00:00,https://jetta.dukascopy.com/v1/ticks/USD-JPY/2010/6/30/16,fb4432d825d09c86af75c1900cacf69626cae8ea27f42d693ab2bccace45452d,60611
2010-06-01,NOK,2010-06-30T16:00:00+00:00,2010-06-30T16:59:59.855000+00:00,https://jetta.dukascopy.com/v1/ticks/USD-NOK/2010/6/30/16,f674aed599535462939799a959c2caca34e94b5e4ae140bd0fb844256646b4ee,57307
2010-06-01,NZD,2010-06-30T16:00:00+00:00,2010-06-30T16:59:59.870000+00:00,https://jetta.dukascopy.com/v1/ticks/NZD-USD/2010/6/30/16,d6db5e78606ab2fbbfba59b4cacbeaf6eafa8e97735ea9c63d16c86625567e58,45760
2010-06-01,SEK,2010-06-30T16:00:00+00:00,2010-06-30T16:59:59.876000+00:00,https://jetta.dukascopy.com/v1/ticks/USD-SEK/2010/6/30/16,f41eacf6618c20bff09e57c01d0813d7c60cd157c835a90f6e0a29a5d8a0bc17,77674
2010-07-01,AUD,2010-07-30T16:00:00+00:00,2010-07-30T16:59:59.787000+00:00,https://jetta.dukascopy.com/v1/ticks/AUD-USD/2010/7/30/16,ccf11ba8e2fd86277ad5d8f731ba0037ca9f5c5a0c0d3d23ed3a422d8c3ada49,71095
2010-07-01,CAD,2010-07-30T16:00:00+00:00,2010-07-30T16:59:59.468000+00:00,https://jetta.dukascopy.com/v1/ticks/USD-CAD/2010/7/30/16,2e4ff283c7fff5e244cc9676abf7a66eeb7eb1ba41e0311dad8187a7f27d8bf5,116085
2010-07-01,CHF,2010-07-30T16:00:00+00:00,2010-07-30T16:59:59.959000+00:00,https://jetta.dukascopy.com/v1/ticks/USD-CHF/2010/7/30/16,714f4a37cad7f2cad62977cea4fcada65579a75d9d66cc7cbf5190cc8e627bf6,76342
2010-07-01,EUR,2010-07-30T16:00:00+00:00,2010-07-30T16:59:57.944000+00:00,https://jetta.dukascopy.com/v1/ticks/EUR-USD/2010/7/30/16,6492fb95b675aad7d85c6568a70ace2d5824271731a863cf18a4c5a0182f9925,44437
2010-07-01,GBP,2010-07-30T16:00:00+00:00,2010-07-30T16:59:59.972000+00:00,https://jetta.dukascopy.com/v1/ticks/GBP-USD/2010/7/30/16,86fa498ff387beaf0a0bfaec79ff943f34fa86614f497404a482b940ed23040d,119365
2010-07-01,JPY,2010-07-30T16:00:00+00:00,2010-07-30T16:59:59.689000+00:00,https://jetta.dukascopy.com/v1/ticks/USD-JPY/2010/7/30/16,a969c8e0d88acab2e75f84af73cfb744e4e853af4586f9672dc40b0c01fef35d,73967
2010-07-01,NOK,2010-07-30T16:00:00+00:00,2010-07-30T16:59:59.557000+00:00,https://jetta.dukascopy.com/v1/ticks/USD-NOK/2010/7/30/16,778b95e3f069dcb4906426e3200a099878bb62c05c669bd5a22093697342f141,49702
2010-07-01,NZD,2010-07-30T16:00:00+00:00,2010-07-30T16:59:59.483000+00:00,https://jetta.dukascopy.com/v1/ticks/NZD-USD/2010/7/30/16,3a86c44f38c555e82e7b75313a15201829042cfe53eebd13fec50c4a23facd6d,43760
2010-07-01,SEK,2010-07-30T16:00:00+00:00,2010-07-30T16:59:59.474000+00:00,https://jetta.dukascopy.com/v1/ticks/USD-SEK/2010/7/30/16,01398ff6fdd010748f3e035d8214d6489b8df69300444195ce62773c641be3c9,49644
2010-08-01,AUD,2010-08-31T16:00:00+00:00,2010-08-31T16:59:59.673000+00:00,https://jetta.dukascopy.com/v1/ticks/AUD-USD/2010/8/31/16,d28110e34bf1469ec02e0677701dd752818c95eeea45701bdaef03f6189a8f2c,76199
2010-08-01,CAD,2010-08-31T16:00:00+00:00,2010-08-31T16:59:59.601000+00:00,https://jetta.dukascopy.com/v1/ticks/USD-CAD/2010/8/31/16,8dbe3da07fe8499cd4d1061bbe35ea8aa047efe46f2b783d7a8308aeafaac630,116611
2010-08-01,CHF,2010-08-31T16:00:00+00:00,2010-08-31T16:59:59.244000+00:00,https://jetta.dukascopy.com/v1/ticks/USD-CHF/2010/8/31/16,2d6b50d5085c2e0af2a795ccd9730ff8dbd088d2027cc5ae1fe42d0b013f9a65,72429
2010-08-01,EUR,2010-08-31T16:00:00+00:00,2010-08-31T16:59:55.383000+00:00,https://jetta.dukascopy.com/v1/ticks/EUR-USD/2010/8/31/16,b2bdb1b85ad2e8d5cec6318bbe223a0ec46317e1b7d675f91570a7052c820b2a,43128
2010-08-01,GBP,2010-08-31T16:00:00+00:00,2010-08-31T16:59:59.613000+00:00,https://jetta.dukascopy.com/v1/ticks/GBP-USD/2010/8/31/16,59edae0ac17a6e542e6698b38429d678c343a7d4fe953450c16ee549fca05813,104970
2010-08-01,JPY,2010-08-31T16:00:00+00:00,2010-08-31T16:59:59.246000+00:00,https://jetta.dukascopy.com/v1/ticks/USD-JPY/2010/8/31/16,46231f2ae089fcc2674648611f671b12589e53f8ad5a1eda20d3b6e454075530,70838
2010-08-01,NOK,2010-08-31T16:00:00+00:00,2010-08-31T16:59:59.842000+00:00,https://jetta.dukascopy.com/v1/ticks/USD-NOK/2010/8/31/16,4a29766abcecbabb0ddf993c4e24c6950d35e7171bc17267db5471cd5f6a0c02,64243
2010-08-01,NZD,2010-08-31T16:00:00+00:00,2010-08-31T16:59:59.243000+00:00,https://jetta.dukascopy.com/v1/ticks/NZD-USD/2010/8/31/16,a91d07453546c10fe21caf67c1e2ffcb9312feffa0d34588029a76b8f9f2abcf,80816
2010-08-01,SEK,2010-08-31T16:00:00+00:00,2010-08-31T16:59:59.841000+00:00,https://jetta.dukascopy.com/v1/ticks/USD-SEK/2010/8/31/16,f60c96223d0723b043d903bf34ef82cc84b29853d17263f8f01721f6c81ba846,62651
2010-09-01,AUD,2010-09-30T16:00:00+00:00,2010-09-30T16:59:59.834000+00:00,https://jetta.dukascopy.com/v1/ticks/AUD-USD/2010/9/30/16,38d0b4888d67fabf0ebadeb2192c65eb28755518f07eeb18e9dd14197bf63dfb,113364
2010-09-01,CAD,2010-09-30T16:00:00+00:00,2010-09-30T16:59:59.719000+00:00,https://jetta.dukascopy.com/v1/ticks/USD-CAD/2010/9/30/16,1b145abbe4cbd42d46a93e83454565b6e3ec8bd2b8066bf75124494e9fb42b8c,130544
2010-09-01,CHF,2010-09-30T16:00:00+00:00,2010-09-30T16:59:59.342000+00:00,https://jetta.dukascopy.com/v1/ticks/USD-CHF/2010/9/30/16,edccc0a60eff1ca2a438829e26e66ba8ba93faebad192c44226efa17820d48eb,101517
2010-09-01,EUR,2010-09-30T16:00:00+00:00,2010-09-30T16:59:57.294000+00:00,https://jetta.dukascopy.com/v1/ticks/EUR-USD/2010/9/30/16,9c8a297d4641ebdb1f722b5e3ec366db8ed4e99f14de28c67b1cad3c24235cbe,43421
2010-09-01,GBP,2010-09-30T16:00:00+00:00,2010-09-30T16:59:59.713000+00:00,https://jetta.dukascopy.com/v1/ticks/GBP-USD/2010/9/30/16,e8ac54d7532b725bdb9860d467f2b3673447ff034b10b042bc3e528235d1869a,121840
2010-09-01,JPY,2010-09-30T16:00:00+00:00,2010-09-30T16:59:59.715000+00:00,https://jetta.dukascopy.com/v1/ticks/USD-JPY/2010/9/30/16,ff7b9b44793398ce072a88615b545afcbad99c7d3ab397b8f2d658c892327e55,72266
2010-09-01,NOK,2010-09-30T16:00:00+00:00,2010-09-30T16:59:59.321000+00:00,https://jetta.dukascopy.com/v1/ticks/USD-NOK/2010/9/30/16,3b379dfeb25ee16c50f1f4933958d581200471059c81e52f47f509d442bb3ca9,57172
2010-09-01,NZD,2010-09-30T16:00:00+00:00,2010-09-30T16:59:59.339000+00:00,https://jetta.dukascopy.com/v1/ticks/NZD-USD/2010/9/30/16,d18f4899e482681b03c191064fa9e048b66bc97d9613b4ba013ca28c50492bfd,86251
2010-09-01,SEK,2010-09-30T16:00:00+00:00,2010-09-30T16:59:59.329000+00:00,https://jetta.dukascopy.com/v1/ticks/USD-SEK/2010/9/30/16,a180f35e1b9c185f278acbe9fc3d2d6d6c4d3d35a1b1ca4722e9f36d8cdf9598,100622
2010-10-01,AUD,2010-10-29T16:00:00+00:00,2010-10-29T16:59:59.718000+00:00,https://jetta.dukascopy.com/v1/ticks/AUD-USD/2010/10/29/16,e9ddbf56153119a6dda5c852b03ab24035e7334ba5faa02ab32b5cc6662aba69,127658
2010-10-01,CAD,2010-10-29T16:00:00+00:00,2010-10-29T16:59:59.944000+00:00,https://jetta.dukascopy.com/v1/ticks/USD-CAD/2010/10/29/16,54ff9a2eaf834f374c7edccd44d3f2908f69ecdf232c09333cf3ac4cadcc5d2a,54509
2010-10-01,CHF,2010-10-29T16:00:00+00:00,2010-10-29T16:59:58.086000+00:00,https://jetta.dukascopy.com/v1/ticks/USD-CHF/2010/10/29/16,57638be90677e13ed3b7003cd1999d7184f0a5dcb4320a3463b507d73e5c44c5,52628
2010-10-01,EUR,2010-10-29T16:00:00+00:00,2010-10-29T16:59:56.548000+00:00,https://jetta.dukascopy.com/v1/ticks/EUR-USD/2010/10/29/16,404e0cce126720de76dab5c3ef4c9d1c2fb38bd1d63a03b18bcb78af1b7514f1,43286
2010-10-01,GBP,2010-10-29T16:00:00+00:00,2010-10-29T16:59:59.517000+00:00,https://jetta.dukascopy.com/v1/ticks/GBP-USD/2010/10/29/16,927f9d75de8448d1b5bd52132387912e39bda040df6ef033fa0b4137ec888766,53360
2010-10-01,JPY,2010-10-29T16:00:00+00:00,2010-10-29T16:59:59.422000+00:00,https://jetta.dukascopy.com/v1/ticks/USD-JPY/2010/10/29/16,a6cec4285ed74f09da723b9d1c1681605f9b3f6d8c1c783b5050c53ecc5128b2,50118
2010-10-01,NOK,2010-10-29T16:00:00+00:00,2010-10-29T16:59:59.969000+00:00,https://jetta.dukascopy.com/v1/ticks/USD-NOK/2010/10/29/16,b24afc6e1f2d0c6e331e55d3e6dab9a0fe2c456ddc36e1fb55bb692c4a71d052,91527
2010-10-01,NZD,2010-10-29T16:00:00+00:00,2010-10-29T16:59:59.408000+00:00,https://jetta.dukascopy.com/v1/ticks/NZD-USD/2010/10/29/16,fce5aa6f37e34b034e7c6564244aa29d61b8400849db7bcced1f159b5f877d0f,49256
2010-10-01,SEK,2010-10-29T16:00:00+00:00,2010-10-29T16:59:58.576000+00:00,https://jetta.dukascopy.com/v1/ticks/USD-SEK/2010/10/29/16,d548f693f450a7c96f62cf2599361ec7e0c73792c611dbfe922089dfc9bc7abf,94190
2010-11-01,AUD,2010-11-30T16:00:00+00:00,2010-11-30T16:59:56.444000+00:00,https://jetta.dukascopy.com/v1/ticks/AUD-USD/2010/11/30/16,2e01a15fa7eb97c61f3737c5972c8aecee4533b04cca33352a48ae23f4dcea29,116063
2010-11-01,CAD,2010-11-30T16:00:00+00:00,2010-11-30T16:59:59.045000+00:00,https://jetta.dukascopy.com/v1/ticks/USD-CAD/2010/11/30/16,a096de532a4ff82d3fbb38b4632a4c5a76b77ff330564c8e9a1382a0d1f5ce3d,101019
2010-11-01,CHF,2010-11-30T16:00:00+00:00,2010-11-30T16:59:59.296000+00:00,https://jetta.dukascopy.com/v1/ticks/USD-CHF/2010/11/30/16,ce1b46b0d5eb266275636532c41191da2f43b0fe97e7bc3321bee1c684f00006,138593
2010-11-01,EUR,2010-11-30T16:00:00+00:00,2010-11-30T16:59:59.176000+00:00,https://jetta.dukascopy.com/v1/ticks/EUR-USD/2010/11/30/16,e2e444f21c03347f445ab15f63cc19c0a1b0fabacc7adb2c5d9b64883d583ed7,162783
2010-11-01,GBP,2010-11-30T16:00:00+00:00,2010-11-30T16:59:59.864000+00:00,https://jetta.dukascopy.com/v1/ticks/GBP-USD/2010/11/30/16,01fb8094149924cbd66f3894e55c6bdbaa3f971450fe044c65a838919a121cb3,148785
2010-11-01,JPY,2010-11-30T16:00:00+00:00,2010-11-30T16:59:54.876000+00:00,https://jetta.dukascopy.com/v1/ticks/USD-JPY/2010/11/30/16,e953e8164b692c07d3b6af003814027ca19f8e1e126e33ca01a85864714d6e4a,67530
2010-11-01,NOK,2010-11-30T16:00:00+00:00,2010-11-30T16:59:59.381000+00:00,https://jetta.dukascopy.com/v1/ticks/USD-NOK/2010/11/30/16,f5164816903697543795b881170c3412f0e16644e9f6788694890cf7f7b99aae,160145
2010-11-01,NZD,2010-11-30T16:00:00+00:00,2010-11-30T16:59:59.171000+00:00,https://jetta.dukascopy.com/v1/ticks/NZD-USD/2010/11/30/16,333b11c5cb0b18250440ecba810a4bec6fcc3436cab957659d042ae4f021083f,77192
2010-11-01,SEK,2010-11-30T16:00:00+00:00,2010-11-30T16:59:59.362000+00:00,https://jetta.dukascopy.com/v1/ticks/USD-SEK/2010/11/30/16,2c030e11da41a53fb19cb0661e783911802d752e659c3dd2a9dc5f06b6203c88,200638
2010-12-01,AUD,2010-12-31T16:00:00+00:00,2010-12-31T16:59:54.446000+00:00,https://jetta.dukascopy.com/v1/ticks/AUD-USD/2010/12/31/16,1b067d04ffee460a61c6adbe3212385d16dbf424e232cf6279e3e5f15aa03a0d,42697
2010-12-01,CAD,2010-12-31T16:00:00+00:00,2010-12-31T16:59:59.899000+00:00,https://jetta.dukascopy.com/v1/ticks/USD-CAD/2010/12/31/16,fbfdcb2aca60eebf46c79564549342e1f56c488cf836c9bb9ed4208198c78eb9,58313
2010-12-01,CHF,2010-12-31T16:00:00+00:00,2010-12-31T16:59:59.802000+00:00,https://jetta.dukascopy.com/v1/ticks/USD-CHF/2010/12/31/16,f60e35bba523cef38d2c3245e2af5c27f0987c301f6a46ad79227b6201795389,78741
2010-12-01,EUR,2010-12-31T16:00:00+00:00,2010-12-31T16:59:58.992000+00:00,https://jetta.dukascopy.com/v1/ticks/EUR-USD/2010/12/31/16,62078acf013ccba7e4258bfe9a2599674379953e37de28f6ca4542692f19bb17,69472
2010-12-01,GBP,2010-12-31T16:00:00+00:00,2010-12-31T16:59:59.905000+00:00,https://jetta.dukascopy.com/v1/ticks/GBP-USD/2010/12/31/16,96857496680c3243504129cf43895b386241263eb702dda3f3c9c1c0202ca248,84227
2010-12-01,JPY,2010-12-31T16:00:00+00:00,2010-12-31T16:59:59.905000+00:00,https://jetta.dukascopy.com/v1/ticks/USD-JPY/2010/12/31/16,99710344319ef32b8740ca9de168cc3634b368effab5209f0f57a142ed27be5a,44126
2010-12-01,NOK,2010-12-31T16:00:00+00:00,2010-12-31T16:59:58.897000+00:00,https://jetta.dukascopy.com/v1/ticks/USD-NOK/2010/12/31/16,fd9760082de9163108f6d373da348908e917c9ebff091929d3e3106fb0311d20,51078
2010-12-01,NZD,2010-12-31T16:00:00+00:00,2010-12-31T16:59:51.346000+00:00,https://jetta.dukascopy.com/v1/ticks/NZD-USD/2010/12/31/16,d53009d7ff9f315e917d1d072e589bc86c26130ca69f2d5fea9abea8bef647ca,32653
2010-12-01,SEK,2010-12-31T16:00:00+00:00,2010-12-31T16:59:58.897000+00:00,https://jetta.dukascopy.com/v1/ticks/USD-SEK/2010/12/31/16,8b461762b0aba22c5f6a8581a9d84ff94124123721ded8af2f84472a0fb12d90,83838
2011-01-01,AUD,2011-01-31T16:00:00+00:00,2011-01-31T16:59:59.504000+00:00,https://jetta.dukascopy.com/v1/ticks/AUD-USD/2011/1/31/16,5dee8711a9569601b08191f897cb12cc31946ecfbd51f81a9c0f9db28a8c44dd,95530
2011-01-01,CAD,2011-01-31T16:00:00+00:00,2011-01-31T16:59:58.617000+00:00,https://jetta.dukascopy.com/v1/ticks/USD-CAD/2011/1/31/16,f9db1bcc2e549105df064dedb9586c1e1b144a82830b26f10091075b12090ac1,126376
2011-01-01,CHF,2011-01-31T16:00:00+00:00,2011-01-31T16:59:59.385000+00:00,https://jetta.dukascopy.com/v1/ticks/USD-CHF/2011/1/31/16,e0c2295fe8fcb3cc927472bc8008b001f345e18e93533a68b9b39f5563f7a2dc,98994
2011-01-01,EUR,2011-01-31T16:00:00+00:00,2011-01-31T16:59:59.191000+00:00,https://jetta.dukascopy.com/v1/ticks/EUR-USD/2011/1/31/16,e6b700c79f842d0626f826acadb3d0197b0b40b8bc2392b2c668c7166444d649,137621
2011-01-01,GBP,2011-01-31T16:00:00+00:00,2011-01-31T16:59:59.161000+00:00,https://jetta.dukascopy.com/v1/ticks/GBP-USD/2011/1/31/16,5a7f9a29fd575f454c9863a09896b5893ce903106da5fc019aff709700b4d416,155662
2011-01-01,JPY,2011-01-31T16:00:00+00:00,2011-01-31T16:59:58.270000+00:00,https://jetta.dukascopy.com/v1/ticks/USD-JPY/2011/1/31/16,76b2296080e910220d8fae771112ab3b2bbdd8d2c56e8109c7a45969bcd9e903,69285
2011-01-01,NOK,2011-01-31T16:00:00+00:00,2011-01-31T16:59:58.839000+00:00,https://jetta.dukascopy.com/v1/ticks/USD-NOK/2011/1/31/16,3b824957221172a188860aa8d91d6f36101d462f36327b4c8086eb938c350549,183830
2011-01-01,NZD,2011-01-31T16:00:00+00:00,2011-01-31T16:59:59.632000+00:00,https://jetta.dukascopy.com/v1/ticks/NZD-USD/2011/1/31/16,5f2f4e7a9227f005abb0e9f8fbe2bee1f9eaf91b0fafb085a2b13248d21cf929,60935
2011-01-01,SEK,2011-01-31T16:00:00+00:00,2011-01-31T16:59:59.434000+00:00,https://jetta.dukascopy.com/v1/ticks/USD-SEK/2011/1/31/16,dcc4fdac3b28d64a668701ffc7e9ca415893fcb2390134e2ff6de81dfd1fdd49,192334
2011-02-01,AUD,2011-02-28T16:00:00+00:00,2011-02-28T16:59:59.655000+00:00,https://jetta.dukascopy.com/v1/ticks/AUD-USD/2011/2/28/16,977b2b54e0a32e1eacfb5fc6bfe9f6b612f4dcf39224b5db758f369dbdc5fa46,114060
2011-02-01,CAD,2011-02-28T16:00:00+00:00,2011-02-28T16:59:59.268000+00:00,https://jetta.dukascopy.com/v1/ticks/USD-CAD/2011/2/28/16,c154793620b08c30feaf68f5b4e0eaabdbbdc8686eab95f2fedd1ff218a26ab7,96148
2011-02-01,CHF,2011-02-28T16:00:00+00:00,2011-02-28T16:59:59.227000+00:00,https://jetta.dukascopy.com/v1/ticks/USD-CHF/2011/2/28/16,65b3315469fe08cf86077dcb911a2c989f3b033f93a2633e47f05287f0bb104f,148462
2011-02-01,EUR,2011-02-28T16:00:00+00:00,2011-02-28T16:59:59.838000+00:00,https://jetta.dukascopy.com/v1/ticks/EUR-USD/2011/2/28/16,7bdb72f163d480a107938a6dde65cf8ba368e2a6d1253cc1b42c03819d056673,150616
2011-02-01,GBP,2011-02-28T16:00:00+00:00,2011-02-28T16:59:59.556000+00:00,https://jetta.dukascopy.com/v1/ticks/GBP-USD/2011/2/28/16,d88e77dd921eaa15b9c5f031642b5c99e91be338cd4858dd3ec4866f4db76724,191815
2011-02-01,JPY,2011-02-28T16:00:00+00:00,2011-02-28T16:59:57.326000+00:00,https://jetta.dukascopy.com/v1/ticks/USD-JPY/2011/2/28/16,879b70a85e5d8b410d4ae7612efa8062c9e8a5954e4b93cf7c0aaa418859a2be,70292
2011-02-01,NOK,2011-02-28T16:00:00+00:00,2011-02-28T16:59:59.197000+00:00,https://jetta.dukascopy.com/v1/ticks/USD-NOK/2011/2/28/16,7eec490fb8ee4d0026376e8bd35a1f0e214d73272bcea023f07833bd0e1458b1,176738
2011-02-01,NZD,2011-02-28T16:00:00+00:00,2011-02-28T16:59:58.916000+00:00,https://jetta.dukascopy.com/v1/ticks/NZD-USD/2011/2/28/16,cdb70c97960480a5ea4fa88498293edda41cab3970b2a3e24c94bf999945edb2,62723
2011-02-01,SEK,2011-02-28T16:00:00+00:00,2011-02-28T16:59:59.696000+00:00,https://jetta.dukascopy.com/v1/ticks/USD-SEK/2011/2/28/16,329a3106dc485d044f5687292ed107b9e93840d70e57e46842cad620618a7db6,165036
2011-03-01,AUD,2011-03-31T16:00:00+00:00,2011-03-31T16:59:52.778000+00:00,https://jetta.dukascopy.com/v1/ticks/AUD-USD/2011/3/31/16,bb032477d0e8eaa501fd61885aea3ffa298b0671bcf7b225c411bf9399cac027,79788
2011-03-01,CAD,2011-03-31T16:00:00+00:00,2011-03-31T16:59:41.726000+00:00,https://jetta.dukascopy.com/v1/ticks/USD-CAD/2011/3/31/16,e43bddac4f42ebd6f97335d396ee417721eef12c221423b92a0c8795a76b2a85,61157
2011-03-01,CHF,2011-03-31T16:00:00+00:00,2011-03-31T16:59:59.757000+00:00,https://jetta.dukascopy.com/v1/ticks/USD-CHF/2011/3/31/16,b5c1e409f1bc4fc7f5deaf8e2753fbcbb07abeb704ed80227231a67ca31c8c91,78835
2011-03-01,EUR,2011-03-31T16:00:00+00:00,2011-03-31T16:59:59.748000+00:00,https://jetta.dukascopy.com/v1/ticks/EUR-USD/2011/3/31/16,57a74658b0601e227a3edc067c73100a69ebec6f734962ad75a65fbf8998cd63,81234
2011-03-01,GBP,2011-03-31T16:00:00+00:00,2011-03-31T16:59:59.776000+00:00,https://jetta.dukascopy.com/v1/ticks/GBP-USD/2011/3/31/16,a1126b3a7d081a6b3de5ed2c845a5a73d94646d9a4e485fd48d8cd56971d730e,108388
2011-03-01,JPY,2011-03-31T16:00:00+00:00,2011-03-31T16:59:58.906000+00:00,https://jetta.dukascopy.com/v1/ticks/USD-JPY/2011/3/31/16,dcca9ce549cea0f52a2077a75d3c244c50fc357b024a556839947c93676b20c8,49990
2011-03-01,NOK,2011-03-31T16:00:00+00:00,2011-03-31T16:59:45.023000+00:00,https://jetta.dukascopy.com/v1/ticks/USD-NOK/2011/3/31/16,47be6e43a136a9aa921174253ff57467c78626e8f18adf7200c378e17b60ec55,61600
2011-03-01,NZD,2011-03-31T16:00:00+00:00,2011-03-31T16:59:53.374000+00:00,https://jetta.dukascopy.com/v1/ticks/NZD-USD/2011/3/31/16,da2d8020286ab33dffe8a44f9a893e4cd1d56da8168fca9a351e7ca293334fa4,41579
2011-03-01,SEK,2011-03-31T16:00:00+00:00,2011-03-31T16:59:59.656000+00:00,https://jetta.dukascopy.com/v1/ticks/USD-SEK/2011/3/31/16,e5d499d4768ea9570fef23a6f15378d4ca68f5ce541f3c4281cf8550413c9685,59479
2011-04-01,AUD,2011-04-29T16:00:00+00:00,2011-04-29T16:59:59.919000+00:00,https://jetta.dukascopy.com/v1/ticks/AUD-USD/2011/4/29/16,9e85e40f02967623eb18b34e954ebc3c4682aff76399910f9068e0dcb011a595,73216
2011-04-01,CAD,2011-04-29T16:00:00+00:00,2011-04-29T16:59:57.915000+00:00,https://jetta.dukascopy.com/v1/ticks/USD-CAD/2011/4/29/16,ce7e2c8e03a86912a5dc7cdfcea85c401e148222ab90c9b61033d395600350ea,77791
2011-04-01,CHF,2011-04-29T16:00:00+00:00,2011-04-29T16:59:59.811000+00:00,https://jetta.dukascopy.com/v1/ticks/USD-CHF/2011/4/29/16,066b92ab06611932debe7efaffa6b924fefbf89128801066aa29a6a8d61763ae,72088
2011-04-01,EUR,2011-04-29T16:00:00+00:00,2011-04-29T16:59:59.992000+00:00,https://jetta.dukascopy.com/v1/ticks/EUR-USD/2011/4/29/16,2fab4b35c28498fa1ad39bc51580fc7c388fdb6316f541bb5f059a22af132745,68143
2011-04-01,GBP,2011-04-29T16:00:00+00:00,2011-04-29T16:59:59.833000+00:00,https://jetta.dukascopy.com/v1/ticks/GBP-USD/2011/4/29/16,554bd133989f517838ee03a1aca62fa5c8f8d53f3575341f41b8a8a76b831be0,83105
2011-04-01,JPY,2011-04-29T16:00:00+00:00,2011-04-29T16:59:59.710000+00:00,https://jetta.dukascopy.com/v1/ticks/USD-JPY/2011/4/29/16,a3b4e11ce0dd1c3d9987aabc8ecd914c1724b856da0ab613ae4b05e281323a86,38436
2011-04-01,NOK,2011-04-29T16:00:00+00:00,2011-04-29T16:59:58.851000+00:00,https://jetta.dukascopy.com/v1/ticks/USD-NOK/2011/4/29/16,f4a48f7ef9153f99453604557b7cb274138e3e0d3eee7eda861e90af44017474,60314
2011-04-01,NZD,2011-04-29T16:00:00+00:00,2011-04-29T16:59:35.179000+00:00,https://jetta.dukascopy.com/v1/ticks/NZD-USD/2011/4/29/16,24a5ceb9656848bcba6972cdc8885661ec0f682fdfa7062d7fed5d61c1c0d932,32286
2011-04-01,SEK,2011-04-29T16:00:00+00:00,2011-04-29T16:59:59.774000+00:00,https://jetta.dukascopy.com/v1/ticks/USD-SEK/2011/4/29/16,6163248a377bad1eec4802b90e2c23c66e29de47e3b6d3b10ec060a9fbec7744,39367
2011-05-01,AUD,2011-05-31T16:00:00+00:00,2011-05-31T16:59:59.811000+00:00,https://jetta.dukascopy.com/v1/ticks/AUD-USD/2011/5/31/16,052197c88e2430aa665c2e278eb598771522b5751dd5a416ae3d7c333164c4cf,116278
2011-05-01,CAD,2011-05-31T16:00:00+00:00,2011-05-31T16:59:59.796000+00:00,https://jetta.dukascopy.com/v1/ticks/USD-CAD/2011/5/31/16,77bb7d1679b72d0f3c8683a02a069714f0783f386962fda847481e6097c6c2f0,102010
2011-05-01,CHF,2011-05-31T16:00:00+00:00,2011-05-31T16:59:58.593000+00:00,https://jetta.dukascopy.com/v1/ticks/USD-CHF/2011/5/31/16,586aafed2cc1c171c09a730f68884ec9744342b792a9d5a8176d961bc971326a,67257
2011-05-01,EUR,2011-05-31T16:00:00+00:00,2011-05-31T16:59:59.705000+00:00,https://jetta.dukascopy.com/v1/ticks/EUR-USD/2011/5/31/16,392fb76df9ef6ba2e02ba9272c6d9483113372e1a63b456cb8832410ecd3bc14,118700
2011-05-01,GBP,2011-05-31T16:00:00+00:00,2011-05-31T16:59:59.833000+00:00,https://jetta.dukascopy.com/v1/ticks/GBP-USD/2011/5/31/16,abac1590f56608b60b184f6a3cdf7b1f233e385fea591c124e06eccffb3d3ba4,132134
2011-05-01,JPY,2011-05-31T16:00:00+00:00,2011-05-31T16:59:59.820000+00:00,https://jetta.dukascopy.com/v1/ticks/USD-JPY/2011/5/31/16,c2479eb2b5f598878016b2bea2a758a4e1cf15bda51d0d81fa5747c099368197,40506
2011-05-01,NOK,2011-05-31T16:00:00+00:00,2011-05-31T16:59:58.772000+00:00,https://jetta.dukascopy.com/v1/ticks/USD-NOK/2011/5/31/16,a69b529bb392f30bec144eddc20c80e835cde9f3353896b074483f0ee69e1f4f,94145
2011-05-01,NZD,2011-05-31T16:00:00+00:00,2011-05-31T16:59:59.816000+00:00,https://jetta.dukascopy.com/v1/ticks/NZD-USD/2011/5/31/16,629d409d7135c32acd657b06a4e633bdc05120ab784570ad2ae66f6de0d2f0a6,69570
2011-05-01,SEK,2011-05-31T16:00:00+00:00,2011-05-31T16:59:59.817000+00:00,https://jetta.dukascopy.com/v1/ticks/USD-SEK/2011/5/31/16,f44c353e183954bd730ec3526276b30f413fab40145f773dc13af10c3cb92a53,86705
2011-06-01,AUD,2011-06-30T16:00:00+00:00,2011-06-30T16:59:59.637000+00:00,https://jetta.dukascopy.com/v1/ticks/AUD-USD/2011/6/30/16,bd1d77ee52cd388a17bac54e5fea0d882a915290f9ea91a48e92c6bd6aca83d6,76139
2011-06-01,CAD,2011-06-30T16:00:00+00:00,2011-06-30T16:59:59.874000+00:00,https://jetta.dukascopy.com/v1/ticks/USD-CAD/2011/6/30/16,e6dd3e6f54d5e6bcfec21aa84f7ef618a0dbd04c9f4c1674aae8f2df079acacd,93579
2011-06-01,CHF,2011-06-30T16:00:00+00:00,2011-06-30T16:59:59.538000+00:00,https://jetta.dukascopy.com/v1/ticks/USD-CHF/2011/6/30/16,4adb23c007b74bb5798cbb05b43f165e2c4cd0e367442e78a23f7e9b6ebf931a,53363
2011-06-01,EUR,2011-06-30T16:00:00+00:00,2011-06-30T16:59:59.765000+00:00,https://jetta.dukascopy.com/v1/ticks/EUR-USD/2011/6/30/16,857de404ba25abb64032d12916ac7b2b9d460244ce5fa5fadb0f5f83844a0735,108129
2011-06-01,GBP,2011-06-30T16:00:00+00:00,2011-06-30T16:59:59.745000+00:00,https://jetta.dukascopy.com/v1/ticks/GBP-USD/2011/6/30/16,4e5e17225529e690440365327c7de5c074bddad2be3191e793502069d7793cec,125398
2011-06-01,JPY,2011-06-30T16:00:00+00:00,2011-06-30T16:59:59.723000+00:00,https://jetta.dukascopy.com/v1/ticks/USD-JPY/2011/6/30/16,e3b8fa023a64921996e99d9716ee1cac9253013b69df20d12c7c4ea0fae5febe,50218
2011-06-01,NOK,2011-06-30T16:00:00+00:00,2011-06-30T16:59:59.663000+00:00,https://jetta.dukascopy.com/v1/ticks/USD-NOK/2011/6/30/16,468412c10dec16840285417814a354d497ed827606aa58728d6b5b03c5e84f59,106395
2011-06-01,NZD,2011-06-30T16:00:00+00:00,2011-06-30T16:59:58.944000+00:00,https://jetta.dukascopy.com/v1/ticks/NZD-USD/2011/6/30/16,937f7eb937805c71d6e824e035fbbb0677c25c5e91c9a361c44de823a18c9d2d,61032
2011-06-01,SEK,2011-06-30T16:00:00+00:00,2011-06-30T16:59:59.643000+00:00,https://jetta.dukascopy.com/v1/ticks/USD-SEK/2011/6/30/16,1bb29b482721044cef46a40fb2630ba3e89d011679b62d222947a28871ff0119,90356
2011-07-01,AUD,2011-07-29T16:00:00+00:00,2011-07-29T16:59:59.202000+00:00,https://jetta.dukascopy.com/v1/ticks/AUD-USD/2011/7/29/16,0bf1360762bb8575db6a68604f1f56eedeae5094662937a94bc86ea5f73d78a4,105116
2011-07-01,CAD,2011-07-29T16:00:00+00:00,2011-07-29T16:59:58.139000+00:00,https://jetta.dukascopy.com/v1/ticks/USD-CAD/2011/7/29/16,35a211f897bd716459ced75e4e6e5cb901dbfee4d5adcdaf0739617a2388670b,110480
2011-07-01,CHF,2011-07-29T16:00:00+00:00,2011-07-29T16:59:58.022000+00:00,https://jetta.dukascopy.com/v1/ticks/USD-CHF/2011/7/29/16,04dcc85f6562d2634187446bdc2413f1e4ed72193187cb532514daf877ffb79d,109650
2011-07-01,EUR,2011-07-29T16:00:00+00:00,2011-07-29T16:59:59.670000+00:00,https://jetta.dukascopy.com/v1/ticks/EUR-USD/2011/7/29/16,a124d9d134d8395cf851026702a8de2e3b29ff4a8f2c80169765b7f2c2b767a1,135059
2011-07-01,GBP,2011-07-29T16:00:00+00:00,2011-07-29T16:59:59.822000+00:00,https://jetta.dukascopy.com/v1/ticks/GBP-USD/2011/7/29/16,f4d96631fd2cf2b35661634f5de460d58ab2ded903598c8f2cb25102db3c8d21,108196
2011-07-01,JPY,2011-07-29T16:00:00+00:00,2011-07-29T16:59:59.739000+00:00,https://jetta.dukascopy.com/v1/ticks/USD-JPY/2011/7/29/16,9391ba0f32bb1a327c0e6b789df06530eea50535335e9e73213f6759f7ae8722,45430
2011-07-01,NOK,2011-07-29T16:00:00+00:00,2011-07-29T16:59:59.908000+00:00,https://jetta.dukascopy.com/v1/ticks/USD-NOK/2011/7/29/16,156804875cc13f7eb61db312672ecccde3b960a9d9caaac056ed02e931338024,112143
2011-07-01,NZD,2011-07-29T16:00:00+00:00,2011-07-29T16:59:49.249000+00:00,https://jetta.dukascopy.com/v1/ticks/NZD-USD/2011/7/29/16,fc4d35633a87569ee2f1bef5b583ab72818b2a6d7112558f694241f0ac3e2fbe,71307
2011-07-01,SEK,2011-07-29T16:00:00+00:00,2011-07-29T16:59:57.971000+00:00,https://jetta.dukascopy.com/v1/ticks/USD-SEK/2011/7/29/16,2e29b0b2d1d1a37e68a5c6a79d27b1d79b40395fb4493bf9c93eb91bd2797dd8,131557
2011-08-01,AUD,2011-08-31T16:00:00+00:00,2011-08-31T16:59:58.688000+00:00,https://jetta.dukascopy.com/v1/ticks/AUD-USD/2011/8/31/16,ad349ac30cc1fe5a453b67bbb268c1635fa17fd6869995bf32b242ce24ee9cc9,67870
2011-08-01,CAD,2011-08-31T16:00:00+00:00,2011-08-31T16:59:58.386000+00:00,https://jetta.dukascopy.com/v1/ticks/USD-CAD/2011/8/31/16,5143c26347a6e048478d4e225272294f5e5dda7cafc0a8b75f6fdb39908e8791,81552
2011-08-01,CHF,2011-08-31T16:00:00+00:00,2011-08-31T16:59:59.268000+00:00,https://jetta.dukascopy.com/v1/ticks/USD-CHF/2011/8/31/16,6a93783590bed588df79d9fb44d520ec7f37eab70b76c5a96f4b17d22ff2b08e,92770
2011-08-01,EUR,2011-08-31T16:00:00+00:00,2011-08-31T16:59:59.794000+00:00,https://jetta.dukascopy.com/v1/ticks/EUR-USD/2011/8/31/16,fe913aa70c03296a18580b4da6f81b14013fa3f461f90510a4418e28c6e42e06,93962
2011-08-01,GBP,2011-08-31T16:00:00+00:00,2011-08-31T16:59:59.060000+00:00,https://jetta.dukascopy.com/v1/ticks/GBP-USD/2011/8/31/16,fa869c0f7ae982d1c326104ab7269ea6fcf13b44b3a34175d0acefb25efeb28b,113892
2011-08-01,JPY,2011-08-31T16:00:00+00:00,2011-08-31T16:59:59.180000+00:00,https://jetta.dukascopy.com/v1/ticks/USD-JPY/2011/8/31/16,ed929488e56d8f3d3b9b5df20eac6f9baab6c390daeedaefd3b9b5f5c53f9bb5,32878
2011-08-01,NOK,2011-08-31T16:00:00+00:00,2011-08-31T16:59:59.827000+00:00,https://jetta.dukascopy.com/v1/ticks/USD-NOK/2011/8/31/16,206f096690793086017bc060492820e2d0eb18e5038337f299eff85618f6a3c1,69630
2011-08-01,NZD,2011-08-31T16:00:00+00:00,2011-08-31T16:59:57.402000+00:00,https://jetta.dukascopy.com/v1/ticks/NZD-USD/2011/8/31/16,c101a4181512a430bb7e5e4d45400310669dd5d6675c416a3492689a3883daaa,56963
2011-08-01,SEK,2011-08-31T16:00:00+00:00,2011-08-31T16:59:59.867000+00:00,https://jetta.dukascopy.com/v1/ticks/USD-SEK/2011/8/31/16,0f1e46109ad84cb8a32f648b5b075f515d70c8d3cb789519af93598375cc039b,71499
2011-09-01,AUD,2011-09-30T16:00:00+00:00,2011-09-30T16:59:58.174000+00:00,https://jetta.dukascopy.com/v1/ticks/AUD-USD/2011/9/30/16,34afd6fac0589840aa3e083c8a5b059b0a81688359cb69db080ba77f5c598aee,99197
2011-09-01,CAD,2011-09-30T16:00:00+00:00,2011-09-30T16:59:58.277000+00:00,https://jetta.dukascopy.com/v1/ticks/USD-CAD/2011/9/30/16,63472fdcf294528aa526a160e43d8053b009ab7617912857e45a1ef020bb829c,96378
2011-09-01,CHF,2011-09-30T16:00:00+00:00,2011-09-30T16:59:59.841000+00:00,https://jetta.dukascopy.com/v1/ticks/USD-CHF/2011/9/30/16,5bd85e0f56bebbaaa6768e783bdabbcffd85bd9c8d7ebf11854ecba5ddc94124,113658
2011-09-01,EUR,2011-09-30T16:00:00+00:00,2011-09-30T16:59:59.885000+00:00,https://jetta.dukascopy.com/v1/ticks/EUR-USD/2011/9/30/16,13a808aa41e4620444cf212f80c07f6ffc064d7e3e4023d879a8e0da6c377adb,156350
2011-09-01,GBP,2011-09-30T16:00:00+00:00,2011-09-30T16:59:59.757000+00:00,https://jetta.dukascopy.com/v1/ticks/GBP-USD/2011/9/30/16,bad33050668c26323c49f47e10d0f008fc39272fa1ef02f2167f3fa4aaaf1966,139315
2011-09-01,JPY,2011-09-30T16:00:00+00:00,2011-09-30T16:59:59.148000+00:00,https://jetta.dukascopy.com/v1/ticks/USD-JPY/2011/9/30/16,baf8c2676bb81148bb189667c695e491be8bd74df61214cef3547960c2f6d808,55689
2011-09-01,NOK,2011-09-30T16:00:00+00:00,2011-09-30T16:59:59.982000+00:00,https://jetta.dukascopy.com/v1/ticks/USD-NOK/2011/9/30/16,655a52f750d4ba32b670b73099b91ce9dccfdc47ab3d42d14315f20eca16cfed,111547
2011-09-01,NZD,2011-09-30T16:00:00+00:00,2011-09-30T16:59:59.056000+00:00,https://jetta.dukascopy.com/v1/ticks/NZD-USD/2011/9/30/16,a1313a1df59d196a739e2cc5f30bec89597c27ac9a76560c37f16aa9cd4737c1,59381
2011-09-01,SEK,2011-09-30T16:00:00+00:00,2011-09-30T16:59:59.880000+00:00,https://jetta.dukascopy.com/v1/ticks/USD-SEK/2011/9/30/16,acd3948aecad51458bef844d5fe31abad464e5c9050b32fa78688bdabb5545d5,114027
2011-10-01,AUD,2011-10-31T16:00:00+00:00,2011-10-31T16:59:59.707000+00:00,https://jetta.dukascopy.com/v1/ticks/AUD-USD/2011/10/31/16,dde955757042a8f9c34efb2eee0f52f5902bf13cc525c57d24ae4359208d29fa,186739
2011-10-01,CAD,2011-10-31T16:00:00+00:00,2011-10-31T16:59:57.926000+00:00,https://jetta.dukascopy.com/v1/ticks/USD-CAD/2011/10/31/16,8235b61902765b31de4c88203d7bdf4a08823518a95ec3fd5af55d97c6e3e2b6,172004
2011-10-01,CHF,2011-10-31T16:00:00+00:00,2011-10-31T16:59:59.049000+00:00,https://jetta.dukascopy.com/v1/ticks/USD-CHF/2011/10/31/16,0ac0146e19789454a786130bcbf2570f707aff05597b3c26c915a54c794050c0,154535
2011-10-01,EUR,2011-10-31T16:00:00+00:00,2011-10-31T16:59:59.766000+00:00,https://jetta.dukascopy.com/v1/ticks/EUR-USD/2011/10/31/16,666a0a50b61d4eb946d2a93b0debed7137db9f95b44c359a884bca2c0ae1bb8e,197862
2011-10-01,GBP,2011-10-31T16:00:00+00:00,2011-10-31T16:59:58.189000+00:00,https://jetta.dukascopy.com/v1/ticks/GBP-USD/2011/10/31/16,c11c23b2a9de62b0024b31921de1101cafa649b1adb149b7ca361dbbd9f99124,222741
2011-10-01,JPY,2011-10-31T16:00:00+00:00,2011-10-31T16:59:57.765000+00:00,https://jetta.dukascopy.com/v1/ticks/USD-JPY/2011/10/31/16,42ebbb55f39f8d9f83063e2db543dd3fbfee45194cef2c4dc12fb8d960f89654,74455
2011-10-01,NOK,2011-10-31T16:00:00+00:00,2011-10-31T16:59:58.997000+00:00,https://jetta.dukascopy.com/v1/ticks/USD-NOK/2011/10/31/16,5005009e4a3657137dccadbc34a0aeba6af884820589832a5fc5da350b2ffcbb,149589
2011-10-01,NZD,2011-10-31T16:00:00+00:00,2011-10-31T16:59:58.772000+00:00,https://jetta.dukascopy.com/v1/ticks/NZD-USD/2011/10/31/16,c238f34a146655b85b8bbd7417a681d0d04712f21719755fa55fcec9be1a815e,94209
2011-10-01,SEK,2011-10-31T16:00:00+00:00,2011-10-31T16:59:58.016000+00:00,https://jetta.dukascopy.com/v1/ticks/USD-SEK/2011/10/31/16,0832ed27f6e680e10d5aed79c6da472968ce30256db0edc2070bf78d0b7c237e,157416
2011-11-01,AUD,2011-11-30T16:00:00+00:00,2011-11-30T16:59:59.942000+00:00,https://jetta.dukascopy.com/v1/ticks/AUD-USD/2011/11/30/16,c8e0a89821b8995995ecbf6b83155d3cfa43c80c595e8a134fcb29399aacae20,158639
2011-11-01,CAD,2011-11-30T16:00:00+00:00,2011-11-30T16:59:59.535000+00:00,https://jetta.dukascopy.com/v1/ticks/USD-CAD/2011/11/30/16,299750007c80aa858abe196a9d5c0805c6491cf41603956610a92d20fffcede7,168079
2011-11-01,CHF,2011-11-30T16:00:00+00:00,2011-11-30T16:59:59.423000+00:00,https://jetta.dukascopy.com/v1/ticks/USD-CHF/2011/11/30/16,a3a5478efacafda77d7ff8412c46b43cfa29916578d03dc7d04916b5c151980c,153783
2011-11-01,EUR,2011-11-30T16:00:00+00:00,2011-11-30T16:59:59.414000+00:00,https://jetta.dukascopy.com/v1/ticks/EUR-USD/2011/11/30/16,bd7b6a0d793cbdcfb01ab1277ac6b9f13c8dc3c295d53d4c788b7ec4273b6d3c,182504
2011-11-01,GBP,2011-11-30T16:00:00+00:00,2011-11-30T16:59:59.944000+00:00,https://jetta.dukascopy.com/v1/ticks/GBP-USD/2011/11/30/16,e5e176b71f4681bbb4abe47668561fa1e591a0e642379fa3c76ef86c94326845,195301
2011-11-01,JPY,2011-11-30T16:00:00+00:00,2011-11-30T16:59:59.522000+00:00,https://jetta.dukascopy.com/v1/ticks/USD-JPY/2011/11/30/16,54c6b67ab64be45f8a6ce10856541ad3cfde112add4551b21a14326235599ccb,68420
2011-11-01,NOK,2011-11-30T16:00:00+00:00,2011-11-30T16:59:58.112000+00:00,https://jetta.dukascopy.com/v1/ticks/USD-NOK/2011/11/30/16,114cd1d996b489285e4edc8eb734ae2e4e9777d4381105e3b32a208523e5e7fa,145873
2011-11-01,NZD,2011-11-30T16:00:00+00:00,2011-11-30T16:59:59.887000+00:00,https://jetta.dukascopy.com/v1/ticks/NZD-USD/2011/11/30/16,8950fea182791b57b3cb2dd9817e41ee5c9dc6d18f5701305aae12b7b10a09a5,135369
2011-11-01,SEK,2011-11-30T16:00:00+00:00,2011-11-30T16:59:59.869000+00:00,https://jetta.dukascopy.com/v1/ticks/USD-SEK/2011/11/30/16,a1db9f6b2e7c3092c7d57dc33eee30a965b440964c4a5a97af8b71c286e86a1c,143011
2011-12-01,AUD,2011-12-30T16:00:00+00:00,2011-12-30T16:59:58.911000+00:00,https://jetta.dukascopy.com/v1/ticks/AUD-USD/2011/12/30/16,0efe90940f50ed5a718ded7158ff50ca09a510bb3ef98833f33c1400012c226a,129164
2011-12-01,CAD,2011-12-30T16:00:00+00:00,2011-12-30T16:59:59.463000+00:00,https://jetta.dukascopy.com/v1/ticks/USD-CAD/2011/12/30/16,082e373cc74c7d9c19fc5941def617fbe1dbdb616ce2b810a1dd13952737ecdb,112322
2011-12-01,CHF,2011-12-30T16:00:00+00:00,2011-12-30T16:59:59.886000+00:00,https://jetta.dukascopy.com/v1/ticks/USD-CHF/2011/12/30/16,c17b474d065ab7bf5ee680b7a210439b7045f45b7b7e2103a5fb59ac129b8b19,133401
2011-12-01,EUR,2011-12-30T16:00:00+00:00,2011-12-30T16:59:59.748000+00:00,https://jetta.dukascopy.com/v1/ticks/EUR-USD/2011/12/30/16,531a69db96eee78eb5a2dc5ec3a827845f174a2544b02ad3c4930a7e7b2b578a,158307
2011-12-01,GBP,2011-12-30T16:00:00+00:00,2011-12-30T16:59:59.460000+00:00,https://jetta.dukascopy.com/v1/ticks/GBP-USD/2011/12/30/16,3203386de0d2c0b454e9a1aa0a7642ab8c917b7e71d737e6281245d9d938a568,131067
2011-12-01,JPY,2011-12-30T16:00:00+00:00,2011-12-30T16:59:59.529000+00:00,https://jetta.dukascopy.com/v1/ticks/USD-JPY/2011/12/30/16,4cd2acbac0e91dd5c7b30624702ef65927c5d0182b32cd8ada4cf25e5fdcae67,91508
2011-12-01,NOK,2011-12-30T16:00:00+00:00,2011-12-30T16:59:59.281000+00:00,https://jetta.dukascopy.com/v1/ticks/USD-NOK/2011/12/30/16,a48fcced72f792411bd23dfe0d2abc910ac0846fa4f81b81cb9feb9f7e35524b,98396
2011-12-01,NZD,2011-12-30T16:00:00+00:00,2011-12-30T16:59:58.068000+00:00,https://jetta.dukascopy.com/v1/ticks/NZD-USD/2011/12/30/16,5c41dc517c304f6791da4142800596d313942931d56b95f1fc24f4bdb3dcf9f1,74231
2011-12-01,SEK,2011-12-30T16:00:00+00:00,2011-12-30T16:59:59.973000+00:00,https://jetta.dukascopy.com/v1/ticks/USD-SEK/2011/12/30/16,e4b53f03b0739472ce78ba92861198869fd1902b15e5e9d9f0cc48d90392eb66,81696
2012-01-01,AUD,2012-01-31T16:00:00+00:00,2012-01-31T16:59:59.568000+00:00,https://jetta.dukascopy.com/v1/ticks/AUD-USD/2012/1/31/16,5dbbf2ad7860a467005b248f47a13c1286268684db78d0fb437ad1affb939a24,232087
2012-01-01,CAD,2012-01-31T16:00:00+00:00,2012-01-31T16:59:59.616000+00:00,https://jetta.dukascopy.com/v1/ticks/USD-CAD/2012/1/31/16,b3c25234a1cfeb7baf4fbd3fec561e3936a89f59cf663776b56c2a28411ab643,196030
2012-01-01,CHF,2012-01-31T16:00:00+00:00,2012-01-31T16:59:58.191000+00:00,https://jetta.dukascopy.com/v1/ticks/USD-CHF/2012/1/31/16,4e53a95e7af5e6de1786edf994518e74d610721a5110250e4ce3fc54f6891d1c,202269
2012-01-01,EUR,2012-01-31T16:00:00+00:00,2012-01-31T16:59:59.820000+00:00,https://jetta.dukascopy.com/v1/ticks/EUR-USD/2012/1/31/16,b546c0cca5b7c514531dbb97fb53c77817b64c90635ba7ac8d5ce4ddb72f58b5,252571
2012-01-01,GBP,2012-01-31T16:00:00+00:00,2012-01-31T16:59:59.737000+00:00,https://jetta.dukascopy.com/v1/ticks/GBP-USD/2012/1/31/16,e02b44db2768df97378eba83316996e25cff72c2ca382dad388365852ca39d77,230862
2012-01-01,JPY,2012-01-31T16:00:00+00:00,2012-01-31T16:59:58.780000+00:00,https://jetta.dukascopy.com/v1/ticks/USD-JPY/2012/1/31/16,d6db99952d61562cd4834ad2df80c4e1317ec94901f60d77a8818615de72655e,83796
2012-01-01,NOK,2012-01-31T16:00:00+00:00,2012-01-31T16:59:59.947000+00:00,https://jetta.dukascopy.com/v1/ticks/USD-NOK/2012/1/31/16,6a59c370da91c6eedfb438a19fac5246466a5b3632ccb71e65de88aba407d6b8,211937
2012-01-01,NZD,2012-01-31T16:00:00+00:00,2012-01-31T16:59:59.974000+00:00,https://jetta.dukascopy.com/v1/ticks/NZD-USD/2012/1/31/16,73bfca70a20da850f9cb108fc60671245b22508a4feb472b7e368ef32c5d4fcf,174846
2012-01-01,SEK,2012-01-31T16:00:00+00:00,2012-01-31T16:59:55.005000+00:00,https://jetta.dukascopy.com/v1/ticks/USD-SEK/2012/1/31/16,2712431ba9285e2d03d7cfb08041df054ede30ca6cd14426a542dcf0651ce2a5,203352
2012-02-01,AUD,2012-02-29T16:00:00+00:00,2012-02-29T16:59:59.972000+00:00,https://jetta.dukascopy.com/v1/ticks/AUD-USD/2012/2/29/16,c76baf1a0540c5dc0eeebbb30d97826e528d67483193455bb7354af18848de7f,221891
2012-02-01,CAD,2012-02-29T16:00:00+00:00,2012-02-29T16:59:59.786000+00:00,https://jetta.dukascopy.com/v1/ticks/USD-CAD/2012/2/29/16,2bd3c9d45ae293924912b4f0cd27d5b4d1a009caef19f836e6df378a263c93a2,205044
2012-02-01,CHF,2012-02-29T16:00:00+00:00,2012-02-29T16:59:59.703000+00:00,https://jetta.dukascopy.com/v1/ticks/USD-CHF/2012/2/29/16,a222fe7af7f7463b80972aea3b9fa13c19f59129b98ea717c0e0c02b81b59663,210951
2012-02-01,EUR,2012-02-29T16:00:00+00:00,2012-02-29T16:59:59.708000+00:00,https://jetta.dukascopy.com/v1/ticks/EUR-USD/2012/2/29/16,e66b61c4880ae2bea57c90ea0fc23c6c4dd3242f290f061b9ae232cc41843307,249797
2012-02-01,GBP,2012-02-29T16:00:00+00:00,2012-02-29T16:59:59.777000+00:00,https://jetta.dukascopy.com/v1/ticks/GBP-USD/2012/2/29/16,ffc6ea1924e1af9d1410a782693cfcda4623395a4a76895226ad7c1f6de90e89,212990
2012-02-01,JPY,2012-02-29T16:00:00+00:00,2012-02-29T16:59:58.256000+00:00,https://jetta.dukascopy.com/v1/ticks/USD-JPY/2012/2/29/16,0acf55c333c7ad0d30b1ed83ac0cc1556919d3c2352363c701e4f711b56d8ded,135344
2012-02-01,NOK,2012-02-29T16:00:00+00:00,2012-02-29T16:59:58.980000+00:00,https://jetta.dukascopy.com/v1/ticks/USD-NOK/2012/2/29/16,08f0c0590d1e767c1ab7baf00d6a515f619f19a5db1160be39e8210ea712b966,202707
2012-02-01,NZD,2012-02-29T16:00:00+00:00,2012-02-29T16:59:58.568000+00:00,https://jetta.dukascopy.com/v1/ticks/NZD-USD/2012/2/29/16,a1aef8fb7eb20e8e812c312ad65ee96bb355d879e1201b9d0a2ecfcc30baaa0b,179071
2012-02-01,SEK,2012-02-29T16:00:00+00:00,2012-02-29T16:59:59.955000+00:00,https://jetta.dukascopy.com/v1/ticks/USD-SEK/2012/2/29/16,9a8de48bafc6f482ac65450ed708c7bf56903f719c45e274f63d14b2478ac4cf,197647
2012-03-01,AUD,2012-03-30T16:00:00+00:00,2012-03-30T16:59:59.922000+00:00,https://jetta.dukascopy.com/v1/ticks/AUD-USD/2012/3/30/16,6f005629995435538105e765330a71f7376b3c78cbcaa80a7df4e6c448fe95ae,96301
2012-03-01,CAD,2012-03-30T16:00:00+00:00,2012-03-30T16:59:59.897000+00:00,https://jetta.dukascopy.com/v1/ticks/USD-CAD/2012/3/30/16,8b4bac5b7033a8e1a45198e72b73fae8ac22b47f198c6fed728d3a00840e6e3f,89901
2012-03-01,CHF,2012-03-30T16:00:00+00:00,2012-03-30T16:59:59.913000+00:00,https://jetta.dukascopy.com/v1/ticks/USD-CHF/2012/3/30/16,53e8754b1f46f05a3d7a439a89308f4230ad42ccaa1522dc0aa527e161c2cca6,80037
2012-03-01,EUR,2012-03-30T16:00:00+00:00,2012-03-30T16:59:59.913000+00:00,https://jetta.dukascopy.com/v1/ticks/EUR-USD/2012/3/30/16,d43ab5116085e46e699960fbf1bcbfacdaa25cf8a162a832a64ccfadb72512fa,103430
2012-03-01,GBP,2012-03-30T16:00:00+00:00,2012-03-30T16:59:59.848000+00:00,https://jetta.dukascopy.com/v1/ticks/GBP-USD/2012/3/30/16,0e27681bbb9c1d5d750b721924662b059097e02f2c379ce038a21fb84d72a2ea,66258
2012-03-01,JPY,2012-03-30T16:00:00+00:00,2012-03-30T16:59:59.749000+00:00,https://jetta.dukascopy.com/v1/ticks/USD-JPY/2012/3/30/16,6d7102d045b670d14890560ef64b611befd9d344e19c053cc98fbcfb01b9d056,62883
2012-03-01,NOK,2012-03-30T16:00:00+00:00,2012-03-30T16:59:59.846000+00:00,https://jetta.dukascopy.com/v1/ticks/USD-NOK/2012/3/30/16,76ff4d2057094ab28c54797d23a58b01b7715be9c20a66ab796cdd23dcdb164e,67690
2012-03-01,NZD,2012-03-30T16:00:00+00:00,2012-03-30T16:59:59.863000+00:00,https://jetta.dukascopy.com/v1/ticks/NZD-USD/2012/3/30/16,10848507e8dfdfbd7ce6ed256740dd0a1d4c1cc59e5547ccb95b1504971c09f7,66343
2012-03-01,SEK,2012-03-30T16:00:00+00:00,2012-03-30T16:59:59.984000+00:00,https://jetta.dukascopy.com/v1/ticks/USD-SEK/2012/3/30/16,492ddf4c4877948e6bb2571fb45a122c66e23ba0753e32f9db4870ad0c223adf,68737
2012-04-01,AUD,2012-04-30T16:00:00+00:00,2012-04-30T16:59:56.272000+00:00,https://jetta.dukascopy.com/v1/ticks/AUD-USD/2012/4/30/16,547f24a018c2492f408b08aeef6073e17553c966bb84bc7a2854338820b8c858,63998
2012-04-01,CAD,2012-04-30T16:00:00+00:00,2012-04-30T16:59:58.616000+00:00,https://jetta.dukascopy.com/v1/ticks/USD-CAD/2012/4/30/16,986307b6c0aba807bd036214978d14bbad77b921597de6d96657648d8bc32e8a,78582
2012-04-01,CHF,2012-04-30T16:00:00+00:00,2012-04-30T16:59:59.898000+00:00,https://jetta.dukascopy.com/v1/ticks/USD-CHF/2012/4/30/16,facabd6183c0e7b85933091489d6ce7a9d15757d88470a79888aa21718e4b505,66341
2012-04-01,EUR,2012-04-30T16:00:00+00:00,2012-04-30T16:59:59.607000+00:00,https://jetta.dukascopy.com/v1/ticks/EUR-USD/2012/4/30/16,b518f5219e587266f9d3156926aec03a1cb1b88e82a5e5e779c0e30cc3cfbaf0,70629
2012-04-01,GBP,2012-04-30T16:00:00+00:00,2012-04-30T16:59:59.971000+00:00,https://jetta.dukascopy.com/v1/ticks/GBP-USD/2012/4/30/16,667e2c58967142e6c972af889c959f9297ee39ee1ae63437dc0b6fae8c7d3b9f,65272
2012-04-01,JPY,2012-04-30T16:00:00+00:00,2012-04-30T16:59:59.135000+00:00,https://jetta.dukascopy.com/v1/ticks/USD-JPY/2012/4/30/16,5fea3dd92b0e83451e8025708ebfd22b6de547c32786548ac2581fc11f9afec0,38751
2012-04-01,NOK,2012-04-30T16:00:00+00:00,2012-04-30T16:59:59.382000+00:00,https://jetta.dukascopy.com/v1/ticks/USD-NOK/2012/4/30/16,c7042b28f3475aba3b4de1d9ffe24ff54932bdf2add82a79c82a41e29f6915c4,39724
2012-04-01,NZD,2012-04-30T16:00:00+00:00,2012-04-30T16:59:59.025000+00:00,https://jetta.dukascopy.com/v1/ticks/NZD-USD/2012/4/30/16,7905d8697ec071610dfc230b3b62bf1b50e78f29ba387eb65bba40a87afc8b83,75600
2012-04-01,SEK,2012-04-30T16:00:00+00:00,2012-04-30T16:59:59.382000+00:00,https://jetta.dukascopy.com/v1/ticks/USD-SEK/2012/4/30/16,95f9e9facd146b8c0eafc34d318935e9ca604819c67764a85f9247e23cc66791,17723
2012-05-01,AUD,2012-05-31T16:00:00+00:00,2012-05-31T16:59:59.931000+00:00,https://jetta.dukascopy.com/v1/ticks/AUD-USD/2012/5/31/16,e9eec96b646a1515c9bd54c40cc230019a68276c052bf15e99adf35664844445,167590
2012-05-01,CAD,2012-05-31T16:00:00+00:00,2012-05-31T16:59:59.992000+00:00,https://jetta.dukascopy.com/v1/ticks/USD-CAD/2012/5/31/16,a4348184ac1bd5f0fa36c747345ca3eddc2a882ac6347322d271366d240ed6b0,134829
2012-05-01,CHF,2012-05-31T16:00:00+00:00,2012-05-31T16:59:59.943000+00:00,https://jetta.dukascopy.com/v1/ticks/USD-CHF/2012/5/31/16,37fa938eca7cdd3dbe01109500724392b8e5ab7ab3809c34a39f6949e4f1aa99,170012
2012-05-01,EUR,2012-05-31T16:00:00+00:00,2012-05-31T16:59:59.885000+00:00,https://jetta.dukascopy.com/v1/ticks/EUR-USD/2012/5/31/16,92ff576a7e6a3d6117d294980af8db7406a79d55c814d806e0b0545fe460cf7f,197383
2012-05-01,GBP,2012-05-31T16:00:00+00:00,2012-05-31T16:59:59.944000+00:00,https://jetta.dukascopy.com/v1/ticks/GBP-USD/2012/5/31/16,aea3f337be055d3be9ab2cd040e7ab218f64a4330e722317236c9c40fd764f06,151117
2012-05-01,JPY,2012-05-31T16:00:00+00:00,2012-05-31T16:59:59.794000+00:00,https://jetta.dukascopy.com/v1/ticks/USD-JPY/2012/5/31/16,08db0ec2247eb447665ec0309e3b88a348dd27921b64051156ac2f3df37e54be,98087
2012-05-01,NOK,2012-05-31T16:00:00+00:00,2012-05-31T16:59:59.932000+00:00,https://jetta.dukascopy.com/v1/ticks/USD-NOK/2012/5/31/16,dfd726bf2fc639714601973920f4da237d35a1bc0e765c235b35be2ec7477004,134947
2012-05-01,NZD,2012-05-31T16:00:00+00:00,2012-05-31T16:59:58.194000+00:00,https://jetta.dukascopy.com/v1/ticks/NZD-USD/2012/5/31/16,6fad38046b31546c73e402bdb950849d4399907f5675e9269486cdf494f7aeeb,139101
2012-05-01,SEK,2012-05-31T16:00:00+00:00,2012-05-31T16:59:59.979000+00:00,https://jetta.dukascopy.com/v1/ticks/USD-SEK/2012/5/31/16,659eb4408d02fb956c10e0592769219f9a89a0f19cfc3c0cc413f9c6c1036b51,150976
2012-06-01,AUD,2012-06-29T16:00:00+00:00,2012-06-29T16:59:59.940000+00:00,https://jetta.dukascopy.com/v1/ticks/AUD-USD/2012/6/29/16,220d466b668ade0ff0a93dd67097182799aecd003b623eadb53e10bc860fc27c,113982
2012-06-01,CAD,2012-06-29T16:00:00+00:00,2012-06-29T16:59:59.712000+00:00,https://jetta.dukascopy.com/v1/ticks/USD-CAD/2012/6/29/16,15c49fbe20464f7622376b6904c37a3af24c21a262bbd143ee0ad23d3f5dcb1f,110806
2012-06-01,CHF,2012-06-29T16:00:00+00:00,2012-06-29T16:59:59.822000+00:00,https://jetta.dukascopy.com/v1/ticks/USD-CHF/2012/6/29/16,ae44b2c3eca732df3bc0a8e99fb58507b5b0bc7c2ac8e51c45f32788bc4dc3d0,127583
2012-06-01,EUR,2012-06-29T16:00:00+00:00,2012-06-29T16:59:59.654000+00:00,https://jetta.dukascopy.com/v1/ticks/EUR-USD/2012/6/29/16,920f162aed29c89af3cbeccd6cd01b5329ac4a7a1d67e31d548113e6196f9144,153512
2012-06-01,GBP,2012-06-29T16:00:00+00:00,2012-06-29T16:59:59.921000+00:00,https://jetta.dukascopy.com/v1/ticks/GBP-USD/2012/6/29/16,d7c91c8815ccc26ae0218859879e83ea2c12b787d386f2c41f4549c954c853fb,115787
2012-06-01,JPY,2012-06-29T16:00:00+00:00,2012-06-29T16:59:59.522000+00:00,https://jetta.dukascopy.com/v1/ticks/USD-JPY/2012/6/29/16,e4a47c3da743231781ddf8c1121198a7a5ad1af412fb7f3804a3de930cd6d841,54093
2012-06-01,NOK,2012-06-29T16:00:00+00:00,2012-06-29T16:59:59.838000+00:00,https://jetta.dukascopy.com/v1/ticks/USD-NOK/2012/6/29/16,9e88e419eb86cf5aea185e2760177c53c1052ff9cc6434b30cdf6182e8ad896c,97440
2012-06-01,NZD,2012-06-29T16:00:00+00:00,2012-06-29T16:59:59.569000+00:00,https://jetta.dukascopy.com/v1/ticks/NZD-USD/2012/6/29/16,c4eb270732d2dba6cce65d9577c4870dcf7bfd0e8577125283e8878e2cf02b78,103792
2012-06-01,SEK,2012-06-29T16:00:00+00:00,2012-06-29T16:59:59.906000+00:00,https://jetta.dukascopy.com/v1/ticks/USD-SEK/2012/6/29/16,4fe2de503c09f21933582bf4c9f5716f06a523c0e27f9772482cd1aeff243a6b,97402
2012-07-01,AUD,2012-07-31T16:00:00+00:00,2012-07-31T16:59:58.752000+00:00,https://jetta.dukascopy.com/v1/ticks/AUD-USD/2012/7/31/16,cda7e93cee0a5dc899bdb2b98351dbf532558aac56bd5ff8240e186ae1234c3d,106853
2012-07-01,CAD,2012-07-31T16:00:00+00:00,2012-07-31T16:59:59.348000+00:00,https://jetta.dukascopy.com/v1/ticks/USD-CAD/2012/7/31/16,969648d801299d60f340cb0902eb69756eafb898cbbd6c653702ce89b43973c5,87644
2012-07-01,CHF,2012-07-31T16:00:00+00:00,2012-07-31T16:59:59.424000+00:00,https://jetta.dukascopy.com/v1/ticks/USD-CHF/2012/7/31/16,ea78a99a62264331998fe6e726e9045fc32bbb1c0d96b222e955b847a985818a,71128
2012-07-01,EUR,2012-07-31T16:00:00+00:00,2012-07-31T16:59:59.447000+00:00,https://jetta.dukascopy.com/v1/ticks/EUR-USD/2012/7/31/16,e2e6b553c0f2f36d682492492b515b692ba0112995b4d7bda5422c607b2b4ba1,82740
2012-07-01,GBP,2012-07-31T16:00:00+00:00,2012-07-31T16:59:59.916000+00:00,https://jetta.dukascopy.com/v1/ticks/GBP-USD/2012/7/31/16,970eeda7d76659d64a131ac7f55511e61ac4df23f70d8892ac063757ce1f8f93,82569
2012-07-01,JPY,2012-07-31T16:00:00+00:00,2012-07-31T16:59:59.415000+00:00,https://jetta.dukascopy.com/v1/ticks/USD-JPY/2012/7/31/16,78a16d61cffdf421f2963ca55b58a332d7843031a0b520f2bc071d3f7fac3977,27898
2012-07-01,NOK,2012-07-31T16:00:00+00:00,2012-07-31T16:59:59.800000+00:00,https://jetta.dukascopy.com/v1/ticks/USD-NOK/2012/7/31/16,2d9be3b5df2b9abc7dc3f440a6d90e09a9a19118c571025f004d575661b4bf8d,59113
2012-07-01,NZD,2012-07-31T16:00:00+00:00,2012-07-31T16:59:59.362000+00:00,https://jetta.dukascopy.com/v1/ticks/NZD-USD/2012/7/31/16,9a67873b1b65ecbfd1c2cc6d6ab7d3a36f7870c4b381376dfaef78f0883a68ff,97231
2012-07-01,SEK,2012-07-31T16:00:00+00:00,2012-07-31T16:59:59.385000+00:00,https://jetta.dukascopy.com/v1/ticks/USD-SEK/2012/7/31/16,1d741a3ebd78069ffe2d3ee9b6de9fa844f0aa38a9b9ce3b0b4503c506bc2b6f,91185
2012-08-01,AUD,2012-08-31T16:00:00+00:00,2012-08-31T16:59:56.621000+00:00,https://jetta.dukascopy.com/v1/ticks/AUD-USD/2012/8/31/16,ff7e43f33216e817436e8f5076b55248968a9f92272141e2e11492fd0bdaf783,83013
2012-08-01,CAD,2012-08-31T16:00:00+00:00,2012-08-31T16:59:59.756000+00:00,https://jetta.dukascopy.com/v1/ticks/USD-CAD/2012/8/31/16,5bae598f7c39484a3b69e423925657556f4043ae46ae3330d44ad5e5beb6c100,106365
2012-08-01,CHF,2012-08-31T16:00:00+00:00,2012-08-31T16:59:59.776000+00:00,https://jetta.dukascopy.com/v1/ticks/USD-CHF/2012/8/31/16,8a4a9ccda2bfe94751d710a5f9253484d6b28150316bfbb769a34de6a900c852,103009
2012-08-01,EUR,2012-08-31T16:00:00+00:00,2012-08-31T16:59:59.910000+00:00,https://jetta.dukascopy.com/v1/ticks/EUR-USD/2012/8/31/16,7c0172c1eb6777461cdd0ffac993530f9e8d76817cb2879a0c497408791edb42,126498
2012-08-01,GBP,2012-08-31T16:00:00+00:00,2012-08-31T16:59:59.681000+00:00,https://jetta.dukascopy.com/v1/ticks/GBP-USD/2012/8/31/16,404aa3bc1f076ccff19ec664e92cfac66a111b10d80dc3b7d7f00b074a4479ec,95864
2012-08-01,JPY,2012-08-31T16:00:00+00:00,2012-08-31T16:59:58.945000+00:00,https://jetta.dukascopy.com/v1/ticks/USD-JPY/2012/8/31/16,2751575ed1e3c08042fd01405b0ce3b13c4519d02c50e0e9cdf5a7bf2c4ad3fc,30002
2012-08-01,NOK,2012-08-31T16:00:00+00:00,2012-08-31T16:59:56.539000+00:00,https://jetta.dukascopy.com/v1/ticks/USD-NOK/2012/8/31/16,ec3b5afe3269b4fad98b019c54a53d59c184a9285e2990780bf9f1b7f4ca14f2,70654
2012-08-01,NZD,2012-08-31T16:00:00+00:00,2012-08-31T16:59:57.149000+00:00,https://jetta.dukascopy.com/v1/ticks/NZD-USD/2012/8/31/16,a8aad75a8994c65921151ce69a62eeb55b1e70801a9bfd30dc5fd0af90b26f54,110347
2012-08-01,SEK,2012-08-31T16:00:00+00:00,2012-08-31T16:59:59.158000+00:00,https://jetta.dukascopy.com/v1/ticks/USD-SEK/2012/8/31/16,fe281a85e94cf69bbcb7135a25fb8ea1d0d5c8a82038b01f2350017aa427d6c9,94614
2012-09-01,AUD,2012-09-28T16:00:00+00:00,2012-09-28T16:59:59.608000+00:00,https://jetta.dukascopy.com/v1/ticks/AUD-USD/2012/9/28/16,69d9d0cd305ca5e9d720a41428ff3e68a54d2a9fd2621e48313c21841bc57e47,115466
2012-09-01,CAD,2012-09-28T16:00:00+00:00,2012-09-28T16:59:56.482000+00:00,https://jetta.dukascopy.com/v1/ticks/USD-CAD/2012/9/28/16,cf30081e0336240ecbe88282d97e6f47e8cc1c3502fedce3430216434ed17a14,91422
2012-09-01,CHF,2012-09-28T16:00:00+00:00,2012-09-28T16:59:58.724000+00:00,https://jetta.dukascopy.com/v1/ticks/USD-CHF/2012/9/28/16,139150ebd176fa84a51dd350656cfadf0107dfe5d01af87374db4737a4e3f922,97403
2012-09-01,EUR,2012-09-28T16:00:00+00:00,2012-09-28T16:59:58.897000+00:00,https://jetta.dukascopy.com/v1/ticks/EUR-USD/2012/9/28/16,5308e725c146d5fbd7ba4fb1bb98059bf8b9ca66161eeefcb5f7740448a09e09,125688
2012-09-01,GBP,2012-09-28T16:00:00+00:00,2012-09-28T16:59:59.627000+00:00,https://jetta.dukascopy.com/v1/ticks/GBP-USD/2012/9/28/16,2decb99886f9535344a6cb0731349e0bbccef466328684294d0c22dcac00a550,124498
2012-09-01,JPY,2012-09-28T16:00:00+00:00,2012-09-28T16:59:58.263000+00:00,https://jetta.dukascopy.com/v1/ticks/USD-JPY/2012/9/28/16,ea1c6ed638b6137fef5c694daaf7d1f64d5ce3b6779e67670d5c05f20fdc2a5f,51379
2012-09-01,NOK,2012-09-28T16:00:00+00:00,2012-09-28T16:59:58.318000+00:00,https://jetta.dukascopy.com/v1/ticks/USD-NOK/2012/9/28/16,7b2752135660a7216a3f7606b791f1168a23571a2270b374f78f98513dabba00,40651
2012-09-01,NZD,2012-09-28T16:00:00+00:00,2012-09-28T16:59:57.973000+00:00,https://jetta.dukascopy.com/v1/ticks/NZD-USD/2012/9/28/16,f90ef21ee4dd494022a92f0eac7c789ef5a28aae92c7099884285f293182dbd5,103013
2012-09-01,SEK,2012-09-28T16:00:00+00:00,2012-09-28T16:59:58.314000+00:00,https://jetta.dukascopy.com/v1/ticks/USD-SEK/2012/9/28/16,25ed25ef07f26fa74daf3374965a64d5aa8c3e645882d35dc8b33574c076dabe,59154
2012-10-01,AUD,2012-10-31T16:00:00+00:00,2012-10-31T16:59:59.858000+00:00,https://jetta.dukascopy.com/v1/ticks/AUD-USD/2012/10/31/16,af64d2e51a392768251f28f299b69a2372aa14622fdaed9faac76ce6123f1aa4,74728
2012-10-01,CAD,2012-10-31T16:00:00+00:00,2012-10-31T16:59:59.860000+00:00,https://jetta.dukascopy.com/v1/ticks/USD-CAD/2012/10/31/16,d27dacf6bdc78af948bd3c182cab8a0c47044aa8f346e8f7b254590b0c254b09,88004
2012-10-01,CHF,2012-10-31T16:00:00+00:00,2012-10-31T16:59:56.596000+00:00,https://jetta.dukascopy.com/v1/ticks/USD-CHF/2012/10/31/16,e01e8fe7b3a624d5d0e56c2113f0da43767d23a50599041b0e76bbf6447e245f,96468
2012-10-01,EUR,2012-10-31T16:00:00+00:00,2012-10-31T16:59:58.757000+00:00,https://jetta.dukascopy.com/v1/ticks/EUR-USD/2012/10/31/16,5180c90ac060f4fd146d61702f64a2e255affe6b3ca4b04a0cee03f2d702cccc,114900
2012-10-01,GBP,2012-10-31T16:00:00+00:00,2012-10-31T16:59:58.699000+00:00,https://jetta.dukascopy.com/v1/ticks/GBP-USD/2012/10/31/16,524adc7d26aa6416a3720ee99e9633052ccdddae88a9805a1e0d74733736cd87,135182
2012-10-01,JPY,2012-10-31T16:00:00+00:00,2012-10-31T16:59:52.879000+00:00,https://jetta.dukascopy.com/v1/ticks/USD-JPY/2012/10/31/16,a37c1e403d472e3456d466122378e5170f7e7539fff994051b8522d4ad68f593,53276
2012-10-01,NOK,2012-10-31T16:00:00+00:00,2012-10-31T16:59:59.128000+00:00,https://jetta.dukascopy.com/v1/ticks/USD-NOK/2012/10/31/16,f4347c803ca484d199d15156439e8b9f18416ecb80122fcc95fefd9da7d38491,88981
2012-10-01,NZD,2012-10-31T16:00:00+00:00,2012-10-31T16:59:59.970000+00:00,https://jetta.dukascopy.com/v1/ticks/NZD-USD/2012/10/31/16,80f92773d72271c19707b60c0764d286eafc1c2cb77f217ef0b9ce19b15f6975,90632
2012-10-01,SEK,2012-10-31T16:00:00+00:00,2012-10-31T16:59:59.583000+00:00,https://jetta.dukascopy.com/v1/ticks/USD-SEK/2012/10/31/16,7b18d643fa8497139f07af4cb8d970558181877cfdfcb937b63059b348045227,84680
2012-11-01,AUD,2012-11-30T16:00:00+00:00,2012-11-30T16:59:47.344000+00:00,https://jetta.dukascopy.com/v1/ticks/AUD-USD/2012/11/30/16,00589c22da326936a519560ba96b0dffe023d499603cf422ae9e16c5eebe75c3,79063
2012-11-01,CAD,2012-11-30T16:00:00+00:00,2012-11-30T16:59:59.815000+00:00,https://jetta.dukascopy.com/v1/ticks/USD-CAD/2012/11/30/16,92fb63fc0f43c6936066ea878c671c6ab2cdaaae424081df9b78c90ecb3f3eba,72030
2012-11-01,CHF,2012-11-30T16:00:00+00:00,2012-11-30T16:59:57.607000+00:00,https://jetta.dukascopy.com/v1/ticks/USD-CHF/2012/11/30/16,47577dc0aaa27734812e0cabdc292a9cd89cf6c157b151ac9f4c6b18c04bf697,86971
2012-11-01,EUR,2012-11-30T16:00:00+00:00,2012-11-30T16:59:59.264000+00:00,https://jetta.dukascopy.com/v1/ticks/EUR-USD/2012/11/30/16,1ccf155b3f494718e0ac50273341228e3d69e60cab564b6fbd63ba231b5a8a0c,116623
2012-11-01,GBP,2012-11-30T16:00:00+00:00,2012-11-30T16:59:56.355000+00:00,https://jetta.dukascopy.com/v1/ticks/GBP-USD/2012/11/30/16,d827bd756f9bedec070890cf8677dd4345b64dc5b0ef08352927a023ed4401a7,112644
2012-11-01,JPY,2012-11-30T16:00:00+00:00,2012-11-30T16:59:58.806000+00:00,https://jetta.dukascopy.com/v1/ticks/USD-JPY/2012/11/30/16,7df8684440fa056409fcb59cac8e25efc2f0093d9915c053d046435327b44cc7,52092
2012-11-01,NOK,2012-11-30T16:00:00+00:00,2012-11-30T16:59:49.594000+00:00,https://jetta.dukascopy.com/v1/ticks/USD-NOK/2012/11/30/16,c5a7fde1b909ed40647a20728263615a4c9456b71fb3381cecc6180b8f78743e,70447
2012-11-01,NZD,2012-11-30T16:00:00+00:00,2012-11-30T16:59:59.866000+00:00,https://jetta.dukascopy.com/v1/ticks/NZD-USD/2012/11/30/16,4e130d2b0facb233ef94f7d93bd6119dbdc3f05a303bdbeef5e0787dd9e018c8,73654
2012-11-01,SEK,2012-11-30T16:00:00+00:00,2012-11-30T16:59:50.105000+00:00,https://jetta.dukascopy.com/v1/ticks/USD-SEK/2012/11/30/16,e69abc756d2b2ce3bf56734004a10612c6d17c1bde8b3671ec2ff4b335861a17,67750
2012-12-01,AUD,2012-12-31T16:00:00+00:00,2012-12-31T16:59:59.666000+00:00,https://jetta.dukascopy.com/v1/ticks/AUD-USD/2012/12/31/16,7dc20b3a20b5a0a00a174ba4b3c3e424ec7e17fb3656fd7d4fd76a52c7bb713d,55610
2012-12-01,CAD,2012-12-31T16:00:00+00:00,2012-12-31T16:59:59.900000+00:00,https://jetta.dukascopy.com/v1/ticks/USD-CAD/2012/12/31/16,899adbad5bf6bdb7f2b9e138db0bd2e8c076472307a647bd06ea4c5fb1ca9736,69051
2012-12-01,CHF,2012-12-31T16:00:00+00:00,2012-12-31T16:59:58.047000+00:00,https://jetta.dukascopy.com/v1/ticks/USD-CHF/2012/12/31/16,fe760f0fe27dfaf24563125a268654cfa734f79aac30aca1bc703bb2600197f9,90438
2012-12-01,EUR,2012-12-31T16:00:00+00:00,2012-12-31T16:59:59.948000+00:00,https://jetta.dukascopy.com/v1/ticks/EUR-USD/2012/12/31/16,c7334fdf9cb16f3c1a153502e7188d984df97a7b228ec5b0db3c20072f0dd79b,122324
2012-12-01,GBP,2012-12-31T16:00:00+00:00,2012-12-31T16:59:57.859000+00:00,https://jetta.dukascopy.com/v1/ticks/GBP-USD/2012/12/31/16,dcc04f77bcdbd18ad21a763384f2ed83ea6dd9c6243907042c70016651c60c54,122742
2012-12-01,JPY,2012-12-31T16:00:00+00:00,2012-12-31T16:59:59.759000+00:00,https://jetta.dukascopy.com/v1/ticks/USD-JPY/2012/12/31/16,d438190157f1e27b562dda4106e2b11bca5b35ae9c7b91dc0157684a4d40ffc5,82705
2012-12-01,NOK,2012-12-31T16:00:00+00:00,2012-12-31T16:59:57.558000+00:00,https://jetta.dukascopy.com/v1/ticks/USD-NOK/2012/12/31/16,9ff37b5efc95f468e00e35508c5e497ad6bc35daffcd679c94e38d81531370ac,78032
2012-12-01,NZD,2012-12-31T16:00:00+00:00,2012-12-31T16:59:58.358000+00:00,https://jetta.dukascopy.com/v1/ticks/NZD-USD/2012/12/31/16,fb168f0a3351e358545779e474f2f9e871c822641f3e4de44fddfe01c0314b64,59028
2012-12-01,SEK,2012-12-31T16:00:00+00:00,2012-12-31T16:59:57.534000+00:00,https://jetta.dukascopy.com/v1/ticks/USD-SEK/2012/12/31/16,814fa62d09ed5cbfc60ca977b7721b8dcfe01dce6298b434a848e9eb921d7fea,74279
2013-01-01,AUD,2013-01-31T16:00:00+00:00,2013-01-31T16:59:56.626000+00:00,https://jetta.dukascopy.com/v1/ticks/AUD-USD/2013/1/31/16,9e41db80cbc208669f0c3bda8b917198df9e29185c9f1a7a6787ddff73a7c997,70846
2013-01-01,CAD,2013-01-31T16:00:00+00:00,2013-01-31T16:59:59.029000+00:00,https://jetta.dukascopy.com/v1/ticks/USD-CAD/2013/1/31/16,a677b4964ce436a2b94125207d5fa5f72337193ba0c6c8a2ffbfd17c571aafec,76765
2013-01-01,CHF,2013-01-31T16:00:00+00:00,2013-01-31T16:59:58.249000+00:00,https://jetta.dukascopy.com/v1/ticks/USD-CHF/2013/1/31/16,a0a0c5c4c53c5adc866a28a45fd32d707fdcf647bd2e50776b2c22c5a7c64391,138631
2013-01-01,EUR,2013-01-31T16:00:00+00:00,2013-01-31T16:59:58.847000+00:00,https://jetta.dukascopy.com/v1/ticks/EUR-USD/2013/1/31/16,2366cb12dd62596da6ed3721b198ce8543f83e9a0b49c75e883cc3adca86ee14,173913
2013-01-01,GBP,2013-01-31T16:00:00+00:00,2013-01-31T16:59:57.410000+00:00,https://jetta.dukascopy.com/v1/ticks/GBP-USD/2013/1/31/16,0e4faf40c67c485d12708bdf65d9b7b127242793f666bedc4f7637e2b8dd6539,165823
2013-01-01,JPY,2013-01-31T16:00:00+00:00,2013-01-31T16:59:59.457000+00:00,https://jetta.dukascopy.com/v1/ticks/USD-JPY/2013/1/31/16,b4b4a2a52fa153c1d155c7345758b0d78cac49d8da729188495badd0046b010d,107799
2013-01-01,NOK,2013-01-31T16:00:00+00:00,2013-01-31T16:59:56.428000+00:00,https://jetta.dukascopy.com/v1/ticks/USD-NOK/2013/1/31/16,25b76d10bd93fa1b3d601612fbfdcf3d98c9ad70de6a354eb0c2a54f7936d176,86455
2013-01-01,NZD,2013-01-31T16:00:00+00:00,2013-01-31T16:59:56.150000+00:00,https://jetta.dukascopy.com/v1/ticks/NZD-USD/2013/1/31/16,16cd10df000cb5149fcc4207a08919a718c6e83cccbfcf25a9b1e4c4d547d3a0,83301
2013-01-01,SEK,2013-01-31T16:00:00+00:00,2013-01-31T16:59:59.378000+00:00,https://jetta.dukascopy.com/v1/ticks/USD-SEK/2013/1/31/16,f3a4e8fdd2a04a638a4e1999df4f654036d1dc302c888459798792c016364cdc,121944
2013-02-01,AUD,2013-02-28T16:00:00+00:00,2013-02-28T16:59:59.564000+00:00,https://jetta.dukascopy.com/v1/ticks/AUD-USD/2013/2/28/16,c89f00312b3b62b4b324b5048dd4e262dee2155ab048031c7b58a133fde308de,94563
2013-02-01,CAD,2013-02-28T16:00:00+00:00,2013-02-28T16:59:56.740000+00:00,https://jetta.dukascopy.com/v1/ticks/USD-CAD/2013/2/28/16,a0f245cbfd45c33a3ff355dd0b6fa0926a1bae5fb18e9f08ffcb83e00e037233,83212
2013-02-01,CHF,2013-02-28T16:00:00+00:00,2013-02-28T16:59:59.279000+00:00,https://jetta.dukascopy.com/v1/ticks/USD-CHF/2013/2/28/16,4cbd534dcd88f3882266bdd87ffa1ebab2798c80c5b9121e07335dbb88dbc1d1,124074
2013-02-01,EUR,2013-02-28T16:00:00+00:00,2013-02-28T16:59:59.934000+00:00,https://jetta.dukascopy.com/v1/ticks/EUR-USD/2013/2/28/16,93bd159cafe65ad31ced7163f5f9882b5b540de527d86b9eca1468cda6f04f19,150036
2013-02-01,GBP,2013-02-28T16:00:00+00:00,2013-02-28T16:59:59.359000+00:00,https://jetta.dukascopy.com/v1/ticks/GBP-USD/2013/2/28/16,9b0719e586c1c01c266c875981825989b02378bda5eebd3bc0ef70b05785e78e,168012
2013-02-01,JPY,2013-02-28T16:00:00+00:00,2013-02-28T16:59:53.725000+00:00,https://jetta.dukascopy.com/v1/ticks/USD-JPY/2013/2/28/16,6db68f13eac2fd527a7621a3acb9f77e88d5b58957e1786fca74281509fb6e2b,84010
2013-02-01,NOK,2013-02-28T16:00:00+00:00,2013-02-28T16:59:56.907000+00:00,https://jetta.dukascopy.com/v1/ticks/USD-NOK/2013/2/28/16,d9422b821748e0a751af04ca85489d51f396313f3bad2413253efaab079d41ec,75840
2013-02-01,NZD,2013-02-28T16:00:00+00:00,2013-02-28T16:59:56.677000+00:00,https://jetta.dukascopy.com/v1/ticks/NZD-USD/2013/2/28/16,3e5d26a0df1c52bdbe69a83b2a9f28325a69d4b33ebec1c00ab8140fbf4b8567,59079
2013-02-01,SEK,2013-02-28T16:00:00+00:00,2013-02-28T16:59:59.354000+00:00,https://jetta.dukascopy.com/v1/ticks/USD-SEK/2013/2/28/16,a61ee222a2cf812ac74d913b06c94e81d9337e729042746c01872c3c73d8d127,117000
2013-03-01,AUD,2013-03-29T16:00:00+00:00,2013-03-29T16:59:59.087000+00:00,https://jetta.dukascopy.com/v1/ticks/AUD-USD/2013/3/29/16,b9860c97c45a87b8127ed6d1d124c5e00046ba930da0aadb7fb33468a5ad62c7,23864
2013-03-01,CAD,2013-03-29T16:00:00+00:00,2013-03-29T16:59:59.551000+00:00,https://jetta.dukascopy.com/v1/ticks/USD-CAD/2013/3/29/16,a60d3ab39d7236e97b4cb4071c6641820e2d71500eed39ebff7a417b301fe800,25767
2013-03-01,CHF,2013-03-29T16:00:00+00:00,2013-03-29T16:59:58.174000+00:00,https://jetta.dukascopy.com/v1/ticks/USD-CHF/2013/3/29/16,4fa9c2eddbcea105525448f514a48f09af34267a00e4c13df6ba090f9961288a,53168
2013-03-01,EUR,2013-03-29T16:00:00+00:00,2013-03-29T16:59:42.889000+00:00,https://jetta.dukascopy.com/v1/ticks/EUR-USD/2013/3/29/16,f4ba934d48c35e79d7ccb7768f935c93b7e69dbf25128f87cb3e7b1cf7c35d41,32676
2013-03-01,GBP,2013-03-29T16:00:00+00:00,2013-03-29T16:59:59.901000+00:00,https://jetta.dukascopy.com/v1/ticks/GBP-USD/2013/3/29/16,6178ca0c9ccfe544a28f6f79b78aa8ac439d012942f9ebb036be27b41e08a250,130834
2013-03-01,JPY,2013-03-29T16:00:00+00:00,2013-03-29T16:59:18.489000+00:00,https://jetta.dukascopy.com/v1/ticks/USD-JPY/2013/3/29/16,df70e8436d29a992110c495445fe5ae8dbf89087d8a49406b7ff275f58cc315a,24855
2013-03-01,NOK,2013-03-29T16:00:00+00:00,2013-03-29T16:59:43.260000+00:00,https://jetta.dukascopy.com/v1/ticks/USD-NOK/2013/3/29/16,5bc2e9bc1786668e546d0a2e05f6e1c4dbf0405518f5aa7d10b8152c7a92f8eb,22543
2013-03-01,NZD,2013-03-29T16:00:00+00:00,2013-03-29T16:59:55.998000+00:00,https://jetta.dukascopy.com/v1/ticks/NZD-USD/2013/3/29/16,a389aa51c784c678a9f5a8fbf2eef2e0a2ccbfe5bb57e75096a6f9b2eb5b46c6,22422
2013-03-01,SEK,2013-03-29T16:00:00+00:00,2013-03-29T16:59:43.319000+00:00,https://jetta.dukascopy.com/v1/ticks/USD-SEK/2013/3/29/16,158e586eb7064bb47683f108f27630e33364fafb23db7e3be271486ded9332ce,21687
2013-04-01,AUD,2013-04-30T16:00:00+00:00,2013-04-30T16:59:59.139000+00:00,https://jetta.dukascopy.com/v1/ticks/AUD-USD/2013/4/30/16,36528b5329e0358c488d8b6c9ea0891fadc64174fbdd895d8e881056eb5247db,66248
2013-04-01,CAD,2013-04-30T16:00:00+00:00,2013-04-30T16:59:59.848000+00:00,https://jetta.dukascopy.com/v1/ticks/USD-CAD/2013/4/30/16,310a3159f18c1b652c1a7b0fe489a39a2f94e2e73d3ade3287b1bc00f3cdf890,58025
2013-04-01,CHF,2013-04-30T16:00:00+00:00,2013-04-30T16:59:59.622000+00:00,https://jetta.dukascopy.com/v1/ticks/USD-CHF/2013/4/30/16,4a603875749a617e0cae33fc8e9e1fec2b6d161d9111c9871bb2f2688fd35438,82673
2013-04-01,EUR,2013-04-30T16:00:00+00:00,2013-04-30T16:59:59.938000+00:00,https://jetta.dukascopy.com/v1/ticks/EUR-USD/2013/4/30/16,08458367f89438dacf203fc0972d6606c628f35e7ae655c4b00bd37e0f76efe3,102131
2013-04-01,GBP,2013-04-30T16:00:00+00:00,2013-04-30T16:59:59.880000+00:00,https://jetta.dukascopy.com/v1/ticks/GBP-USD/2013/4/30/16,3a38886a44703a0b2d9686607ddc5479955c92386f781087eadb6345da2a518c,95090
2013-04-01,JPY,2013-04-30T16:00:00+00:00,2013-04-30T16:59:59.344000+00:00,https://jetta.dukascopy.com/v1/ticks/USD-JPY/2013/4/30/16,1282ed3bc35182c8a18b9477a342f3c01e78e0d8c014a1b8e50c1b955bec7b81,66994
2013-04-01,NOK,2013-04-30T16:00:00+00:00,2013-04-30T16:59:59.151000+00:00,https://jetta.dukascopy.com/v1/ticks/USD-NOK/2013/4/30/16,8540393440581294c1e53ce505c0379beeab2f7d0af7d97864760e8f314d80cc,30207
2013-04-01,NZD,2013-04-30T16:00:00+00:00,2013-04-30T16:59:59.852000+00:00,https://jetta.dukascopy.com/v1/ticks/NZD-USD/2013/4/30/16,45717199afdbd87a516aeba5e16a6f5fe3ededa63b8c78982f9b9d65e68b1428,50722
2013-04-01,SEK,2013-04-30T16:00:00+00:00,2013-04-30T16:59:59.210000+00:00,https://jetta.dukascopy.com/v1/ticks/USD-SEK/2013/4/30/16,8151b6ad2450f786c888854e2ea6a04eef5667952157e1f9df048621b514d348,54043
2013-05-01,AUD,2013-05-31T16:00:00+00:00,2013-05-31T16:59:59.320000+00:00,https://jetta.dukascopy.com/v1/ticks/AUD-USD/2013/5/31/16,efaed014297d8e87d581bba9350294931dbb8315e8d9ed8aa17af38657e9ee1e,75462
2013-05-01,CAD,2013-05-31T16:00:00+00:00,2013-05-31T16:59:59.886000+00:00,https://jetta.dukascopy.com/v1/ticks/USD-CAD/2013/5/31/16,def60c4c772db431c6d6995a2183e77759604b59cfe8aa4a51106e8995ba9632,69495
2013-05-01,CHF,2013-05-31T16:00:00+00:00,2013-05-31T16:59:59.825000+00:00,https://jetta.dukascopy.com/v1/ticks/USD-CHF/2013/5/31/16,9352aecff399a9b6d57dc9634c96effc93155600719d10c305da3a8dd3b06917,93694
2013-05-01,EUR,2013-05-31T16:00:00+00:00,2013-05-31T16:59:59.822000+00:00,https://jetta.dukascopy.com/v1/ticks/EUR-USD/2013/5/31/16,f9362fcf9fff617ee4495d38efa47a3b15d937de296f144f7f9849d58f9061cc,82733
2013-05-01,GBP,2013-05-31T16:00:00+00:00,2013-05-31T16:59:59.320000+00:00,https://jetta.dukascopy.com/v1/ticks/GBP-USD/2013/5/31/16,d7b6ef5e1269f4c20654b4b8ba898c9217809370c746d37b5a31476314a89f74,93321
2013-05-01,JPY,2013-05-31T16:00:00+00:00,2013-05-31T16:59:59.561000+00:00,https://jetta.dukascopy.com/v1/ticks/USD-JPY/2013/5/31/16,698a68ffb7d49305e3e912b916582087083940ab717d256224a01a3b331f6958,90876
2013-05-01,NOK,2013-05-31T16:00:00+00:00,2013-05-31T16:59:57.542000+00:00,https://jetta.dukascopy.com/v1/ticks/USD-NOK/2013/5/31/16,a9bdfdb54d4694492711e2a5fff07efe56512656e10b200c3e1a6d5f63f301f0,40150
2013-05-01,NZD,2013-05-31T16:00:00+00:00,2013-05-31T16:59:59.332000+00:00,https://jetta.dukascopy.com/v1/ticks/NZD-USD/2013/5/31/16,b81c77132d88fe8171df8592d5b6eeaa17532ee54b4338f2ac6de85fd199eb7f,74684
2013-05-01,SEK,2013-05-31T16:00:00+00:00,2013-05-31T16:59:58.682000+00:00,https://jetta.dukascopy.com/v1/ticks/USD-SEK/2013/5/31/16,6214ff343bb6a86e4bdd3fac1728a7b0c58518f178b526ea41e4d46d65b42d27,51196
2013-06-01,AUD,2013-06-28T16:00:00+00:00,2013-06-28T16:59:59.758000+00:00,https://jetta.dukascopy.com/v1/ticks/AUD-USD/2013/6/28/16,a0e22932c67a2b576ca31df96992b53644ffbf9128eba3c9d343b48954072965,122286
2013-06-01,CAD,2013-06-28T16:00:00+00:00,2013-06-28T16:59:59.699000+00:00,https://jetta.dukascopy.com/v1/ticks/USD-CAD/2013/6/28/16,77620f09652137510e0fa0b9934ddec62f1dda27be24b78af06ed21e0e98d679,123758
2013-06-01,CHF,2013-06-28T16:00:00+00:00,2013-06-28T16:59:59.669000+00:00,https://jetta.dukascopy.com/v1/ticks/USD-CHF/2013/6/28/16,5cf687c30fd4ee226ac05464331d47a58519f37f33f11c5f3a5bf35d75af520e,82276
2013-06-01,EUR,2013-06-28T16:00:00+00:00,2013-06-28T16:59:59.572000+00:00,https://jetta.dukascopy.com/v1/ticks/EUR-USD/2013/6/28/16,ce16261f82932196de5cce04ba91c221a194e8ee979646a4280b56f6bce37949,93400
2013-06-01,GBP,2013-06-28T16:00:00+00:00,2013-06-28T16:59:59.588000+00:00,https://jetta.dukascopy.com/v1/ticks/GBP-USD/2013/6/28/16,80a62a545de8a657f8681008c7ec6d9d9928adf3b71d162d653358341bc06bfd,93207
2013-06-01,JPY,2013-06-28T16:00:00+00:00,2013-06-28T16:59:59.737000+00:00,https://jetta.dukascopy.com/v1/ticks/USD-JPY/2013/6/28/16,3d923c3c58b3b67256863b44a5cac79a4732a5d61648785e28612f00761cfec5,96394
2013-06-01,NOK,2013-06-28T16:00:00+00:00,2013-06-28T16:59:53.267000+00:00,https://jetta.dukascopy.com/v1/ticks/USD-NOK/2013/6/28/16,dd2e6b2f0e3a6f27f3700cc3b4ca85783f8db44214efb0e28b795cf42f3cd913,66297
2013-06-01,NZD,2013-06-28T16:00:00+00:00,2013-06-28T16:59:58.930000+00:00,https://jetta.dukascopy.com/v1/ticks/NZD-USD/2013/6/28/16,7c21f75d48a2e153cb93c92bf369e44efecb3c45372e45d04df6fe64607c9cc7,95609
2013-06-01,SEK,2013-06-28T16:00:00+00:00,2013-06-28T16:59:59.638000+00:00,https://jetta.dukascopy.com/v1/ticks/USD-SEK/2013/6/28/16,41ff8d5ff11d7eb69d96d56ad55a3b0f9e29e7e7cf91976250796ef672690db5,109946
2013-07-01,AUD,2013-07-31T16:00:00+00:00,2013-07-31T16:59:59.944000+00:00,https://jetta.dukascopy.com/v1/ticks/AUD-USD/2013/7/31/16,7e4802297651e4e052d3a795d5a2df09ff18391bc145f789333ba93954468013,84513
2013-07-01,CAD,2013-07-31T16:00:00+00:00,2013-07-31T16:59:59.093000+00:00,https://jetta.dukascopy.com/v1/ticks/USD-CAD/2013/7/31/16,da7f2f27e1101687bf9f3cf6409bfe7cb3eb9e531a20b4111aa27f2e235c33ea,124553
2013-07-01,CHF,2013-07-31T16:00:00+00:00,2013-07-31T16:59:59.945000+00:00,https://jetta.dukascopy.com/v1/ticks/USD-CHF/2013/7/31/16,c76b7e87331013e4214ad12aef702c315e19b0d7bcafb18cc16d0ae0a6cd664d,93396
2013-07-01,EUR,2013-07-31T16:00:00+00:00,2013-07-31T16:59:59.895000+00:00,https://jetta.dukascopy.com/v1/ticks/EUR-USD/2013/7/31/16,6f5425660a2075ffeb27039705844d8d5406e1d3bf10088a94e7ea95a6ab138f,214735
2013-07-01,GBP,2013-07-31T16:00:00+00:00,2013-07-31T16:59:59.715000+00:00,https://jetta.dukascopy.com/v1/ticks/GBP-USD/2013/7/31/16,541c7179a7bb24c6dd2a0864248ca4ee0a05112580c7134a6173ca29ba1d2986,92910
2013-07-01,JPY,2013-07-31T16:00:00+00:00,2013-07-31T16:59:59.474000+00:00,https://jetta.dukascopy.com/v1/ticks/USD-JPY/2013/7/31/16,af5951653d633ac7e5691327684c6a74c42098b8ae7de153621133b817a32178,57634
2013-07-01,NOK,2013-07-31T16:00:00+00:00,2013-07-31T16:59:59.954000+00:00,https://jetta.dukascopy.com/v1/ticks/USD-NOK/2013/7/31/16,9b3a80b5ccfce21bf9dc9ab24c79d3731a653f41245d0276a4170d388b285854,91525
2013-07-01,NZD,2013-07-31T16:00:00+00:00,2013-07-31T16:59:59.673000+00:00,https://jetta.dukascopy.com/v1/ticks/NZD-USD/2013/7/31/16,1c3ff62400cfe5d2f4c7fe2ddad0b5e2648a8433667ab5fdff0dc6a6a9d2739a,135744
2013-07-01,SEK,2013-07-31T16:00:00+00:00,2013-07-31T16:59:59.963000+00:00,https://jetta.dukascopy.com/v1/ticks/USD-SEK/2013/7/31/16,dd4a7a8758aab2cfb284bf5d148cee949534d4b3b41e0d0267208f26753b41cb,109950
2013-08-01,AUD,2013-08-30T16:00:00+00:00,2013-08-30T16:59:59.840000+00:00,https://jetta.dukascopy.com/v1/ticks/AUD-USD/2013/8/30/16,f62ed8bf2fc68d02c47d21e6a69ffae274d510f243192a8705434899c8b620f5,73199
2013-08-01,CAD,2013-08-30T16:00:00+00:00,2013-08-30T16:59:59.732000+00:00,https://jetta.dukascopy.com/v1/ticks/USD-CAD/2013/8/30/16,ce1cb912017b311b336fb5241788307054d05575cefe37098f5330ca33325c6b,69624
2013-08-01,CHF,2013-08-30T16:00:00+00:00,2013-08-30T16:59:59.880000+00:00,https://jetta.dukascopy.com/v1/ticks/USD-CHF/2013/8/30/16,1256a3dae8c088699a40023c3f83251f8036d4cc4dee211f8ac73e97d22d9db9,58402
2013-08-01,EUR,2013-08-30T16:00:00+00:00,2013-08-30T16:59:59.979000+00:00,https://jetta.dukascopy.com/v1/ticks/EUR-USD/2013/8/30/16,bf270ab980bb19c2a09865145e603e3dde90a39f8f5c779f9ed96f3de5d6ca7c,65374
2013-08-01,GBP,2013-08-30T16:00:00+00:00,2013-08-30T16:59:59.940000+00:00,https://jetta.dukascopy.com/v1/ticks/GBP-USD/2013/8/30/16,23e83b2ec4cc27b62eedc6489b7eab9daaf1eba9bc9f870096cb46db7560c9a5,70344
2013-08-01,JPY,2013-08-30T16:00:00+00:00,2013-08-30T16:59:59.961000+00:00,https://jetta.dukascopy.com/v1/ticks/USD-JPY/2013/8/30/16,491edb816a6adcf1cb3acd90b8e4a60f3e73725fb2585776d4a658d04139433d,59256
2013-08-01,NOK,2013-08-30T16:00:00+00:00,2013-08-30T16:59:53.730000+00:00,https://jetta.dukascopy.com/v1/ticks/USD-NOK/2013/8/30/16,160c10267cb935980f09961c3e6f19429236ceedb8ba450b5cadd59f082e30d9,36935
2013-08-01,NZD,2013-08-30T16:00:00+00:00,2013-08-30T16:59:59.861000+00:00,https://jetta.dukascopy.com/v1/ticks/NZD-USD/2013/8/30/16,32960b52fcb55ff28dac558e53fa5faabc986b4951ea958a3c708bd1a224cb90,40623
2013-08-01,SEK,2013-08-30T16:00:00+00:00,2013-08-30T16:59:59.961000+00:00,https://jetta.dukascopy.com/v1/ticks/USD-SEK/2013/8/30/16,81dea03c6a46a164661301a925ede301265804266f60b7cce8f16de230cbc880,45223
2013-09-01,AUD,2013-09-30T16:00:00+00:00,2013-09-30T16:59:59.641000+00:00,https://jetta.dukascopy.com/v1/ticks/AUD-USD/2013/9/30/16,6dfdb77076843b06f021db36aa3809b1ec2103a825dca22e98e29df3fd8252fc,67646
2013-09-01,CAD,2013-09-30T16:00:00+00:00,2013-09-30T16:59:49.651000+00:00,https://jetta.dukascopy.com/v1/ticks/USD-CAD/2013/9/30/16,078134ce795524816edd4fa81b46b0bdde076ee629e397c4ad8a7908829acd52,32015
2013-09-01,CHF,2013-09-30T16:00:00+00:00,2013-09-30T16:59:59.912000+00:00,https://jetta.dukascopy.com/v1/ticks/USD-CHF/2013/9/30/16,8c045f45bcab53112d20f42b3f79b5266483c6225927b4ee6cd7e0169b859aeb,54197
2013-09-01,EUR,2013-09-30T16:00:00+00:00,2013-09-30T16:59:59.528000+00:00,https://jetta.dukascopy.com/v1/ticks/EUR-USD/2013/9/30/16,3a05f435119e8163c96f8e03edc9976770f393d916af4577b303d3afc52520f9,68013
2013-09-01,GBP,2013-09-30T16:00:00+00:00,2013-09-30T16:59:59.901000+00:00,https://jetta.dukascopy.com/v1/ticks/GBP-USD/2013/9/30/16,aee4aa13e53bfb52af2b278011865ddc36667fa954aceda232996631cb6b3a77,65871
2013-09-01,JPY,2013-09-30T16:00:00+00:00,2013-09-30T16:59:59.800000+00:00,https://jetta.dukascopy.com/v1/ticks/USD-JPY/2013/9/30/16,51abc84bfdfe33ec9ec1defae7743aa6cfd4ec6c78c927ffc1b2ae48a686e84b,79541
2013-09-01,NOK,2013-09-30T16:00:00+00:00,2013-09-30T16:59:59.608000+00:00,https://jetta.dukascopy.com/v1/ticks/USD-NOK/2013/9/30/16,c9c04cd4c8b4f1e295b4cfd01facace7ead71766e58c65db3a983dd1cad6a660,43926
2013-09-01,NZD,2013-09-30T16:00:00+00:00,2013-09-30T16:59:58.963000+00:00,https://jetta.dukascopy.com/v1/ticks/NZD-USD/2013/9/30/16,3e9c08068ce43bd6e2d316a7c74b3ed446f1cbe078a3871a386ee88c2849e072,36478
2013-09-01,SEK,2013-09-30T16:00:00+00:00,2013-09-30T16:59:59.712000+00:00,https://jetta.dukascopy.com/v1/ticks/USD-SEK/2013/9/30/16,9035a3f18459b743bf67591210a2713fd38c9dfd89cbae54b577a54fcb72ef53,56942
2013-10-01,AUD,2013-10-31T16:00:00+00:00,2013-10-31T16:59:59.981000+00:00,https://jetta.dukascopy.com/v1/ticks/AUD-USD/2013/10/31/16,318242ceee50d8f8364df63b5bc5896d6e85b2b1de07f8a91ca43a36eb1ce23e,91699
2013-10-01,CAD,2013-10-31T16:00:00+00:00,2013-10-31T16:59:55.351000+00:00,https://jetta.dukascopy.com/v1/ticks/USD-CAD/2013/10/31/16,5c1ca490418dc85651873057c452ccd573853a4fdbdaf81f6723eb3241020b0c,57315
2013-10-01,CHF,2013-10-31T16:00:00+00:00,2013-10-31T16:59:59.042000+00:00,https://jetta.dukascopy.com/v1/ticks/USD-CHF/2013/10/31/16,666bd2959aa8f9d03263db5487a8e49ca49e0ab12d1ce557987945294882db7d,115069
2013-10-01,EUR,2013-10-31T16:00:00+00:00,2013-10-31T16:59:59.591000+00:00,https://jetta.dukascopy.com/v1/ticks/EUR-USD/2013/10/31/16,79adcc5958a78c1915be1d4f9cd4facb93c9f5ff5c02059cb605cdc2046aa130,142781
2013-10-01,GBP,2013-10-31T16:00:00+00:00,2013-10-31T16:59:58.933000+00:00,https://jetta.dukascopy.com/v1/ticks/GBP-USD/2013/10/31/16,79cd854e3af0d472dc74b2daa8317c5b386e9399e9a82dcf41bac4984ea3f513,140923
2013-10-01,JPY,2013-10-31T16:00:00+00:00,2013-10-31T16:59:59.461000+00:00,https://jetta.dukascopy.com/v1/ticks/USD-JPY/2013/10/31/16,151bf93c030fd90b0df229a2044ae44d96ee380594738b96711fe604d6e32ff8,117239
2013-10-01,NOK,2013-10-31T16:00:00+00:00,2013-10-31T16:59:54.544000+00:00,https://jetta.dukascopy.com/v1/ticks/USD-NOK/2013/10/31/16,9e9d1674c6e9dc68870dce1b1ad979a63206394113ddd6b2c325a6573242d008,106526
2013-10-01,NZD,2013-10-31T16:00:00+00:00,2013-10-31T16:59:57.492000+00:00,https://jetta.dukascopy.com/v1/ticks/NZD-USD/2013/10/31/16,1bae4df27f04e1fe662c36c825feacfebeac1041f5072de7f2afdb7fdded0f05,71002
2013-10-01,SEK,2013-10-31T16:00:00+00:00,2013-10-31T16:59:54.543000+00:00,https://jetta.dukascopy.com/v1/ticks/USD-SEK/2013/10/31/16,fed6923dc38e12acb3f47730a905c400b43e38103021b577887f33de3b83ee0e,107757
2013-11-01,AUD,2013-11-29T16:00:00+00:00,2013-11-29T16:59:54.329000+00:00,https://jetta.dukascopy.com/v1/ticks/AUD-USD/2013/11/29/16,14ddacfaabfc3645cae229847e19eca78e600551341b397a978e21fe8cd76d99,87374
2013-11-01,CAD,2013-11-29T16:00:00+00:00,2013-11-29T16:59:59.931000+00:00,https://jetta.dukascopy.com/v1/ticks/USD-CAD/2013/11/29/16,fe3510efc7b734d23e46c62916184f5e90d5473f4a8c65b1d817bf48099fcb45,65131
2013-11-01,CHF,2013-11-29T16:00:00+00:00,2013-11-29T16:59:59.940000+00:00,https://jetta.dukascopy.com/v1/ticks/USD-CHF/2013/11/29/16,1e036b5a67ad2f4d559be50576a88bfb3442294ef68774e2f55bc0a6211dc8f2,100971
2013-11-01,EUR,2013-11-29T16:00:00+00:00,2013-11-29T16:59:59.921000+00:00,https://jetta.dukascopy.com/v1/ticks/EUR-USD/2013/11/29/16,7ce0ab6a0963df05206b3a1f54c9b044c13c6566859895ef98844017743cb90b,120103
2013-11-01,GBP,2013-11-29T16:00:00+00:00,2013-11-29T16:59:58.860000+00:00,https://jetta.dukascopy.com/v1/ticks/GBP-USD/2013/11/29/16,ba8e9ed607616d223a09c93a0e58b98907e961ef3cf4a5fdec77638f3e967e43,134523
2013-11-01,JPY,2013-11-29T16:00:00+00:00,2013-11-29T16:59:47.172000+00:00,https://jetta.dukascopy.com/v1/ticks/USD-JPY/2013/11/29/16,d11a4f65613acd376f381d881fdb954ec1e22fc7a00f8cde69786de712c0e289,93906
2013-11-01,NOK,2013-11-29T16:00:00+00:00,2013-11-29T16:59:41.017000+00:00,https://jetta.dukascopy.com/v1/ticks/USD-NOK/2013/11/29/16,b8cec7c91438057e3191ff74c4cf6c3d2d889ac9f7e62d6fa0cecc8e07290788,58153
2013-11-01,NZD,2013-11-29T16:00:00+00:00,2013-11-29T16:59:58.371000+00:00,https://jetta.dukascopy.com/v1/ticks/NZD-USD/2013/11/29/16,4e36659e3685ef18573fbea24a7bc2abf5b985b29a93b6f2de679114c31bdf39,74882
2013-11-01,SEK,2013-11-29T16:00:00+00:00,2013-11-29T16:59:59.633000+00:00,https://jetta.dukascopy.com/v1/ticks/USD-SEK/2013/11/29/16,a596a84a0b0429ba076b04dddceb71f7d35d531c17cb4223f0134bd65c92c369,84394
2013-12-01,AUD,2013-12-31T16:00:00+00:00,2013-12-31T16:59:58.834000+00:00,https://jetta.dukascopy.com/v1/ticks/AUD-USD/2013/12/31/16,e4f7be1a1a4de67d976741cbc95526754892a6f8766128e65c95c2e63df3a097,77383
2013-12-01,CAD,2013-12-31T16:00:00+00:00,2013-12-31T16:59:58.003000+00:00,https://jetta.dukascopy.com/v1/ticks/USD-CAD/2013/12/31/16,ddf29d8d7b5d9b88c221a26a8edff0f098bf4564dabe3ee6fb2124dbee5bd8de,43780
2013-12-01,CHF,2013-12-31T16:00:00+00:00,2013-12-31T16:59:57.756000+00:00,https://jetta.dukascopy.com/v1/ticks/USD-CHF/2013/12/31/16,2a9779d14cf4c6131508f74aa263e017e0d851686b82505458013c9f46b9924f,72463
2013-12-01,EUR,2013-12-31T16:00:00+00:00,2013-12-31T16:59:58.830000+00:00,https://jetta.dukascopy.com/v1/ticks/EUR-USD/2013/12/31/16,118d122e3191444c3b983924c38d8bed8e46b194979e8c64f3f9b835d87322e2,99265
2013-12-01,GBP,2013-12-31T16:00:00+00:00,2013-12-31T16:59:49.917000+00:00,https://jetta.dukascopy.com/v1/ticks/GBP-USD/2013/12/31/16,630a3312cdb9e22d249626794bd746f734948a922f845678bc5e4f81034df7a0,102488
2013-12-01,JPY,2013-12-31T16:00:00+00:00,2013-12-31T16:59:52.496000+00:00,https://jetta.dukascopy.com/v1/ticks/USD-JPY/2013/12/31/16,0adacebd76f02bba8c310bc60dc772222190550891b3fda544aef5bc31ca80b8,80867
2013-12-01,NOK,2013-12-31T16:00:00+00:00,2013-12-31T16:59:58.658000+00:00,https://jetta.dukascopy.com/v1/ticks/USD-NOK/2013/12/31/16,9398bc88b3298208f2fa9b165a4f791c6db21a9abe3331873bf880133646120b,81230
2013-12-01,NZD,2013-12-31T16:00:00+00:00,2013-12-31T16:59:59.906000+00:00,https://jetta.dukascopy.com/v1/ticks/NZD-USD/2013/12/31/16,43a4f649d393bf1c8a78c0fdfbe7d4618657737c0f6626bdb0d6aedf4f9fe5bb,48166
2013-12-01,SEK,2013-12-31T16:00:00+00:00,2013-12-31T16:59:58.783000+00:00,https://jetta.dukascopy.com/v1/ticks/USD-SEK/2013/12/31/16,63cfd2c8224a901f07ae7ee4ea89631769590c675557f2b0b6f23ca770eb19c4,74914
2014-01-01,AUD,2014-01-31T16:00:00+00:00,2014-01-31T16:59:59.767000+00:00,https://jetta.dukascopy.com/v1/ticks/AUD-USD/2014/1/31/16,cc6a75f260db5fd7ab4419e119b489eb931331fc6fdc8539e76243505d9372cd,106766
2014-01-01,CAD,2014-01-31T16:00:00+00:00,2014-01-31T16:59:59.851000+00:00,https://jetta.dukascopy.com/v1/ticks/USD-CAD/2014/1/31/16,cb9d7ab70f4a00cb319662bfcdb15621d72ee527fb8c3a40bf4bee4f4fb88063,136449
2014-01-01,CHF,2014-01-31T16:00:00+00:00,2014-01-31T16:59:59.462000+00:00,https://jetta.dukascopy.com/v1/ticks/USD-CHF/2014/1/31/16,2f522a19700f78905c73b1c358428042ab1481ed55f9b631454867b24e1c0d4b,115099
2014-01-01,EUR,2014-01-31T16:00:00+00:00,2014-01-31T16:59:58.709000+00:00,https://jetta.dukascopy.com/v1/ticks/EUR-USD/2014/1/31/16,ec9c8c3cd1d7a85620f043be700b70bc8fa94c1523b4839c723aaafaeb5846cd,147202
2014-01-01,GBP,2014-01-31T16:00:00+00:00,2014-01-31T16:59:59.765000+00:00,https://jetta.dukascopy.com/v1/ticks/GBP-USD/2014/1/31/16,f2d74af11fb5fbce4c197b8084dd64da9e464c1d061296cc66d1ad2fff3232a2,145908
2014-01-01,JPY,2014-01-31T16:00:00+00:00,2014-01-31T16:59:59.312000+00:00,https://jetta.dukascopy.com/v1/ticks/USD-JPY/2014/1/31/16,fe6290db7892f21b202aa84ebde633450e4c090dee2b03d0b9b0f4a9216ad5e7,149220
2014-01-01,NOK,2014-01-31T16:00:00+00:00,2014-01-31T16:59:55.345000+00:00,https://jetta.dukascopy.com/v1/ticks/USD-NOK/2014/1/31/16,026f425a0ee5cec10c80916440de3ec3298ae9dee493a8a1b845890e10a99469,135455
2014-01-01,NZD,2014-01-31T16:00:00+00:00,2014-01-31T16:59:59.312000+00:00,https://jetta.dukascopy.com/v1/ticks/NZD-USD/2014/1/31/16,c65e866df457540ea33069a4301dd06e40db748c54d0fef0bbbecc0c2236ac7b,83462
2014-01-01,SEK,2014-01-31T16:00:00+00:00,2014-01-31T16:59:50.799000+00:00,https://jetta.dukascopy.com/v1/ticks/USD-SEK/2014/1/31/16,4b08ce268d8805ae9c2a2dc3389aa81a48ea3cee2077241370a09f6dceb33e23,136081
2014-02-01,AUD,2014-02-28T16:00:00+00:00,2014-02-28T16:59:57.940000+00:00,https://jetta.dukascopy.com/v1/ticks/AUD-USD/2014/2/28/16,b01a8f20df4a33b473a996f84349c17306666d3b47587814b1f58a39376b858e,63387
2014-02-01,CAD,2014-02-28T16:00:00+00:00,2014-02-28T16:59:59.569000+00:00,https://jetta.dukascopy.com/v1/ticks/USD-CAD/2014/2/28/16,cc118683a0dafb62ad9a17684b124beea803168f55c47875ac5cb38f06bf749a,83334
2014-02-01,CHF,2014-02-28T16:00:00+00:00,2014-02-28T16:59:59.852000+00:00,https://jetta.dukascopy.com/v1/ticks/USD-CHF/2014/2/28/16,455d212c68c304cf0cc36b6f4eb943d34f3d7d73147a6acac57cb6d60f8c274d,75086
2014-02-01,EUR,2014-02-28T16:00:00+00:00,2014-02-28T16:59:59.814000+00:00,https://jetta.dukascopy.com/v1/ticks/EUR-USD/2014/2/28/16,5036c0510034ebb8112ee814173b351869dacb86c5b0e2b7414a7e1c5b1de614,92294
2014-02-01,GBP,2014-02-28T16:00:00+00:00,2014-02-28T16:59:59.793000+00:00,https://jetta.dukascopy.com/v1/ticks/GBP-USD/2014/2/28/16,ea4515e00cc281a51dde29ead3b9d3b0ef90e649fb1e38e87fe46640e7c474b7,124270
2014-02-01,JPY,2014-02-28T16:00:00+00:00,2014-02-28T16:59:59.874000+00:00,https://jetta.dukascopy.com/v1/ticks/USD-JPY/2014/2/28/16,86e6b0ca564c1b4eb4e076aae8644ac3403ffb81e701840994fa888f6f03e470,74829
2014-02-01,NOK,2014-02-28T16:00:00+00:00,2014-02-28T16:59:56.588000+00:00,https://jetta.dukascopy.com/v1/ticks/USD-NOK/2014/2/28/16,6e37f4d78a11aac265058373b3282171791b9c514087d8d78ec9835f9083ecdc,91142
2014-02-01,NZD,2014-02-28T16:00:00+00:00,2014-02-28T16:59:45.417000+00:00,https://jetta.dukascopy.com/v1/ticks/NZD-USD/2014/2/28/16,4c6b52f3c332feb86a528d8bb0f1f2ce01a685dd2ef871a3704c7c9f75e73e55,48948
2014-02-01,SEK,2014-02-28T16:00:00+00:00,2014-02-28T16:59:55.730000+00:00,https://jetta.dukascopy.com/v1/ticks/USD-SEK/2014/2/28/16,30374d5af9cd20f0057e362fe832397240269b36cd450aec78fe4595ece907f3,91254
2014-03-01,AUD,2014-03-31T16:00:00+00:00,2014-03-31T16:59:58.857000+00:00,https://jetta.dukascopy.com/v1/ticks/AUD-USD/2014/3/31/16,c0a5adec677159bddb26f78557f5d8960eb6dd0287f4bddbafa6a60c0ba42012,48945
2014-03-01,CAD,2014-03-31T16:00:00+00:00,2014-03-31T16:59:58.664000+00:00,https://jetta.dukascopy.com/v1/ticks/USD-CAD/2014/3/31/16,f0688145dc24d0f1cf213d19ceba1039fedc9e9c2031e3f159efce9b7d9c5e72,55623
2014-03-01,CHF,2014-03-31T16:00:00+00:00,2014-03-31T16:59:59.563000+00:00,https://jetta.dukascopy.com/v1/ticks/USD-CHF/2014/3/31/16,8d41d99638b78e50d50ed60f9a12d5d47350f885c6c693ff11ce61f3a32649f0,52405
2014-03-01,EUR,2014-03-31T16:00:00+00:00,2014-03-31T16:59:59.157000+00:00,https://jetta.dukascopy.com/v1/ticks/EUR-USD/2014/3/31/16,402f416b579e2459665f3f708d883c3ff949eb42ab7ac107b2ca4f97135c8348,57796
2014-03-01,GBP,2014-03-31T16:00:00+00:00,2014-03-31T16:59:59.719000+00:00,https://jetta.dukascopy.com/v1/ticks/GBP-USD/2014/3/31/16,0cc5d799b3203828c1128012c46cafc475a5f57a0bfef76ca688e45b12c8da94,57924
2014-03-01,JPY,2014-03-31T16:00:00+00:00,2014-03-31T16:59:59.920000+00:00,https://jetta.dukascopy.com/v1/ticks/USD-JPY/2014/3/31/16,8416a6194f5f0d691cec21c10fb1eb946a48d36d8785ac7c32866207ee611ea7,53559
2014-03-01,NOK,2014-03-31T16:00:00+00:00,2014-03-31T16:59:58.456000+00:00,https://jetta.dukascopy.com/v1/ticks/USD-NOK/2014/3/31/16,d1dd5eb303f7902de8b963a0d2152a5bd98f8d877de451acfdeabe1eb18672a9,51161
2014-03-01,NZD,2014-03-31T16:00:00+00:00,2014-03-31T16:59:58.827000+00:00,https://jetta.dukascopy.com/v1/ticks/NZD-USD/2014/3/31/16,b0c07bcc1257e7d7b6887e233fe82b3d137d904b54f15cff17e43b4ad74db96e,41223
2014-03-01,SEK,2014-03-31T16:00:00+00:00,2014-03-31T16:59:59.589000+00:00,https://jetta.dukascopy.com/v1/ticks/USD-SEK/2014/3/31/16,191b45583d99d1af5d2251370ab4535ba4eb108212c7057a9e2e152ffa17682d,54674
2014-04-01,AUD,2014-04-30T16:00:00+00:00,2014-04-30T16:59:59.329000+00:00,https://jetta.dukascopy.com/v1/ticks/AUD-USD/2014/4/30/16,4e237309ef35ef487de5c83abd7142d1004caaf9343ed5dd6880a8679ef86aee,53443
2014-04-01,CAD,2014-04-30T16:00:00+00:00,2014-04-30T16:59:59.857000+00:00,https://jetta.dukascopy.com/v1/ticks/USD-CAD/2014/4/30/16,67e08e3c6af7fc1672a490e3e68918a93261b60f182adf886f498a7ad3d5c247,45285
2014-04-01,CHF,2014-04-30T16:00:00+00:00,2014-04-30T16:59:59.862000+00:00,https://jetta.dukascopy.com/v1/ticks/USD-CHF/2014/4/30/16,ccb8aa105e32743cc0be3c5091a2f3f4a12fa61db72f0575ba1c2c66140e07e4,39385
2014-04-01,EUR,2014-04-30T16:00:00+00:00,2014-04-30T16:59:59.896000+00:00,https://jetta.dukascopy.com/v1/ticks/EUR-USD/2014/4/30/16,b13bc8d9b3c5bbe25945fadce1db34517d8bd72073f56d4366a43e43c7442ead,46430
2014-04-01,GBP,2014-04-30T16:00:00+00:00,2014-04-30T16:59:59.664000+00:00,https://jetta.dukascopy.com/v1/ticks/GBP-USD/2014/4/30/16,05cb9fc4c1b7d56faa2d39f2fc91030fb8b2e32076d83f0270185858d1fe808d,45542
2014-04-01,JPY,2014-04-30T16:00:00+00:00,2014-04-30T16:59:59.711000+00:00,https://jetta.dukascopy.com/v1/ticks/USD-JPY/2014/4/30/16,068b0804f5cf69c71a41c5aa00cb3ec7eb11392739f9d029b5491d6fab5ab02b,37877
2014-04-01,NOK,2014-04-30T16:00:00+00:00,2014-04-30T16:59:57.138000+00:00,https://jetta.dukascopy.com/v1/ticks/USD-NOK/2014/4/30/16,edc36fba65e0369367449acc3cdb33571e5d75c68b593f055dfd3132e9dee927,36548
2014-04-01,NZD,2014-04-30T16:00:00+00:00,2014-04-30T16:59:57.558000+00:00,https://jetta.dukascopy.com/v1/ticks/NZD-USD/2014/4/30/16,4088d8bc4321445c103ec640a10345955932042e345d558ed888cb3f544b4322,34385
2014-04-01,SEK,2014-04-30T16:00:00+00:00,2014-04-30T16:59:59.958000+00:00,https://jetta.dukascopy.com/v1/ticks/USD-SEK/2014/4/30/16,421c8b94151527e7f458dd64547c1497fbfdd9c506cda79f730b6fa0208877fa,78134
2014-05-01,AUD,2014-05-30T16:00:00+00:00,2014-05-30T16:59:59.388000+00:00,https://jetta.dukascopy.com/v1/ticks/AUD-USD/2014/5/30/16,3ad8903cdaebaa92208c034af71474ab98056553a8e589877ba00c487de3545d,37230
2014-05-01,CAD,2014-05-30T16:00:00+00:00,2014-05-30T16:59:59.317000+00:00,https://jetta.dukascopy.com/v1/ticks/USD-CAD/2014/5/30/16,de24e536ef0790c0b544d08cd629201755068f594fecdaf19cdf98aeef85c0ec,56358
2014-05-01,CHF,2014-05-30T16:00:00+00:00,2014-05-30T16:59:59.903000+00:00,https://jetta.dukascopy.com/v1/ticks/USD-CHF/2014/5/30/16,a9aa2353f59f95d9237495db37422cc8209f7e088d3a35770d34cc3e5f852318,43004
2014-05-01,EUR,2014-05-30T16:00:00+00:00,2014-05-30T16:59:59.496000+00:00,https://jetta.dukascopy.com/v1/ticks/EUR-USD/2014/5/30/16,53f1a2fd623282e1a83c54ae36c53aa78d73176277150cda07463e78cce4a8b8,48341
2014-05-01,GBP,2014-05-30T16:00:00+00:00,2014-05-30T16:59:59.743000+00:00,https://jetta.dukascopy.com/v1/ticks/GBP-USD/2014/5/30/16,182e6ab4ce3f91c00fa7f0c090a94712d7efe7ff35ea75227d6445dcdcfb1508,54369
2014-05-01,JPY,2014-05-30T16:00:00+00:00,2014-05-30T16:59:58.824000+00:00,https://jetta.dukascopy.com/v1/ticks/USD-JPY/2014/5/30/16,0e67c57a288b09bdc935d4809868a1a3434cbb1e0e7468c9a97ecbf92b236c3c,47562
2014-05-01,NOK,2014-05-30T16:00:00+00:00,2014-05-30T16:59:59.243000+00:00,https://jetta.dukascopy.com/v1/ticks/USD-NOK/2014/5/30/16,c257f210b580a36eea19608eee9671406bb1373ba89860b26507e7384e0c83c9,79700
2014-05-01,NZD,2014-05-30T16:00:00+00:00,2014-05-30T16:59:55.408000+00:00,https://jetta.dukascopy.com/v1/ticks/NZD-USD/2014/5/30/16,076176f819a646c8b9d7923ccc66162c40dcd9ca923a22871e01cbc886ff2441,38195
2014-05-01,SEK,2014-05-30T16:00:00+00:00,2014-05-30T16:59:54.109000+00:00,https://jetta.dukascopy.com/v1/ticks/USD-SEK/2014/5/30/16,22a227ceaa5f0695c9d24a94c2d77a10c4f0a06145cbff45a2b5f3740bedac58,57609
2014-06-01,AUD,2014-06-30T16:00:00+00:00,2014-06-30T16:59:59.898000+00:00,https://jetta.dukascopy.com/v1/ticks/AUD-USD/2014/6/30/16,9fb129675608356f51697507bf551e0c2d59dcf67010c6144095dae3eb437a04,50559
2014-06-01,CAD,2014-06-30T16:00:00+00:00,2014-06-30T16:59:59.715000+00:00,https://jetta.dukascopy.com/v1/ticks/USD-CAD/2014/6/30/16,ac8d90dc1d0091695cda4c5baee602be5be16428f9da2310b5bdb103bdfa1ef3,62772
2014-06-01,CHF,2014-06-30T16:00:00+00:00,2014-06-30T16:59:59.529000+00:00,https://jetta.dukascopy.com/v1/ticks/USD-CHF/2014/6/30/16,9edc4f3412f573bafc0a14b4612f719c1f655a39dc3d119823ed27b6c8c528af,46734
2014-06-01,EUR,2014-06-30T16:00:00+00:00,2014-06-30T16:59:59.519000+00:00,https://jetta.dukascopy.com/v1/ticks/EUR-USD/2014/6/30/16,7aa42be608f00e94db068b9888ac07eeb3cd66d2a720c015bdb1005fb2ad325c,72219
2014-06-01,GBP,2014-06-30T16:00:00+00:00,2014-06-30T16:59:59.744000+00:00,https://jetta.dukascopy.com/v1/ticks/GBP-USD/2014/6/30/16,083ab93eb6b8030b726ae42586d124814b9c31c2792ca8534c6010a5fc22d923,73084
2014-06-01,JPY,2014-06-30T16:00:00+00:00,2014-06-30T16:59:59.196000+00:00,https://jetta.dukascopy.com/v1/ticks/USD-JPY/2014/6/30/16,91af01ee1b29cf629642245227cd216619f4976a8b02919bf596e8ee9cc6aa1c,36840
2014-06-01,NOK,2014-06-30T16:00:00+00:00,2014-06-30T16:59:59.516000+00:00,https://jetta.dukascopy.com/v1/ticks/USD-NOK/2014/6/30/16,2d755b2ee71043ac79b2199b4e5d82e06d638978618a5101351e80a89af975f0,58698
2014-06-01,NZD,2014-06-30T16:00:00+00:00,2014-06-30T16:59:59.867000+00:00,https://jetta.dukascopy.com/v1/ticks/NZD-USD/2014/6/30/16,4051c3cc62284316ee1c09ac573773e3f973de1c67bc0e4c6fbf1ae58cc14848,37503
2014-06-01,SEK,2014-06-30T16:00:00+00:00,2014-06-30T16:59:59.929000+00:00,https://jetta.dukascopy.com/v1/ticks/USD-SEK/2014/6/30/16,ba95647782321a75f14125d3cc181d4f7a4ac0a6774daa244451dcb3d869bb88,51694
2014-07-01,AUD,2014-07-31T16:00:00+00:00,2014-07-31T16:59:56.585000+00:00,https://jetta.dukascopy.com/v1/ticks/AUD-USD/2014/7/31/16,a52e4d472532afe78d3a81e31b66ab7039ee7090fa481e3b62f80ba118f215de,72709
2014-07-01,CAD,2014-07-31T16:00:00+00:00,2014-07-31T16:59:58.184000+00:00,https://jetta.dukascopy.com/v1/ticks/USD-CAD/2014/7/31/16,b4d5fa61c2fe121ccee89005af331e01f83eb36d1d06511b5461d171c96cc2d5,66726
2014-07-01,CHF,2014-07-31T16:00:00+00:00,2014-07-31T16:59:53.695000+00:00,https://jetta.dukascopy.com/v1/ticks/USD-CHF/2014/7/31/16,9b85dd8e487698d2a8597aecd287e4a45a59e692ebe7d38c4675b044499777ab,55356
2014-07-01,EUR,2014-07-31T16:00:00+00:00,2014-07-31T16:59:59.780000+00:00,https://jetta.dukascopy.com/v1/ticks/EUR-USD/2014/7/31/16,69245c7770483a797f06e635ba7b841793b8fdfbc7c239773678d305c6d92d81,52703
2014-07-01,GBP,2014-07-31T16:00:00+00:00,2014-07-31T16:59:59.286000+00:00,https://jetta.dukascopy.com/v1/ticks/GBP-USD/2014/7/31/16,96e7d88a66fc67c873b511440fe34345b8c5d3d9e9935173fb3cf0f369de046e,62086
2014-07-01,JPY,2014-07-31T16:00:00+00:00,2014-07-31T16:59:59.174000+00:00,https://jetta.dukascopy.com/v1/ticks/USD-JPY/2014/7/31/16,951a9c0c7e922ee11ac74c304e434735520dcbd01de59f005971c60831150afd,66268
2014-07-01,NOK,2014-07-31T16:00:00+00:00,2014-07-31T16:59:57.668000+00:00,https://jetta.dukascopy.com/v1/ticks/USD-NOK/2014/7/31/16,12e7530ad20ba96d6520cc4883df6bbfd6c0022a64d5a470e97c767f6dcb9dc9,73474
2014-07-01,NZD,2014-07-31T16:00:00+00:00,2014-07-31T16:59:58.686000+00:00,https://jetta.dukascopy.com/v1/ticks/NZD-USD/2014/7/31/16,6ff55aea17b52ac454623bd4ea0d354c82ca4fae675a41f1a19c1c3ab5d0fbd3,63972
2014-07-01,SEK,2014-07-31T16:00:00+00:00,2014-07-31T16:59:59.384000+00:00,https://jetta.dukascopy.com/v1/ticks/USD-SEK/2014/7/31/16,ea57cb1709abc5ea4ffb46563d0e09433e22e1c5af46abcfecc887c704438eb1,68548
2014-08-01,AUD,2014-08-29T16:00:00+00:00,2014-08-29T16:59:51.179000+00:00,https://jetta.dukascopy.com/v1/ticks/AUD-USD/2014/8/29/16,d26a4814e7a58b6d8c48c056c199e978210fed63b41c4eb9f091617cb794948b,58198
2014-08-01,CAD,2014-08-29T16:00:00+00:00,2014-08-29T16:59:58.270000+00:00,https://jetta.dukascopy.com/v1/ticks/USD-CAD/2014/8/29/16,02a15753cecc02c90f64defa4fa585ee5e9fb75386b746277841a03dfa8c920a,58552
2014-08-01,CHF,2014-08-29T16:00:00+00:00,2014-08-29T16:59:59.861000+00:00,https://jetta.dukascopy.com/v1/ticks/USD-CHF/2014/8/29/16,df6b8cae6770e98a3b7497c568d1f5b2f76d799d79e067e415bbd9551e653c7d,57311
2014-08-01,EUR,2014-08-29T16:00:00+00:00,2014-08-29T16:59:59.818000+00:00,https://jetta.dukascopy.com/v1/ticks/EUR-USD/2014/8/29/16,251db7e99534b032d47ce08bcab9354f47b31334f53c6a854d48e1991b47e3a8,102420
2014-08-01,GBP,2014-08-29T16:00:00+00:00,2014-08-29T16:59:59.820000+00:00,https://jetta.dukascopy.com/v1/ticks/GBP-USD/2014/8/29/16,7e1e0a7dd6a711e29ef099511a2cff8cd16e978c13415c23519d0aa757edc866,78404
2014-08-01,JPY,2014-08-29T16:00:00+00:00,2014-08-29T16:59:59.828000+00:00,https://jetta.dukascopy.com/v1/ticks/USD-JPY/2014/8/29/16,88720d5bd6f17be907cc393c231c26b37391c3156fb87d0e99387762be81acf7,52429
2014-08-01,NOK,2014-08-29T16:00:00+00:00,2014-08-29T16:59:59.942000+00:00,https://jetta.dukascopy.com/v1/ticks/USD-NOK/2014/8/29/16,417c10babf738195ce068f37dc57f4bd31064a054cca6d12e374a9b2a3b29651,74248
2014-08-01,NZD,2014-08-29T16:00:00+00:00,2014-08-29T16:59:59.880000+00:00,https://jetta.dukascopy.com/v1/ticks/NZD-USD/2014/8/29/16,820bedf407f81516c48f6c642abec9e24c48038bcfb66865ff22252b10547518,44430
2014-08-01,SEK,2014-08-29T16:00:00+00:00,2014-08-29T16:59:59.840000+00:00,https://jetta.dukascopy.com/v1/ticks/USD-SEK/2014/8/29/16,8055facd65f881615cf967777a83aeb4821458c90598e3782125a765234b9e04,94209
2014-09-01,AUD,2014-09-30T16:00:00+00:00,2014-09-30T16:59:59.768000+00:00,https://jetta.dukascopy.com/v1/ticks/AUD-USD/2014/9/30/16,059d03be93ffde9006ee95943b583e02416a059733252ae866efed82073780cc,55863
2014-09-01,CAD,2014-09-30T16:00:00+00:00,2014-09-30T16:59:59.808000+00:00,https://jetta.dukascopy.com/v1/ticks/USD-CAD/2014/9/30/16,ab94058cbadd38628121f7a8971dbffa97d0a0ad5170d1e7c91f84c975990d90,88275
2014-09-01,CHF,2014-09-30T16:00:00+00:00,2014-09-30T16:59:59.783000+00:00,https://jetta.dukascopy.com/v1/ticks/USD-CHF/2014/9/30/16,7133454fc686f9c1a1a2b0871526f9a670fa88b15d516f27bd64bc7fb5051279,75306
2014-09-01,EUR,2014-09-30T16:00:00+00:00,2014-09-30T16:59:59.602000+00:00,https://jetta.dukascopy.com/v1/ticks/EUR-USD/2014/9/30/16,b7f15fe90290427ca9ef9656f6816e3f0c5c37cb3de953f14f321bd04ed08278,83903
2014-09-01,GBP,2014-09-30T16:00:00+00:00,2014-09-30T16:59:58.692000+00:00,https://jetta.dukascopy.com/v1/ticks/GBP-USD/2014/9/30/16,be2a112afc018de43c1ddcf16a0a7c485251b3c6bd1c1d338b0d554e43d48e84,81767
2014-09-01,JPY,2014-09-30T16:00:00+00:00,2014-09-30T16:59:59.354000+00:00,https://jetta.dukascopy.com/v1/ticks/USD-JPY/2014/9/30/16,1effc9c73dbc1d011e9af55296f95e1182a4d5a7c34b6e217978326aceccc644,74532
2014-09-01,NOK,2014-09-30T16:00:00+00:00,2014-09-30T16:59:59.519000+00:00,https://jetta.dukascopy.com/v1/ticks/USD-NOK/2014/9/30/16,f8822a987e5ff0592615ef235956c6d3710ec3ddd08e004742ffca5e644b349f,81207
2014-09-01,NZD,2014-09-30T16:00:00+00:00,2014-09-30T16:59:59.959000+00:00,https://jetta.dukascopy.com/v1/ticks/NZD-USD/2014/9/30/16,76a18a98fa73b50ec6d6477b8f108aae95169dad745bc4355ff1e5ba75562a56,65588
2014-09-01,SEK,2014-09-30T16:00:00+00:00,2014-09-30T16:59:59.519000+00:00,https://jetta.dukascopy.com/v1/ticks/USD-SEK/2014/9/30/16,583709d3f4af36de4c302ea50ed7372ad6f9f0330cafb0eaf140795a0df356d1,102079
2014-10-01,AUD,2014-10-31T16:00:00+00:00,2014-10-31T16:59:59.508000+00:00,https://jetta.dukascopy.com/v1/ticks/AUD-USD/2014/10/31/16,149b04d48a716802dff605c87495f92c630457ef9983fa1bb47f6a8df6836a93,74880
2014-10-01,CAD,2014-10-31T16:00:00+00:00,2014-10-31T16:59:49.006000+00:00,https://jetta.dukascopy.com/v1/ticks/USD-CAD/2014/10/31/16,5d4e63b95344e3628f5fad365d6fefcd73c6b22115e7ccbb3b95d8cba05ecc62,84659
2014-10-01,CHF,2014-10-31T16:00:00+00:00,2014-10-31T16:59:57.507000+00:00,https://jetta.dukascopy.com/v1/ticks/USD-CHF/2014/10/31/16,643422a1d148d07e6a5793def25f60b2c72b9bb91073968bdc7bd2e80df30eb1,113443
2014-10-01,EUR,2014-10-31T16:00:00+00:00,2014-10-31T16:59:57.727000+00:00,https://jetta.dukascopy.com/v1/ticks/EUR-USD/2014/10/31/16,4a12081d35d38e11fa2d375d95fe58191bc8912ef9d440162472133e5d8227ef,165798
2014-10-01,GBP,2014-10-31T16:00:00+00:00,2014-10-31T16:59:59.871000+00:00,https://jetta.dukascopy.com/v1/ticks/GBP-USD/2014/10/31/16,172efeecd4ddf89f22c4b097f8875d3dd76768a9ebae89fdaa0f018be43c006f,120132
2014-10-01,JPY,2014-10-31T16:00:00+00:00,2014-10-31T16:59:59.551000+00:00,https://jetta.dukascopy.com/v1/ticks/USD-JPY/2014/10/31/16,803cab4e3895e9e995810f48caa93f1c7640de323686d959e969c722e03f9428,138391
2014-10-01,NOK,2014-10-31T16:00:00+00:00,2014-10-31T16:59:57.439000+00:00,https://jetta.dukascopy.com/v1/ticks/USD-NOK/2014/10/31/16,31275c02c3fda1f7b96d2231c7b1f21b9d2ffb42ae089f7fbf3c462f6cad0a99,140519
2014-10-01,NZD,2014-10-31T16:00:00+00:00,2014-10-31T16:59:36.796000+00:00,https://jetta.dukascopy.com/v1/ticks/NZD-USD/2014/10/31/16,8b0680b40b9801f712987add32725bb031962e0169ef4f343ce367c1764a9d8f,102004
2014-10-01,SEK,2014-10-31T16:00:00+00:00,2014-10-31T16:59:55.717000+00:00,https://jetta.dukascopy.com/v1/ticks/USD-SEK/2014/10/31/16,ab3cb15e0f4c4e0643fa9d8493273ac1866916ffef50fdf2565a51570af8878f,113079
2014-11-01,AUD,2014-11-28T16:00:00+00:00,2014-11-28T16:59:55.499000+00:00,https://jetta.dukascopy.com/v1/ticks/AUD-USD/2014/11/28/16,80de8732ad1552fc0bca27549b2da37218442cba25b2c02fba1f58ce4aeb5b6f,86898
2014-11-01,CAD,2014-11-28T16:00:00+00:00,2014-11-28T16:59:58.847000+00:00,https://jetta.dukascopy.com/v1/ticks/USD-CAD/2014/11/28/16,1da38355f6ca0c47d7ed62757bccff3af14281967f37263b23fe5c4540d8b8f8,105470
2014-11-01,CHF,2014-11-28T16:00:00+00:00,2014-11-28T16:59:59.946000+00:00,https://jetta.dukascopy.com/v1/ticks/USD-CHF/2014/11/28/16,e72a47fdbcfd47c853ccdae7e11b0ab8182417579be01ac74979895453adfbea,116120
2014-11-01,EUR,2014-11-28T16:00:00+00:00,2014-11-28T16:59:59.920000+00:00,https://jetta.dukascopy.com/v1/ticks/EUR-USD/2014/11/28/16,716bb81214ce7420e54da86bd5229a5136aa86ada9214cf11a5e16ad08ffffc6,138119
2014-11-01,GBP,2014-11-28T16:00:00+00:00,2014-11-28T16:59:59.997000+00:00,https://jetta.dukascopy.com/v1/ticks/GBP-USD/2014/11/28/16,d034e370e81a76c01ee8f1767c2cd82853221f3a650e3ddafc6d5e12c6641400,138330
2014-11-01,JPY,2014-11-28T16:00:00+00:00,2014-11-28T16:59:59.917000+00:00,https://jetta.dukascopy.com/v1/ticks/USD-JPY/2014/11/28/16,bcd890d4b086bf378918b7bd7deec65a5485d4bd78955f36c44d84705bdb876e,124379
2014-11-01,NOK,2014-11-28T16:00:00+00:00,2014-11-28T16:59:59.280000+00:00,https://jetta.dukascopy.com/v1/ticks/USD-NOK/2014/11/28/16,bcba9316175d3aa793ac95ef3bae47f0bab42cb1aa3f30055b9ed60cf915b214,138355
2014-11-01,NZD,2014-11-28T16:00:00+00:00,2014-11-28T16:59:56.831000+00:00,https://jetta.dukascopy.com/v1/ticks/NZD-USD/2014/11/28/16,dfd4d227ac708d30955bc34d5eb6e3e13684421dcb3b14e5c07d0b74541b2e55,108954
2014-11-01,SEK,2014-11-28T16:00:00+00:00,2014-11-28T16:59:59.886000+00:00,https://jetta.dukascopy.com/v1/ticks/USD-SEK/2014/11/28/16,f34506854e8dbc249a523a071d663e5bd9077cfa0e4f84396bc7f55ec656bf97,137081
2014-12-01,AUD,2014-12-31T16:00:00+00:00,2014-12-31T16:59:58.317000+00:00,https://jetta.dukascopy.com/v1/ticks/AUD-USD/2014/12/31/16,f3869e7ef5f622566e7a889e0608a2a37ac2a506a7ee3e2197822dd707cbe133,88372
2014-12-01,CAD,2014-12-31T16:00:00+00:00,2014-12-31T16:59:59.804000+00:00,https://jetta.dukascopy.com/v1/ticks/USD-CAD/2014/12/31/16,11cc172e9524aae4bd9abae89662decd1326907d79d8db2257713fd0c34e6de8,107353
2014-12-01,CHF,2014-12-31T16:00:00+00:00,2014-12-31T16:59:59.499000+00:00,https://jetta.dukascopy.com/v1/ticks/USD-CHF/2014/12/31/16,8bbb8e88ed0be6c64d950effa2ebe8c032627dae127199ec369873296af0cf23,110630
2014-12-01,EUR,2014-12-31T16:00:00+00:00,2014-12-31T16:59:58.890000+00:00,https://jetta.dukascopy.com/v1/ticks/EUR-USD/2014/12/31/16,1a1807644f31edb82427751bd5ce14e7a5219784b82ce7ca62fcfda6291925d5,113612
2014-12-01,GBP,2014-12-31T16:00:00+00:00,2014-12-31T16:59:59.967000+00:00,https://jetta.dukascopy.com/v1/ticks/GBP-USD/2014/12/31/16,db0280a71eeefb5b4140c4b78bec1159e29dd077089006b5621096c31d844407,161552
2014-12-01,JPY,2014-12-31T16:00:00+00:00,2014-12-31T16:59:59.452000+00:00,https://jetta.dukascopy.com/v1/ticks/USD-JPY/2014/12/31/16,440f10cf38b4926a497f0d71cceecf7ce2da9dbbd220081cbdfc4fb803ca73fd,87359
2014-12-01,NOK,2014-12-31T16:00:00+00:00,2014-12-31T16:59:59.313000+00:00,https://jetta.dukascopy.com/v1/ticks/USD-NOK/2014/12/31/16,a4f8671f7f6ce470872f30b2bb364cc92af1901b73ed8906f47081eab047deff,105349
2014-12-01,NZD,2014-12-31T16:00:00+00:00,2014-12-31T16:59:57.518000+00:00,https://jetta.dukascopy.com/v1/ticks/NZD-USD/2014/12/31/16,603df67be89f5105b90acfd213d9f4484535728a678dc9477516b87203dd0df3,58290
2014-12-01,SEK,2014-12-31T16:00:00+00:00,2014-12-31T16:59:54.033000+00:00,https://jetta.dukascopy.com/v1/ticks/USD-SEK/2014/12/31/16,0243bda2affa09855b375381df838762a2edf4e942c8f0f1e0af05d1830759dc,81151
2015-01-01,AUD,2015-01-30T16:00:00+00:00,2015-01-30T16:59:59.929000+00:00,https://jetta.dukascopy.com/v1/ticks/AUD-USD/2015/1/30/16,b98e468cb6157053cd04d837dc40e64fff5f1297e2c9c653845449179e13c5c7,127461
2015-01-01,CAD,2015-01-30T16:00:00+00:00,2015-01-30T16:59:59.621000+00:00,https://jetta.dukascopy.com/v1/ticks/USD-CAD/2015/1/30/16,799a97d65ed9472e8a2c41f00e8880afe23b637692d7ecf526ba42f6852ee3ca,162296
2015-01-01,CHF,2015-01-30T16:00:00+00:00,2015-01-30T16:59:59.913000+00:00,https://jetta.dukascopy.com/v1/ticks/USD-CHF/2015/1/30/16,89dae01a131cc495b7262732e2a8135017cd2ddef5debc37d52d7c18da089331,158752
2015-01-01,EUR,2015-01-30T16:00:00+00:00,2015-01-30T16:59:59.839000+00:00,https://jetta.dukascopy.com/v1/ticks/EUR-USD/2015/1/30/16,0568a1a1b2c505b2f92c44511bee8364c299e01311fd45a0e45c5bc95219c3dd,196952
2015-01-01,GBP,2015-01-30T16:00:00+00:00,2015-01-30T16:59:59.015000+00:00,https://jetta.dukascopy.com/v1/ticks/GBP-USD/2015/1/30/16,6568aca1dbf6320f6af06f5cf62c37d00852ce6177f0f6521fd80fc1e330a2e3,191835
2015-01-01,JPY,2015-01-30T16:00:00+00:00,2015-01-30T16:59:59.724000+00:00,https://jetta.dukascopy.com/v1/ticks/USD-JPY/2015/1/30/16,10ce2118ccfb769e43351db9276186311cec1d073eb0df713f601fc0d5b1073f,204021
2015-01-01,NOK,2015-01-30T16:00:00+00:00,2015-01-30T16:59:58.338000+00:00,https://jetta.dukascopy.com/v1/ticks/USD-NOK/2015/1/30/16,fca92f0230d87dac019e23009b7a685b9232b6c3f4bae6f4bf9973048fbed0e7,137057
2015-01-01,NZD,2015-01-30T16:00:00+00:00,2015-01-30T16:59:59.911000+00:00,https://jetta.dukascopy.com/v1/ticks/NZD-USD/2015/1/30/16,1f63579ffe75ce42bcee53ba0d679e90ea560757005473aca57a718d7f30d4df,84258
2015-01-01,SEK,2015-01-30T16:00:00+00:00,2015-01-30T16:59:59.751000+00:00,https://jetta.dukascopy.com/v1/ticks/USD-SEK/2015/1/30/16,4008237f7c473fb53eadde8f8e1503b4930a8662cc7e51cd503f2d60289d5661,217950
2015-02-01,AUD,2015-02-27T16:00:00+00:00,2015-02-27T16:59:59.744000+00:00,https://jetta.dukascopy.com/v1/ticks/AUD-USD/2015/2/27/16,b9fdca38e0f647fcc02d37a7db767e8c44e2c565d715381347a173fcf05a5bbf,126899
2015-02-01,CAD,2015-02-27T16:00:00+00:00,2015-02-27T16:59:59.592000+00:00,https://jetta.dukascopy.com/v1/ticks/USD-CAD/2015/2/27/16,6239e91bb838cb0e6d8ac835a1a5e3efe6c12337027f1eab5e43390088d6318d,165344
2015-02-01,CHF,2015-02-27T16:00:00+00:00,2015-02-27T16:59:50.795000+00:00,https://jetta.dukascopy.com/v1/ticks/USD-CHF/2015/2/27/16,d21fad3fdf998ceade8319f30d57241d60297ec6f401b59cf5f70f1eaa79662f,109268
2015-02-01,EUR,2015-02-27T16:00:00+00:00,2015-02-27T16:59:59.672000+00:00,https://jetta.dukascopy.com/v1/ticks/EUR-USD/2015/2/27/16,55d01db003a2d4248b370cfff8b0a7dd17141239cc5bf8781302d0d47e13432c,167381
2015-02-01,GBP,2015-02-27T16:00:00+00:00,2015-02-27T16:59:59.747000+00:00,https://jetta.dukascopy.com/v1/ticks/GBP-USD/2015/2/27/16,36e9de8feebbf6c85ec6ec896f035fccb8422c1ba0c31f84963eeb8861999fc2,197501
2015-02-01,JPY,2015-02-27T16:00:00+00:00,2015-02-27T16:59:59.844000+00:00,https://jetta.dukascopy.com/v1/ticks/USD-JPY/2015/2/27/16,44b7d09d108427a3729a24d636aa472b5541c7e90aacfc67c69dd5f707414170,148357
2015-02-01,NOK,2015-02-27T16:00:00+00:00,2015-02-27T16:59:51.570000+00:00,https://jetta.dukascopy.com/v1/ticks/USD-NOK/2015/2/27/16,ee9881ff793cd298312864a942e7929517006c4f1e7a2eb31ee85b3a6863e3d2,193865
2015-02-01,NZD,2015-02-27T16:00:00+00:00,2015-02-27T16:59:59.784000+00:00,https://jetta.dukascopy.com/v1/ticks/NZD-USD/2015/2/27/16,2d9bb11abbff8dbb541f68ce2f7f38568c2f1c32bef9b43b7b059a6704fb55e3,100217
2015-02-01,SEK,2015-02-27T16:00:00+00:00,2015-02-27T16:59:59.712000+00:00,https://jetta.dukascopy.com/v1/ticks/USD-SEK/2015/2/27/16,2c89c82bad9e3693f5959e75ff5ad5ef52f83a2cae463aa4ab6f344089045e19,182774
2015-03-01,AUD,2015-03-31T16:00:00+00:00,2015-03-31T16:59:58.796000+00:00,https://jetta.dukascopy.com/v1/ticks/AUD-USD/2015/3/31/16,8fbc545ca6c2e7f5d98dc35c9add74a2e76c7f3e9d4e47234a08ea081286e1e6,66446
2015-03-01,CAD,2015-03-31T16:00:00+00:00,2015-03-31T16:59:59.635000+00:00,https://jetta.dukascopy.com/v1/ticks/USD-CAD/2015/3/31/16,b1fd7e5dd52201fb523e81294940250153b9254540b1a0ad24b473cea34a1d81,104738
2015-03-01,CHF,2015-03-31T16:00:00+00:00,2015-03-31T16:59:57.484000+00:00,https://jetta.dukascopy.com/v1/ticks/USD-CHF/2015/3/31/16,a9b13ffef7fbaf9a727d2d23a694c4a31f2383d10212100b75c410c2f5a3d7d0,53107
2015-03-01,EUR,2015-03-31T16:00:00+00:00,2015-03-31T16:59:59.885000+00:00,https://jetta.dukascopy.com/v1/ticks/EUR-USD/2015/3/31/16,06a48fe153490554c1b87431da7b732268532ea65869d81481980102bcfc76e8,124318
2015-03-01,GBP,2015-03-31T16:00:00+00:00,2015-03-31T16:59:59.887000+00:00,https://jetta.dukascopy.com/v1/ticks/GBP-USD/2015/3/31/16,0048112fd7a6edbed13429d80f8acabb19395d51abeac93301f6c1537f62eac6,133269
2015-03-01,JPY,2015-03-31T16:00:00+00:00,2015-03-31T16:59:59.940000+00:00,https://jetta.dukascopy.com/v1/ticks/USD-JPY/2015/3/31/16,48ef49e97b5366df866cd8e4030b89d4f551537bbc51e9afa79bfe7ba77a51ed,64416
2015-03-01,NOK,2015-03-31T16:00:00+00:00,2015-03-31T16:59:59.272000+00:00,https://jetta.dukascopy.com/v1/ticks/USD-NOK/2015/3/31/16,11b38543b0c42e00f0913d95db1c1ece6ddf032b16f16887ccf8fca11552a4fe,97485
2015-03-01,NZD,2015-03-31T16:00:00+00:00,2015-03-31T16:59:59.944000+00:00,https://jetta.dukascopy.com/v1/ticks/NZD-USD/2015/3/31/16,73684d71c72521e7db2d002359e5f7ee6ea3556b2796d41ec2f5e3aa9374582a,60468
2015-03-01,SEK,2015-03-31T16:00:00+00:00,2015-03-31T16:59:59.873000+00:00,https://jetta.dukascopy.com/v1/ticks/USD-SEK/2015/3/31/16,facfa134a209824371ca3de2a3f2e07cc429e32abd45801f7cccb5d50b09e50c,125255
2015-04-01,AUD,2015-04-30T16:00:00+00:00,2015-04-30T16:59:59.792000+00:00,https://jetta.dukascopy.com/v1/ticks/AUD-USD/2015/4/30/16,98c6868315ca35e25dfb0790fc10eea16c7c97a53c3a79ff60a2322a00c0c5b6,128637
2015-04-01,CAD,2015-04-30T16:00:00+00:00,2015-04-30T16:59:59.591000+00:00,https://jetta.dukascopy.com/v1/ticks/USD-CAD/2015/4/30/16,dc4a42b74790a6f70db1f3cc70971c398d24b63e7c9e634c8b748247a5647249,113414
2015-04-01,CHF,2015-04-30T16:00:00+00:00,2015-04-30T16:59:52.871000+00:00,https://jetta.dukascopy.com/v1/ticks/USD-CHF/2015/4/30/16,90df17c8cab20b46a23abacfe21c200bb02b959f1e79588a6ae1b51687739584,90064
2015-04-01,EUR,2015-04-30T16:00:00+00:00,2015-04-30T16:59:59.089000+00:00,https://jetta.dukascopy.com/v1/ticks/EUR-USD/2015/4/30/16,256cd59bbdd0dbbfeb6270c69005621c3c9a1f6f53f368929fd68a8f82228a88,165640
2015-04-01,GBP,2015-04-30T16:00:00+00:00,2015-04-30T16:59:59.532000+00:00,https://jetta.dukascopy.com/v1/ticks/GBP-USD/2015/4/30/16,7525910fa3cf3a4f40d89f1415516f67df67abca929ade2d7592933dde1d319c,172861
2015-04-01,JPY,2015-04-30T16:00:00+00:00,2015-04-30T16:59:59.032000+00:00,https://jetta.dukascopy.com/v1/ticks/USD-JPY/2015/4/30/16,d979c402f32f75cf160aa9ab6d32b777cbc28dc20a82eed23b77bca8bdde2459,103357
2015-04-01,NOK,2015-04-30T16:00:00+00:00,2015-04-30T16:59:58.149000+00:00,https://jetta.dukascopy.com/v1/ticks/USD-NOK/2015/4/30/16,a5dc39b7452a62dcf99071521ee87274175037d25c1727cc42ea1531426a6dab,162301
2015-04-01,NZD,2015-04-30T16:00:00+00:00,2015-04-30T16:59:59.797000+00:00,https://jetta.dukascopy.com/v1/ticks/NZD-USD/2015/4/30/16,5f6e717c3bf117264e395de836eefa3287a8455184de7f552afb79795e406a5b,88441
2015-04-01,SEK,2015-04-30T16:00:00+00:00,2015-04-30T16:59:53.611000+00:00,https://jetta.dukascopy.com/v1/ticks/USD-SEK/2015/4/30/16,b4fc24da693ef3e2c7a3c5ef6ee59c9e382d7808b160448773ceaca148cccf53,148731
2015-05-01,AUD,2015-05-29T16:00:00+00:00,2015-05-29T16:59:57.119000+00:00,https://jetta.dukascopy.com/v1/ticks/AUD-USD/2015/5/29/16,da0329e767f901614196ce49fbf2807d9fdc0501c5def2e40bc070c57c344953,70924
2015-05-01,CAD,2015-05-29T16:00:00+00:00,2015-05-29T16:59:58.471000+00:00,https://jetta.dukascopy.com/v1/ticks/USD-CAD/2015/5/29/16,6f3bdbda5ed7bb627c540baf250f31b39e2b8b2e6a997b27d1f44e378fe3161a,91658
2015-05-01,CHF,2015-05-29T16:00:00+00:00,2015-05-29T16:59:50.871000+00:00,https://jetta.dukascopy.com/v1/ticks/USD-CHF/2015/5/29/16,b09b19747878676f63d60b20f758125c91bbe117176d0c6cdbc718776bb7d953,91585
2015-05-01,EUR,2015-05-29T16:00:00+00:00,2015-05-29T16:59:59.069000+00:00,https://jetta.dukascopy.com/v1/ticks/EUR-USD/2015/5/29/16,6634a6f6fcaac34262bbcbf357e195d303a09e4e4dd83ffdd7c12df946b0b9b3,123745
2015-05-01,GBP,2015-05-29T16:00:00+00:00,2015-05-29T16:59:59.447000+00:00,https://jetta.dukascopy.com/v1/ticks/GBP-USD/2015/5/29/16,8fcc96b1cd51506fba00b654a4f98a10f9b0a2274019895baa5d23c1f6112089,138021
2015-05-01,JPY,2015-05-29T16:00:00+00:00,2015-05-29T16:59:59.294000+00:00,https://jetta.dukascopy.com/v1/ticks/USD-JPY/2015/5/29/16,5c439bd35ace770ee5d6a7d0a63007330cfbbb1fa8150ab7ba61dfad0f42174d,82100
2015-05-01,NOK,2015-05-29T16:00:00+00:00,2015-05-29T16:59:49.686000+00:00,https://jetta.dukascopy.com/v1/ticks/USD-NOK/2015/5/29/16,de2f129170e45c556db3b33ecdfa0c0479f1a8d14e299a08c6a882b9f9eadfb9,96236
2015-05-01,NZD,2015-05-29T16:00:00+00:00,2015-05-29T16:59:51.515000+00:00,https://jetta.dukascopy.com/v1/ticks/NZD-USD/2015/5/29/16,bac8deaad439520340b56b3b4159ee027d6339917762d62c36c21cc986f71f78,61882
2015-05-01,SEK,2015-05-29T16:00:00+00:00,2015-05-29T16:59:49.326000+00:00,https://jetta.dukascopy.com/v1/ticks/USD-SEK/2015/5/29/16,e92d5965eb333f2a266f0395a95bb58c65a902bbca2296160b4cb818b41c38e3,75248
2015-06-01,AUD,2015-06-30T16:00:00+00:00,2015-06-30T16:59:55.479000+00:00,https://jetta.dukascopy.com/v1/ticks/AUD-USD/2015/6/30/16,27582ea9ff25d2c3610fc79f932786e33acf7176063f501569074facd6b7697d,93292
2015-06-01,CAD,2015-06-30T16:00:00+00:00,2015-06-30T16:59:58.696000+00:00,https://jetta.dukascopy.com/v1/ticks/USD-CAD/2015/6/30/16,2f08a394cde28d7658a9f17cf0b615fdb4363a9ff65fb3b64a7793a7716b442a,117652
2015-06-01,CHF,2015-06-30T16:00:00+00:00,2015-06-30T16:59:57.315000+00:00,https://jetta.dukascopy.com/v1/ticks/USD-CHF/2015/6/30/16,45c73c8c9f0692dd17cadf49ba8eef6b6a48936b279d255d00abb04f1fcbe158,104311
2015-06-01,EUR,2015-06-30T16:00:00+00:00,2015-06-30T16:59:59.517000+00:00,https://jetta.dukascopy.com/v1/ticks/EUR-USD/2015/6/30/16,35bcd952908110a9fa4b5c56f90e5427f81cd092e2e40104cf57f27911d673e1,143387
2015-06-01,GBP,2015-06-30T16:00:00+00:00,2015-06-30T16:59:58.706000+00:00,https://jetta.dukascopy.com/v1/ticks/GBP-USD/2015/6/30/16,159e2d01e7a7115c4efb213af4293f85cd6eea9ba4b557ac5923214b99d64385,157871
2015-06-01,JPY,2015-06-30T16:00:00+00:00,2015-06-30T16:59:59.566000+00:00,https://jetta.dukascopy.com/v1/ticks/USD-JPY/2015/6/30/16,e5495b0882f97bb560b8d4f2ae833eed013bd55e6f6d0aefbe575642f101c89d,151430
2015-06-01,NOK,2015-06-30T16:00:00+00:00,2015-06-30T16:59:58.074000+00:00,https://jetta.dukascopy.com/v1/ticks/USD-NOK/2015/6/30/16,a43ba40b8a13167bc2c31b806cb64fb01324cb41de0376f1d00e083a607507dc,241068
2015-06-01,NZD,2015-06-30T16:00:00+00:00,2015-06-30T16:59:52.221000+00:00,https://jetta.dukascopy.com/v1/ticks/NZD-USD/2015/6/30/16,111b0583059047df07751cdcfb4bfce2b20b586bcacaaf97328638db02768946,79583
2015-06-01,SEK,2015-06-30T16:00:00+00:00,2015-06-30T16:59:57.375000+00:00,https://jetta.dukascopy.com/v1/ticks/USD-SEK/2015/6/30/16,3a74f1fe0d10ac32938afe0b7145de605a46eada637145bf83f08c4e86b25b9a,281842
2015-07-01,AUD,2015-07-31T16:00:00+00:00,2015-07-31T16:59:59.580000+00:00,https://jetta.dukascopy.com/v1/ticks/AUD-USD/2015/7/31/16,8921fc739a681582b3ea240cea6822d5a77295f4a30f3f8d0caf30e256b15dbf,91443
2015-07-01,CAD,2015-07-31T16:00:00+00:00,2015-07-31T16:59:59.524000+00:00,https://jetta.dukascopy.com/v1/ticks/USD-CAD/2015/7/31/16,ce200238510b526bc2838a7de6591f20c8f59df5f7bf4a25b1bc64f48d82e3e4,158064
2015-07-01,CHF,2015-07-31T16:00:00+00:00,2015-07-31T16:59:59.524000+00:00,https://jetta.dukascopy.com/v1/ticks/USD-CHF/2015/7/31/16,88e5d3a77310fcbb2913ebbfd4bda536d29f6a7ef383a443d3eb81a6da45590c,100876
2015-07-01,EUR,2015-07-31T16:00:00+00:00,2015-07-31T16:59:59.524000+00:00,https://jetta.dukascopy.com/v1/ticks/EUR-USD/2015/7/31/16,e06f9c8ecf0d7a09ac7e69a6c532c9caceb35c2f57ad278305c62bd93d3a00eb,129253
2015-07-01,GBP,2015-07-31T16:00:00+00:00,2015-07-31T16:59:57.049000+00:00,https://jetta.dukascopy.com/v1/ticks/GBP-USD/2015/7/31/16,b0122748e00642a57a663931df3f780ba3ac8ec1c8d1ca9862c3679a7247e3e2,117666
2015-07-01,JPY,2015-07-31T16:00:00+00:00,2015-07-31T16:59:59.521000+00:00,https://jetta.dukascopy.com/v1/ticks/USD-JPY/2015/7/31/16,79cdcb9b40ac32039bd7a221b8ac9cb5a97eeef47c09405719662ddf8f296051,78106
2015-07-01,NOK,2015-07-31T16:00:00+00:00,2015-07-31T16:59:59.830000+00:00,https://jetta.dukascopy.com/v1/ticks/USD-NOK/2015/7/31/16,8a936d393aa6286f002a5e365a6b3078350fa1318ce39cb6d7a54997481d2d5b,123918
2015-07-01,NZD,2015-07-31T16:00:00+00:00,2015-07-31T16:59:57.256000+00:00,https://jetta.dukascopy.com/v1/ticks/NZD-USD/2015/7/31/16,eba8e08ef50d3dbd2638c27e0c8c6a38f06adf19045e0020b3ba835c64d90e52,50582
2015-07-01,SEK,2015-07-31T16:00:00+00:00,2015-07-31T16:59:59.520000+00:00,https://jetta.dukascopy.com/v1/ticks/USD-SEK/2015/7/31/16,87c47289d2d1d4a965f6f5ebf11d5f58762bafb6bc16e40df60341e35f419da4,110953
2015-08-01,AUD,2015-08-31T16:00:00+00:00,2015-08-31T16:59:59.548000+00:00,https://jetta.dukascopy.com/v1/ticks/AUD-USD/2015/8/31/16,23f41f035130c590ceafbc8fa70b80e0ab6761ab7faec453bbb93850b189ac9b,69314
2015-08-01,CAD,2015-08-31T16:00:00+00:00,2015-08-31T16:59:59.904000+00:00,https://jetta.dukascopy.com/v1/ticks/USD-CAD/2015/8/31/16,155459ca6f1a47122bc0b69e102652277c868e8942694f45cc1c69af60cd7a35,165615
2015-08-01,CHF,2015-08-31T16:00:00+00:00,2015-08-31T16:59:58.434000+00:00,https://jetta.dukascopy.com/v1/ticks/USD-CHF/2015/8/31/16,c522e18bc055a3e0308b605a2741ad1f3837e4fb617fbd72199152490c9c45c3,55449
2015-08-01,EUR,2015-08-31T16:00:00+00:00,2015-08-31T16:59:59.601000+00:00,https://jetta.dukascopy.com/v1/ticks/EUR-USD/2015/8/31/16,3953c7b7776bf59df0805dd2df326bf63e0dd2e3245c87527855beaf7eb53fec,93205
2015-08-01,GBP,2015-08-31T16:00:00+00:00,2015-08-31T16:59:58.172000+00:00,https://jetta.dukascopy.com/v1/ticks/GBP-USD/2015/8/31/16,f440af89a6b69344efc16a28734c09bdb1fc0a070c520b1604dd8fe61202dbea,87622
2015-08-01,JPY,2015-08-31T16:00:00+00:00,2015-08-31T16:59:59.802000+00:00,https://jetta.dukascopy.com/v1/ticks/USD-JPY/2015/8/31/16,aecd31f14ec0d2bcceb8f6bb3b9bce280692ff20a8c4c00aeceda152ffc72332,75506
2015-08-01,NOK,2015-08-31T16:00:00+00:00,2015-08-31T16:59:59.553000+00:00,https://jetta.dukascopy.com/v1/ticks/USD-NOK/2015/8/31/16,da208b91143fe46cf3d6cb9747042c5e7dabd9127cc4740f595541286a255c95,136309
2015-08-01,NZD,2015-08-31T16:00:00+00:00,2015-08-31T16:59:57.812000+00:00,https://jetta.dukascopy.com/v1/ticks/NZD-USD/2015/8/31/16,51cae86276e9b3c70f002073d7e11413a928a30dc4c38caae4c093c1a628a15f,53445
2015-08-01,SEK,2015-08-31T16:00:00+00:00,2015-08-31T16:59:59.595000+00:00,https://jetta.dukascopy.com/v1/ticks/USD-SEK/2015/8/31/16,da38676fd7a76108e454cd16f738d03bd2e0e47622fe008b5036593049263259,129880
2015-09-01,AUD,2015-09-30T16:00:00+00:00,2015-09-30T16:59:59.913000+00:00,https://jetta.dukascopy.com/v1/ticks/AUD-USD/2015/9/30/16,8dc648f066132a572d21fb1b4a70004e9d740f78483d39f5284bc56b0f28ef33,79044
2015-09-01,CAD,2015-09-30T16:00:00+00:00,2015-09-30T16:59:59.599000+00:00,https://jetta.dukascopy.com/v1/ticks/USD-CAD/2015/9/30/16,016c955919f2b5b8e0c01820f858244ca5f8c9afd23db776d709c99aba7a4983,102171
2015-09-01,CHF,2015-09-30T16:00:00+00:00,2015-09-30T16:59:58.178000+00:00,https://jetta.dukascopy.com/v1/ticks/USD-CHF/2015/9/30/16,7238276bea4bca7375034c8de7a4ac936aa689102090d096c16b15c6dd075468,80448
2015-09-01,EUR,2015-09-30T16:00:00+00:00,2015-09-30T16:59:59.797000+00:00,https://jetta.dukascopy.com/v1/ticks/EUR-USD/2015/9/30/16,27b2e6a4d006c8adb96fad736b2c2998ed7b4d0d28fd93a537e5013fb9a59b78,117357
2015-09-01,GBP,2015-09-30T16:00:00+00:00,2015-09-30T16:59:59.914000+00:00,https://jetta.dukascopy.com/v1/ticks/GBP-USD/2015/9/30/16,746db0efe9193f293b7c296b3d917550ae26cede82fd13efc45c44cddb3b08fe,94909
2015-09-01,JPY,2015-09-30T16:00:00+00:00,2015-09-30T16:59:59.712000+00:00,https://jetta.dukascopy.com/v1/ticks/USD-JPY/2015/9/30/16,eb3ae4b16a0270d77f21638c5da0b00ef206b8450bd2560d68eb838cf1eb809e,124388
2015-09-01,NOK,2015-09-30T16:00:00+00:00,2015-09-30T16:59:58.016000+00:00,https://jetta.dukascopy.com/v1/ticks/USD-NOK/2015/9/30/16,6ac5eb13b1510c9f9837d7ab7906e9a5d999b6ce347f59cdb1a6bfa41fe00392,92698
2015-09-01,NZD,2015-09-30T16:00:00+00:00,2015-09-30T16:59:55.166000+00:00,https://jetta.dukascopy.com/v1/ticks/NZD-USD/2015/9/30/16,9277c68a5c8f60487e3f05b3d2b62a72e53a58788717d78e38ca9656d39f60fb,60685
2015-09-01,SEK,2015-09-30T16:00:00+00:00,2015-09-30T16:59:59.665000+00:00,https://jetta.dukascopy.com/v1/ticks/USD-SEK/2015/9/30/16,c64a254d1c9000838f2d4c20d54ba9f6880be2905b15b335c4e0588d7c77fc39,113921
2015-10-01,AUD,2015-10-30T16:00:00+00:00,2015-10-30T16:59:54.394000+00:00,https://jetta.dukascopy.com/v1/ticks/AUD-USD/2015/10/30/16,9027a4d4dd061db6b9a51650d9f23737bcc1b023ecf9152a63a3bd32bbd47c08,117080
2015-10-01,CAD,2015-10-30T16:00:00+00:00,2015-10-30T16:59:57.528000+00:00,https://jetta.dukascopy.com/v1/ticks/USD-CAD/2015/10/30/16,fe325ce8e4795667f08ae1e08b3ce35f61878490604b5fbcb0ce0dc2ce5585e9,206032
2015-10-01,CHF,2015-10-30T16:00:00+00:00,2015-10-30T16:59:58.508000+00:00,https://jetta.dukascopy.com/v1/ticks/USD-CHF/2015/10/30/16,875d88ed65cb5329ccebdd0be62d9eb1982a657cfb79b5acee2d950b1262dd21,124479
2015-10-01,EUR,2015-10-30T16:00:00+00:00,2015-10-30T16:59:58.508000+00:00,https://jetta.dukascopy.com/v1/ticks/EUR-USD/2015/10/30/16,4a7caa664b0f946ddabcf72cb0cde1074ec9fc98fb174be00dab1f7b9493cd3e,188141
2015-10-01,GBP,2015-10-30T16:00:00+00:00,2015-10-30T16:59:59.552000+00:00,https://jetta.dukascopy.com/v1/ticks/GBP-USD/2015/10/30/16,ce6345decebdeaac02277866a0d0764e1cb7108f4c2e596158b87fde80933b0d,210422
2015-10-01,JPY,2015-10-30T16:00:00+00:00,2015-10-30T16:59:59.786000+00:00,https://jetta.dukascopy.com/v1/ticks/USD-JPY/2015/10/30/16,00878ff5e1000fa52211606ff456d70661eb123356e6937cac2a3535a0a14196,145103
2015-10-01,NOK,2015-10-30T16:00:00+00:00,2015-10-30T16:59:57.839000+00:00,https://jetta.dukascopy.com/v1/ticks/USD-NOK/2015/10/30/16,9e0878cefacd5c706018e59bea3cd38b8c38bbbc232d766868d2b4ed4af47aef,179146
2015-10-01,NZD,2015-10-30T16:00:00+00:00,2015-10-30T16:59:55.896000+00:00,https://jetta.dukascopy.com/v1/ticks/NZD-USD/2015/10/30/16,31b33db05f54295d2938813413782a3b43b175f22bfa5ea28e40e2be197be3e6,120335
2015-10-01,SEK,2015-10-30T16:00:00+00:00,2015-10-30T16:59:57.838000+00:00,https://jetta.dukascopy.com/v1/ticks/USD-SEK/2015/10/30/16,f98ae46775fe0554c8dd9b25edb2ed6507c0b0d12ee25fa327acf5a10ca06191,157389
2015-11-01,AUD,2015-11-30T16:00:00+00:00,2015-11-30T16:59:57.125000+00:00,https://jetta.dukascopy.com/v1/ticks/AUD-USD/2015/11/30/16,b3fb365e6c9a661bf3ef38bc387637912a8a8fb898bffa05abd5e306826860d7,123434
2015-11-01,CAD,2015-11-30T16:00:00+00:00,2015-11-30T16:59:59.966000+00:00,https://jetta.dukascopy.com/v1/ticks/USD-CAD/2015/11/30/16,00d00102e3764b0e1c3d241af580f742424789731a0e43b0506dbeff4c510741,173270
2015-11-01,CHF,2015-11-30T16:00:00+00:00,2015-11-30T16:59:54.985000+00:00,https://jetta.dukascopy.com/v1/ticks/USD-CHF/2015/11/30/16,8242e070fe274b8ebfe7a0580a009406edee38758c316b3e98f50803fd5a4313,128803
2015-11-01,EUR,2015-11-30T16:00:00+00:00,2015-11-30T16:59:55.257000+00:00,https://jetta.dukascopy.com/v1/ticks/EUR-USD/2015/11/30/16,f580b75f377a556beb53bc0256942a1e6173894b5e079fd9790a5e92815a8dc2,168603
2015-11-01,GBP,2015-11-30T16:00:00+00:00,2015-11-30T16:59:59.262000+00:00,https://jetta.dukascopy.com/v1/ticks/GBP-USD/2015/11/30/16,b86545138f1b37ce6acb963aec9d32202a2c8f8183f3daa69792cdc10b661030,143088
2015-11-01,JPY,2015-11-30T16:00:00+00:00,2015-11-30T16:59:57.919000+00:00,https://jetta.dukascopy.com/v1/ticks/USD-JPY/2015/11/30/16,29d248ad41ee4262425add93591b0d8c3f9d1cae4a00ff1b0fe640755ed42ded,133903
2015-11-01,NOK,2015-11-30T16:00:00+00:00,2015-11-30T16:59:51.984000+00:00,https://jetta.dukascopy.com/v1/ticks/USD-NOK/2015/11/30/16,6d341a0df85dcef715d1b255ca2498c598d1c03c4d3fd96917efa616f2647f80,188302
2015-11-01,NZD,2015-11-30T16:00:00+00:00,2015-11-30T16:59:57.331000+00:00,https://jetta.dukascopy.com/v1/ticks/NZD-USD/2015/11/30/16,8f886b623e959359c64bdbab71cfeef6b86a5f2f18300304f2e50b5b8a78be5a,99018
2015-11-01,SEK,2015-11-30T16:00:00+00:00,2015-11-30T16:59:51.983000+00:00,https://jetta.dukascopy.com/v1/ticks/USD-SEK/2015/11/30/16,3dab00cfcf7f5f224f8f307e8555599c6a54dc89507f6ca2848c3f7afddcaf75,204984
2015-12-01,AUD,2015-12-31T16:00:00+00:00,2015-12-31T16:59:57.891000+00:00,https://jetta.dukascopy.com/v1/ticks/AUD-USD/2015/12/31/16,aa1cdae037fc38e4d7437516c12761734dab1330e5e0aac5cfb64fff6b93f476,97667
2015-12-01,CAD,2015-12-31T16:00:00+00:00,2015-12-31T16:59:59.897000+00:00,https://jetta.dukascopy.com/v1/ticks/USD-CAD/2015/12/31/16,54cc333610bb557cdb4b938dd4d8a11f27e520c07ce6a28de3439e2711bc7f18,144587
2015-12-01,CHF,2015-12-31T16:00:00+00:00,2015-12-31T16:59:44.308000+00:00,https://jetta.dukascopy.com/v1/ticks/USD-CHF/2015/12/31/16,cab676db9734f11c80a9dcc3af314e3b0c0ca528dc2d7f6c8cf0f5f15dadfb51,93761
2015-12-01,EUR,2015-12-31T16:00:00+00:00,2015-12-31T16:59:54.464000+00:00,https://jetta.dukascopy.com/v1/ticks/EUR-USD/2015/12/31/16,c7b35ba7b18e0e7cab6aebe2fd270e1dd482f8914d45d74263001b472d1312dd,132930
2015-12-01,GBP,2015-12-31T16:00:00+00:00,2015-12-31T16:59:59.232000+00:00,https://jetta.dukascopy.com/v1/ticks/GBP-USD/2015/12/31/16,35b4052b33789731ed3cb3d19ed2e6fb254e38f1aba396ef3b21b4712de3fb88,136440
2015-12-01,JPY,2015-12-31T16:00:00+00:00,2015-12-31T16:59:57.181000+00:00,https://jetta.dukascopy.com/v1/ticks/USD-JPY/2015/12/31/16,c58e80eb830c1ecaad8ef32c2337c263a8c920b88a36082490b1f3cb5846037c,139285
2015-12-01,NOK,2015-12-31T16:00:00+00:00,2015-12-31T16:59:57.823000+00:00,https://jetta.dukascopy.com/v1/ticks/USD-NOK/2015/12/31/16,a46576fe0cd498f4a484221cd5e30e746500e4f0af6b8105e110a2d1776acdc5,185467
2015-12-01,NZD,2015-12-31T16:00:00+00:00,2015-12-31T16:59:57.448000+00:00,https://jetta.dukascopy.com/v1/ticks/NZD-USD/2015/12/31/16,f27773c619a7055c6b76313950d32de4d278f1bb86519d57295e671b94e81c44,82024
2015-12-01,SEK,2015-12-31T16:00:00+00:00,2015-12-31T16:59:50.589000+00:00,https://jetta.dukascopy.com/v1/ticks/USD-SEK/2015/12/31/16,e8b06817ead11dc13cfeed2d6e026fda6bda3cba8a70cb6821c865696bccc17a,144760
2016-01-01,AUD,2016-01-29T16:00:00+00:00,2016-01-29T16:59:58.322000+00:00,https://jetta.dukascopy.com/v1/ticks/AUD-USD/2016/1/29/16,2413a878a6ed91508ed03b390653758826f3482c7adcff1c307544b2f99e9e48,152877
2016-01-01,CAD,2016-01-29T16:00:00+00:00,2016-01-29T16:59:59.619000+00:00,https://jetta.dukascopy.com/v1/ticks/USD-CAD/2016/1/29/16,043e832b2b9f3bfd32770ace3c140cd6c67cb4b5e6071877751dbf628a2f5e04,266396
2016-01-01,CHF,2016-01-29T16:00:00+00:00,2016-01-29T16:59:57.977000+00:00,https://jetta.dukascopy.com/v1/ticks/USD-CHF/2016/1/29/16,e1ece9b4a73a71fb62d65cab6dd8ac1b7e1b97c66b628860fd1bba295e363301,223407
2016-01-01,EUR,2016-01-29T16:00:00+00:00,2016-01-29T16:59:59.161000+00:00,https://jetta.dukascopy.com/v1/ticks/EUR-USD/2016/1/29/16,bd5eef5d84221293d1f4dec1bbcdc9aaa37ca6d01cd9f326b5d3161244353988,238460
2016-01-01,GBP,2016-01-29T16:00:00+00:00,2016-01-29T16:59:59.689000+00:00,https://jetta.dukascopy.com/v1/ticks/GBP-USD/2016/1/29/16,4650fe356939f1ffc744e62d4c2d2a4223175ded1245aef73010c6c7c9bc02a9,238567
2016-01-01,JPY,2016-01-29T16:00:00+00:00,2016-01-29T16:59:59.781000+00:00,https://jetta.dukascopy.com/v1/ticks/USD-JPY/2016/1/29/16,9e1c1fe153294e147da1fbdf99f812e2b654ce13e0d24afa60250bf067a588e0,241645
2016-01-01,NOK,2016-01-29T16:00:00+00:00,2016-01-29T16:59:56.715000+00:00,https://jetta.dukascopy.com/v1/ticks/USD-NOK/2016/1/29/16,6638326ea23efab9a9cb0e3ce0c621195c1c6976d0a1d65914c87f58877d3d72,223441
2016-01-01,NZD,2016-01-29T16:00:00+00:00,2016-01-29T16:59:58.512000+00:00,https://jetta.dukascopy.com/v1/ticks/NZD-USD/2016/1/29/16,a1fd9930ca6e7cc06116fadd60f261175130e195939555325e3fc8ffda46103d,166700
2016-01-01,SEK,2016-01-29T16:00:00+00:00,2016-01-29T16:59:59.258000+00:00,https://jetta.dukascopy.com/v1/ticks/USD-SEK/2016/1/29/16,54250f399d55f52d85e5453e78c6a4238190dd60be8c0cae8ffc785803655272,220639
2016-02-01,AUD,2016-02-29T16:00:00+00:00,2016-02-29T16:59:58.161000+00:00,https://jetta.dukascopy.com/v1/ticks/AUD-USD/2016/2/29/16,5b0d9a3666ae67145f3e7ed33b9298a61921ecf102e84a971d0de1003713d66e,96949
2016-02-01,CAD,2016-02-29T16:00:00+00:00,2016-02-29T16:59:59.683000+00:00,https://jetta.dukascopy.com/v1/ticks/USD-CAD/2016/2/29/16,ea3d99d0b87627a711c27b1519f767df801b8e8cd6ecb1f383c628bfbb2a7066,192673
2016-02-01,CHF,2016-02-29T16:00:00+00:00,2016-02-29T16:59:59.787000+00:00,https://jetta.dukascopy.com/v1/ticks/USD-CHF/2016/2/29/16,7bea00a0101e751ba68e20ef7d7848c14c10bf33a9f16e217ea6d859e790087d,163255
2016-02-01,EUR,2016-02-29T16:00:00+00:00,2016-02-29T16:59:59.631000+00:00,https://jetta.dukascopy.com/v1/ticks/EUR-USD/2016/2/29/16,f1a56212e7083198e72c8bd358970b6580791447f4920873510c309548f1e080,197813
2016-02-01,GBP,2016-02-29T16:00:00+00:00,2016-02-29T16:59:58.314000+00:00,https://jetta.dukascopy.com/v1/ticks/GBP-USD/2016/2/29/16,804a753866b1e8b5c9e8f456b87d1053519d82037aeab8734e861e9ec87b326a,189322
2016-02-01,JPY,2016-02-29T16:00:00+00:00,2016-02-29T16:59:58.719000+00:00,https://jetta.dukascopy.com/v1/ticks/USD-JPY/2016/2/29/16,de14fe019abec322087da6e2f9875c1e3cdc304f8e6927d6e55405998e07c15a,163254
2016-02-01,NOK,2016-02-29T16:00:00+00:00,2016-02-29T16:59:59.491000+00:00,https://jetta.dukascopy.com/v1/ticks/USD-NOK/2016/2/29/16,3cd064e3be8422739a246167ea0f9612c90c4a38e26232d31db6e06a64bc5b3c,171642
2016-02-01,NZD,2016-02-29T16:00:00+00:00,2016-02-29T16:59:59.172000+00:00,https://jetta.dukascopy.com/v1/ticks/NZD-USD/2016/2/29/16,74977dcbbebaa09092c1d8f2f7b3e6a147f5051a960e23987e81eb8319d0d357,109995
2016-02-01,SEK,2016-02-29T16:00:00+00:00,2016-02-29T16:59:52.582000+00:00,https://jetta.dukascopy.com/v1/ticks/USD-SEK/2016/2/29/16,2fb98272b18473e54b2be9fb91cf777cef9b0cbaa5cf8594e478bd6eda1bb8f2,122076
2016-03-01,AUD,2016-03-31T16:00:00+00:00,2016-03-31T16:59:59.946000+00:00,https://jetta.dukascopy.com/v1/ticks/AUD-USD/2016/3/31/16,52d71fc2ac062436074343ab5d34a622a38b308a01e4adaca15861816e1a8c8e,83807
2016-03-01,CAD,2016-03-31T16:00:00+00:00,2016-03-31T16:59:56.332000+00:00,https://jetta.dukascopy.com/v1/ticks/USD-CAD/2016/3/31/16,44b0c6d75194c9847d120f033186c4c6dd3f53ac7a20103b809ca7fb47af03c7,158088
2016-03-01,CHF,2016-03-31T16:00:00+00:00,2016-03-31T16:59:59.802000+00:00,https://jetta.dukascopy.com/v1/ticks/USD-CHF/2016/3/31/16,55f7e1ffa04d43ed0a231904b35a86dd6ff9b7d51cf79885953321a0d58b3236,118971
2016-03-01,EUR,2016-03-31T16:00:00+00:00,2016-03-31T16:59:59.948000+00:00,https://jetta.dukascopy.com/v1/ticks/EUR-USD/2016/3/31/16,590dfe4959f6e8246293ef0ed7258d9174474980ec6592205ce4f767001c49e2,142363
2016-03-01,GBP,2016-03-31T16:00:00+00:00,2016-03-31T16:59:55.493000+00:00,https://jetta.dukascopy.com/v1/ticks/GBP-USD/2016/3/31/16,25a1c8e5655e01f6643c929c655c2c82490b796f36419b08a5fc3df456533b5d,111775
2016-03-01,JPY,2016-03-31T16:00:00+00:00,2016-03-31T16:59:59.746000+00:00,https://jetta.dukascopy.com/v1/ticks/USD-JPY/2016/3/31/16,de0a93a735b7291bb2c84dfdebb04870a902726bdd6c177439ee5f3f9f6c7048,71762
2016-03-01,NOK,2016-03-31T16:00:00+00:00,2016-03-31T16:59:59.744000+00:00,https://jetta.dukascopy.com/v1/ticks/USD-NOK/2016/3/31/16,41b8e022fc91c6b6b99d1c3b25340096fb75657de0301778c1b0cbffd9417625,114198
2016-03-01,NZD,2016-03-31T16:00:00+00:00,2016-03-31T16:59:59.814000+00:00,https://jetta.dukascopy.com/v1/ticks/NZD-USD/2016/3/31/16,424068604f5f6e737da3a0005bba0b6d2b0b99e960e22c7de2bcf8811e7f7303,74860
2016-03-01,SEK,2016-03-31T16:00:00+00:00,2016-03-31T16:59:59.622000+00:00,https://jetta.dukascopy.com/v1/ticks/USD-SEK/2016/3/31/16,f7da425e1cbb56a1f41e2ba3427d469952022769bcfdf41e25859faf550c586a,48088
2016-04-01,AUD,2016-04-29T16:00:00+00:00,2016-04-29T16:59:58.501000+00:00,https://jetta.dukascopy.com/v1/ticks/AUD-USD/2016/4/29/16,ae64f3eb4ed61d137ae2c2978d76b98797df6b8098d2c4febea5f7521f940d0d,115744
2016-04-01,CAD,2016-04-29T16:00:00+00:00,2016-04-29T16:59:59.924000+00:00,https://jetta.dukascopy.com/v1/ticks/USD-CAD/2016/4/29/16,6c3b61598825407eef82cf5197e155c6cccdb6f37dad93eebfe47bc49c811a72,180279
2016-04-01,CHF,2016-04-29T16:00:00+00:00,2016-04-29T16:59:59.665000+00:00,https://jetta.dukascopy.com/v1/ticks/USD-CHF/2016/4/29/16,9c3ed8d68802505e34a1c1041df5133ec8fa2c8af2a5ae19dc49c9c8867687a3,132460
2016-04-01,EUR,2016-04-29T16:00:00+00:00,2016-04-29T16:59:59.876000+00:00,https://jetta.dukascopy.com/v1/ticks/EUR-USD/2016/4/29/16,83271b0496b46e8416f26bd10b57c7718c7902a2ab1a2263f6033e8b206511e2,130241
2016-04-01,GBP,2016-04-29T16:00:00+00:00,2016-04-29T16:59:58.908000+00:00,https://jetta.dukascopy.com/v1/ticks/GBP-USD/2016/4/29/16,3300f3fe8ca3c271c3a31a5c047ac5378c128a559295d91751bb87009ced83b8,141067
2016-04-01,JPY,2016-04-29T16:00:00+00:00,2016-04-29T16:59:59.615000+00:00,https://jetta.dukascopy.com/v1/ticks/USD-JPY/2016/4/29/16,bb74361372639b360d623e59cf1edf402099bbf8e6d223707c890cf5d20e9dba,121002
2016-04-01,NOK,2016-04-29T16:00:00+00:00,2016-04-29T16:59:41.421000+00:00,https://jetta.dukascopy.com/v1/ticks/USD-NOK/2016/4/29/16,9bd660d52d6186b4d1edb375cfe4dbc8d49afb27bc882513c4227237b5041123,84739
2016-04-01,NZD,2016-04-29T16:00:00+00:00,2016-04-29T16:59:59.055000+00:00,https://jetta.dukascopy.com/v1/ticks/NZD-USD/2016/4/29/16,3317a664c16e9ead5cb521a156fc1478286066f13c5fa9f145291a241e475bea,74731
2016-04-01,SEK,2016-04-29T16:00:00+00:00,2016-04-29T16:59:59.923000+00:00,https://jetta.dukascopy.com/v1/ticks/USD-SEK/2016/4/29/16,fca30ec64aca4f1f86eb9bcc71a5dde69d307306a342ebc613ec47b595302c94,118098
2016-05-01,AUD,2016-05-31T16:00:00+00:00,2016-05-31T16:59:58.722000+00:00,https://jetta.dukascopy.com/v1/ticks/AUD-USD/2016/5/31/16,23fecb40cc0e760f2241bd87a442361a5b39ab76d6fbdf1262559dbabca5d2be,95786
2016-05-01,CAD,2016-05-31T16:00:00+00:00,2016-05-31T16:59:59.667000+00:00,https://jetta.dukascopy.com/v1/ticks/USD-CAD/2016/5/31/16,3bf7992bd191d9d25649ec982947bb53721eae68c4a18040a51236c45c01d426,135001
2016-05-01,CHF,2016-05-31T16:00:00+00:00,2016-05-31T16:59:59.275000+00:00,https://jetta.dukascopy.com/v1/ticks/USD-CHF/2016/5/31/16,6d230475860491cd255db356c976b901b81a69e4662f2f35b18d3d2a08b43194,79200
2016-05-01,EUR,2016-05-31T16:00:00+00:00,2016-05-31T16:59:59.773000+00:00,https://jetta.dukascopy.com/v1/ticks/EUR-USD/2016/5/31/16,b2ba387ff0de25e09dc19d380f6d1c9c31f84e139a4ab2dca79c5d38d47b68d3,131980
2016-05-01,GBP,2016-05-31T16:00:00+00:00,2016-05-31T16:59:59.717000+00:00,https://jetta.dukascopy.com/v1/ticks/GBP-USD/2016/5/31/16,ce3c84511bac452bc6da552feb369a0f459f12df90889f8064babbca07f0ce92,151111
2016-05-01,JPY,2016-05-31T16:00:00+00:00,2016-05-31T16:59:59.965000+00:00,https://jetta.dukascopy.com/v1/ticks/USD-JPY/2016/5/31/16,58cd01e779cbf305810b897d51521d43353312f8bea1c6a45ce7b84408915779,93373
2016-05-01,NOK,2016-05-31T16:00:00+00:00,2016-05-31T16:59:59.633000+00:00,https://jetta.dukascopy.com/v1/ticks/USD-NOK/2016/5/31/16,f1952e2d8c4cd700db60098a3028e8a43db3a639f82276bdd254090deb6ee9f0,74513
2016-05-01,NZD,2016-05-31T16:00:00+00:00,2016-05-31T16:59:59.775000+00:00,https://jetta.dukascopy.com/v1/ticks/NZD-USD/2016/5/31/16,f276a43f54979175d2b4d20bd953806ab6822c22d3133981011ab4758dca1375,102842
2016-05-01,SEK,2016-05-31T16:00:00+00:00,2016-05-31T16:59:54.988000+00:00,https://jetta.dukascopy.com/v1/ticks/USD-SEK/2016/5/31/16,0397eef83353b937ad3d180852affbd2190b0481f49814a1c58986062a0adcef,99080
2016-06-01,AUD,2016-06-30T16:00:00+00:00,2016-06-30T16:59:59.911000+00:00,https://jetta.dukascopy.com/v1/ticks/AUD-USD/2016/6/30/16,6252e17ceddc0cdcf23f86b980f65aa3a6142c19495a138034e8ab3640586614,213149
2016-06-01,CAD,2016-06-30T16:00:00+00:00,2016-06-30T16:59:59.910000+00:00,https://jetta.dukascopy.com/v1/ticks/USD-CAD/2016/6/30/16,1bc51d1ca4faa972a68c27ddecf578f968a187cda676e8f512dd132b052e21cc,238396
2016-06-01,CHF,2016-06-30T16:00:00+00:00,2016-06-30T16:59:59.968000+00:00,https://jetta.dukascopy.com/v1/ticks/USD-CHF/2016/6/30/16,b7b01bf9fa837466bb40880273e065d0a40a1e25ac02f68c1e28f9e179b00488,196004
2016-06-01,EUR,2016-06-30T16:00:00+00:00,2016-06-30T16:59:59.910000+00:00,https://jetta.dukascopy.com/v1/ticks/EUR-USD/2016/6/30/16,3d473ce9d2a03dea6b29ddd23ef237aa8f76761686f2280d9df62406138b95dd,306990
2016-06-01,GBP,2016-06-30T16:00:00+00:00,2016-06-30T16:59:59.916000+00:00,https://jetta.dukascopy.com/v1/ticks/GBP-USD/2016/6/30/16,5c11ca4613266b1d909d2898e52d5f1b900c3e39e59af948f852bf43077781fd,310699
2016-06-01,JPY,2016-06-30T16:00:00+00:00,2016-06-30T16:59:58.485000+00:00,https://jetta.dukascopy.com/v1/ticks/USD-JPY/2016/6/30/16,fbced8dc217b2c8460e9dbcc79497282f35f3bcf77f5dbe357c9527f15e6665a,189217
2016-06-01,NOK,2016-06-30T16:00:00+00:00,2016-06-30T16:59:59.986000+00:00,https://jetta.dukascopy.com/v1/ticks/USD-NOK/2016/6/30/16,23b5161f9f977a3c22e37aae314c9146e3fc3dbf428db38efd72e51a9f2ee5ac,303508
2016-06-01,NZD,2016-06-30T16:00:00+00:00,2016-06-30T16:59:59.915000+00:00,https://jetta.dukascopy.com/v1/ticks/NZD-USD/2016/6/30/16,c3042162caa9ef02eaea07374d6d9d4d9eebba5a0b6016eb124651aea2cee413,169127
2016-06-01,SEK,2016-06-30T16:00:00+00:00,2016-06-30T16:59:59.756000+00:00,https://jetta.dukascopy.com/v1/ticks/USD-SEK/2016/6/30/16,2ee4263bae89333a74d0d4e721f8225267b6e68372a9b53d41ff81715e17bed7,294160
2016-07-01,AUD,2016-07-29T16:00:00+00:00,2016-07-29T16:59:59.987000+00:00,https://jetta.dukascopy.com/v1/ticks/AUD-USD/2016/7/29/16,dcbc7fada7ffa9c542c820f23ce96e44d4ebc85ea6081f6201a407d0f77bf12a,421161
2016-07-01,CAD,2016-07-29T16:00:00+00:00,2016-07-29T16:59:59.907000+00:00,https://jetta.dukascopy.com/v1/ticks/USD-CAD/2016/7/29/16,cd96a55436bba7e1f3004ad4006e7de75cc22a2c2627f4cb97f05abae23f3975,515514
2016-07-01,CHF,2016-07-29T16:00:00+00:00,2016-07-29T16:59:59.961000+00:00,https://jetta.dukascopy.com/v1/ticks/USD-CHF/2016/7/29/16,6de8c8da3bcb02c0fc8add878552d8b9ef65c3926017e38bc009edc244c79b6b,342777
2016-07-01,EUR,2016-07-29T16:00:00+00:00,2016-07-29T16:59:59.988000+00:00,https://jetta.dukascopy.com/v1/ticks/EUR-USD/2016/7/29/16,659b607ad881dcd211f1667397164797d3222a2463910c0826f8e6ca0f8a1901,627467
2016-07-01,GBP,2016-07-29T16:00:00+00:00,2016-07-29T16:59:59.957000+00:00,https://jetta.dukascopy.com/v1/ticks/GBP-USD/2016/7/29/16,e6fe8fa08d91b762f0244e22195c2ecd49f2629f7b20b6d07341b8d69d065be9,459725
2016-07-01,JPY,2016-07-29T16:00:00+00:00,2016-07-29T16:59:59.987000+00:00,https://jetta.dukascopy.com/v1/ticks/USD-JPY/2016/7/29/16,85f14a866e60d59f63291c29051d149ff627db605be77809337229daf62a4a1d,390760
2016-07-01,NOK,2016-07-29T16:00:00+00:00,2016-07-29T16:59:59.951000+00:00,https://jetta.dukascopy.com/v1/ticks/USD-NOK/2016/7/29/16,9d88f12eff922ab5699707073bb488d43f94b4c53597c0ca73179a47e32050e0,129023
2016-07-01,NZD,2016-07-29T16:00:00+00:00,2016-07-29T16:59:58.800000+00:00,https://jetta.dukascopy.com/v1/ticks/NZD-USD/2016/7/29/16,b8c1f1bd74878fa3bbc7dc7c146a11f3d41dc8e7db0e438c9ff01fa903641d0f,201292
2016-07-01,SEK,2016-07-29T16:00:00+00:00,2016-07-29T16:59:59.954000+00:00,https://jetta.dukascopy.com/v1/ticks/USD-SEK/2016/7/29/16,e09eca8fc6bf0b965cd63677d752517d62b6814240f0963d2b8672ac3aa2bfbe,162812
2016-08-01,AUD,2016-08-31T16:00:00+00:00,2016-08-31T16:59:59.380000+00:00,https://jetta.dukascopy.com/v1/ticks/AUD-USD/2016/8/31/16,277748c83bdd21ad8f4b8efb4495d3d12d80fa94752a110ddb9c4b46c131daf4,346974
2016-08-01,CAD,2016-08-31T16:00:00+00:00,2016-08-31T16:59:59.983000+00:00,https://jetta.dukascopy.com/v1/ticks/USD-CAD/2016/8/31/16,e77fcbbdb52625fda9df4fd8f7aabe43ebed7240a0832b140a883522bbcc6c8d,535963
2016-08-01,CHF,2016-08-31T16:00:00+00:00,2016-08-31T16:59:56.310000+00:00,https://jetta.dukascopy.com/v1/ticks/USD-CHF/2016/8/31/16,d638fdc01b54852b7981d87c295ffff6b8215c4b760ca9582c3b8204eee10b53,262104
2016-08-01,EUR,2016-08-31T16:00:00+00:00,2016-08-31T16:59:59.813000+00:00,https://jetta.dukascopy.com/v1/ticks/EUR-USD/2016/8/31/16,32e5b6f2e94dd17509d01bd26305f82d79c534b18b7e5d85f85957d6c406e29c,563055
2016-08-01,GBP,2016-08-31T16:00:00+00:00,2016-08-31T16:59:59.197000+00:00,https://jetta.dukascopy.com/v1/ticks/GBP-USD/2016/8/31/16,15fd7b64129a9f38b1d9601c1241c3bb4194ab008c6d1f5845e26abe0c65d34b,343467
2016-08-01,JPY,2016-08-31T16:00:00+00:00,2016-08-31T16:59:56.946000+00:00,https://jetta.dukascopy.com/v1/ticks/USD-JPY/2016/8/31/16,42304dad242ac0c37cbc6758282cf6d877a88c9da3c2bcadce542fc0c3725a97,314849
2016-08-01,NOK,2016-08-31T16:00:00+00:00,2016-08-31T16:59:55.977000+00:00,https://jetta.dukascopy.com/v1/ticks/USD-NOK/2016/8/31/16,867c815fbc646c9a7e54ffa3506365e35ca7ca3c66a6534fe7000c0c852c34c2,100503
2016-08-01,NZD,2016-08-31T16:00:00+00:00,2016-08-31T16:59:57.801000+00:00,https://jetta.dukascopy.com/v1/ticks/NZD-USD/2016/8/31/16,0c4028e764369800ca29a1a02011e79dce7bacbcdcf3b9e25b47a2c1dbae1fed,196013
2016-08-01,SEK,2016-08-31T16:00:00+00:00,2016-08-31T16:59:55.891000+00:00,https://jetta.dukascopy.com/v1/ticks/USD-SEK/2016/8/31/16,3ba58998ec1d80f04f5075892cbde1ea15b080cfdc11dd69cedb287c5e526a3a,108863
2016-09-01,AUD,2016-09-30T16:00:00+00:00,2016-09-30T16:59:59.833000+00:00,https://jetta.dukascopy.com/v1/ticks/AUD-USD/2016/9/30/16,1405e7493ccfdef52107bae8f4514f23cf4bff38c937fa3255f8e4b8a444ccb3,432422
2016-09-01,CAD,2016-09-30T16:00:00+00:00,2016-09-30T16:59:59.990000+00:00,https://jetta.dukascopy.com/v1/ticks/USD-CAD/2016/9/30/16,7b1653ae215fb15153afbddefdfe909c21f18f413a2cbbcbb2fcfed7f5afe5d5,574136
2016-09-01,CHF,2016-09-30T16:00:00+00:00,2016-09-30T16:59:56.864000+00:00,https://jetta.dukascopy.com/v1/ticks/USD-CHF/2016/9/30/16,0579e3aec170e9ef45b9e4a8702b822c44bc96f4e57ef653c125d11cd1566a47,264529
2016-09-01,EUR,2016-09-30T16:00:00+00:00,2016-09-30T16:59:59.733000+00:00,https://jetta.dukascopy.com/v1/ticks/EUR-USD/2016/9/30/16,c3dca5bfbb5a630b5ac888d1d804057c4801f6775aaffe4172cc75190ac5213c,613261
2016-09-01,GBP,2016-09-30T16:00:00+00:00,2016-09-30T16:59:59.864000+00:00,https://jetta.dukascopy.com/v1/ticks/GBP-USD/2016/9/30/16,bccbb5c0a8cb3d25d5f5b1185e0dc98845cf22eba0b2125ae439a984691abdef,428897
2016-09-01,JPY,2016-09-30T16:00:00+00:00,2016-09-30T16:59:59.936000+00:00,https://jetta.dukascopy.com/v1/ticks/USD-JPY/2016/9/30/16,a02cfe2025dd453af6866acce468271294d4e412238bcf751ceac778b46a189e,385853
2016-09-01,NOK,2016-09-30T16:00:00+00:00,2016-09-30T16:59:56.553000+00:00,https://jetta.dukascopy.com/v1/ticks/USD-NOK/2016/9/30/16,cec0c93324726edfc999d1552fedc23b890439fb27e921418d682eabeb9c6ac9,89673
2016-09-01,NZD,2016-09-30T16:00:00+00:00,2016-09-30T16:59:59.987000+00:00,https://jetta.dukascopy.com/v1/ticks/NZD-USD/2016/9/30/16,70d6b0b23564832bf196fe191e14f5c97bfe72f1b47012f5009a84f423a2cd04,219006
2016-09-01,SEK,2016-09-30T16:00:00+00:00,2016-09-30T16:59:57.835000+00:00,https://jetta.dukascopy.com/v1/ticks/USD-SEK/2016/9/30/16,aed298f519ed70e9a4543c7d8c825fc08029818bf7c912823d78fb0bf4d183e6,169751
2016-10-01,AUD,2016-10-31T16:00:00+00:00,2016-10-31T16:59:57.674000+00:00,https://jetta.dukascopy.com/v1/ticks/AUD-USD/2016/10/31/16,8fd558f282dcc1796b5688bfd852784067c628b7f20bc15a49edccee26697fc5,118822
2016-10-01,CAD,2016-10-31T16:00:00+00:00,2016-10-31T16:59:59.325000+00:00,https://jetta.dukascopy.com/v1/ticks/USD-CAD/2016/10/31/16,95f81e2d4e48fdb914abc830b544e558be4d4d1579d5554f234a4a8658ae24f7,219220
2016-10-01,CHF,2016-10-31T16:00:00+00:00,2016-10-31T16:59:59.915000+00:00,https://jetta.dukascopy.com/v1/ticks/USD-CHF/2016/10/31/16,0ac4260dfebf900b7209816396856b9c95ad81de5c9b627e630a8c63b8eeda77,121608
2016-10-01,EUR,2016-10-31T16:00:00+00:00,2016-10-31T16:59:59.477000+00:00,https://jetta.dukascopy.com/v1/ticks/EUR-USD/2016/10/31/16,dfc077eb6ffd7315d50572dbf85c7620883a067630dcc16d81c948c390db87c7,134138
2016-10-01,GBP,2016-10-31T16:00:00+00:00,2016-10-31T16:59:59.972000+00:00,https://jetta.dukascopy.com/v1/ticks/GBP-USD/2016/10/31/16,77dcfdfe6b6274d4e46deffd0b7d8aba512d6aa3070ded926dea563b1a466384,162329
2016-10-01,JPY,2016-10-31T16:00:00+00:00,2016-10-31T16:59:59.915000+00:00,https://jetta.dukascopy.com/v1/ticks/USD-JPY/2016/10/31/16,98656d30104ee47aab789c7fdb026f46a3cac5504204c82a6aa87e3c0b3333f9,137603
2016-10-01,NOK,2016-10-31T16:00:00+00:00,2016-10-31T16:59:59.776000+00:00,https://jetta.dukascopy.com/v1/ticks/USD-NOK/2016/10/31/16,d97ccbb74337143cc25e54a42a94ba041d42398aa02a5cc72492e7ce97bc946e,178497
2016-10-01,NZD,2016-10-31T16:00:00+00:00,2016-10-31T16:59:55.524000+00:00,https://jetta.dukascopy.com/v1/ticks/NZD-USD/2016/10/31/16,561fe83527276fbdbaca43529be2153c25b69839b0ae561328e7d75eb0a98df3,72229
2016-10-01,SEK,2016-10-31T16:00:00+00:00,2016-10-31T16:59:59.792000+00:00,https://jetta.dukascopy.com/v1/ticks/USD-SEK/2016/10/31/16,5b5506af30a7f62a2f05e7386c1de57d53042331f813618051e70d0b273aceed,183092
2016-11-01,AUD,2016-11-30T16:00:00+00:00,2016-11-30T16:59:58.831000+00:00,https://jetta.dukascopy.com/v1/ticks/AUD-USD/2016/11/30/16,4c46fcb0be3904d0ff5e0b3a6fa82abf4bbc1b7c3c3e16a1056eb2ca1db15dc2,245036
2016-11-01,CAD,2016-11-30T16:00:00+00:00,2016-11-30T16:59:59.431000+00:00,https://jetta.dukascopy.com/v1/ticks/USD-CAD/2016/11/30/16,090c4208fe6fe45ce7b2ed6352f3e2c5d3028d21c4fe3438905ce8923112c0ae,325038
2016-11-01,CHF,2016-11-30T16:00:00+00:00,2016-11-30T16:59:59.025000+00:00,https://jetta.dukascopy.com/v1/ticks/USD-CHF/2016/11/30/16,998028e2420095be0828fc77ccb3088ead33af806a0ad5a80618cf9c76679834,267116
2016-11-01,EUR,2016-11-30T16:00:00+00:00,2016-11-30T16:59:58.328000+00:00,https://jetta.dukascopy.com/v1/ticks/EUR-USD/2016/11/30/16,f4e8f9d6856796114a647e1c7ac13a654d350f6baa466eb165a2f10de65f127d,288134
2016-11-01,GBP,2016-11-30T16:00:00+00:00,2016-11-30T16:59:59.984000+00:00,https://jetta.dukascopy.com/v1/ticks/GBP-USD/2016/11/30/16,d71ab9400eb41531a742f2ef8f90be603c28dbcf711d303b54fdba109ddae9fc,296633
2016-11-01,JPY,2016-11-30T16:00:00+00:00,2016-11-30T16:59:58.580000+00:00,https://jetta.dukascopy.com/v1/ticks/USD-JPY/2016/11/30/16,2c79faaf69da0ecb07f55b46ae409006c801c6166fd6a12d579fabf5455c0cdc,333831
2016-11-01,NOK,2016-11-30T16:00:00+00:00,2016-11-30T16:59:54.600000+00:00,https://jetta.dukascopy.com/v1/ticks/USD-NOK/2016/11/30/16,281257bb294dc48ee98aa5833c71770cb6b11813528ea03f6ca3a85cac229899,264174
2016-11-01,NZD,2016-11-30T16:00:00+00:00,2016-11-30T16:59:59.630000+00:00,https://jetta.dukascopy.com/v1/ticks/NZD-USD/2016/11/30/16,b9b485d8d82ac6418444a185bb9d7826509efe8e29a544745c519a5fcb1e563d,233225
2016-11-01,SEK,2016-11-30T16:00:00+00:00,2016-11-30T16:59:59.665000+00:00,https://jetta.dukascopy.com/v1/ticks/USD-SEK/2016/11/30/16,b6a73db71f2d6a00df8e717e4845e50e071bbf4f9199510430b5f315205a6f62,269930
2016-12-01,AUD,2016-12-30T16:00:00+00:00,2016-12-30T16:59:54.088000+00:00,https://jetta.dukascopy.com/v1/ticks/AUD-USD/2016/12/30/16,e1236c7a9311d4204009f80e31c22e69f312d9cf5321e618fc43b28b8da4754f,110246
2016-12-01,CAD,2016-12-30T16:00:00+00:00,2016-12-30T16:59:59.590000+00:00,https://jetta.dukascopy.com/v1/ticks/USD-CAD/2016/12/30/16,197b00ec83e35bb1fb043db843b6a1803f3d3bd7221f79cd417419e1d408d7d5,193690
2016-12-01,CHF,2016-12-30T16:00:00+00:00,2016-12-30T16:59:59.541000+00:00,https://jetta.dukascopy.com/v1/ticks/USD-CHF/2016/12/30/16,5f6e172556165deaa33702ed3bb63b52c14b4e7e0c2414ad410c4fb80f60801e,180670
2016-12-01,EUR,2016-12-30T16:00:00+00:00,2016-12-30T16:59:59.592000+00:00,https://jetta.dukascopy.com/v1/ticks/EUR-USD/2016/12/30/16,02354ded87c0d03726cf93015f75300678d55aa37eefe069d92697d55d5fad44,154140
2016-12-01,GBP,2016-12-30T16:00:00+00:00,2016-12-30T16:59:59.906000+00:00,https://jetta.dukascopy.com/v1/ticks/GBP-USD/2016/12/30/16,19dc772b073f85fd2a0bee7eac861d1c9167dbde704011b0a95286306aac6721,206186
2016-12-01,JPY,2016-12-30T16:00:00+00:00,2016-12-30T16:59:52.791000+00:00,https://jetta.dukascopy.com/v1/ticks/USD-JPY/2016/12/30/16,7d02995d32c3b1b4e1a2a2c08fe7f95f385fa4f237b47204e4ebf48089699102,146328
2016-12-01,NOK,2016-12-30T16:00:00+00:00,2016-12-30T16:59:59.590000+00:00,https://jetta.dukascopy.com/v1/ticks/USD-NOK/2016/12/30/16,bc53f5cd5feab33114ca8614478fe3daaa208fee4b87f14c933d7e7fab6a0b0f,211384
2016-12-01,NZD,2016-12-30T16:00:00+00:00,2016-12-30T16:59:56.769000+00:00,https://jetta.dukascopy.com/v1/ticks/NZD-USD/2016/12/30/16,09640522d4e564c2284dcc4c83411b563888374e3e19eebc00844d8359e8a710,101530
2016-12-01,SEK,2016-12-30T16:00:00+00:00,2016-12-30T16:59:59.741000+00:00,https://jetta.dukascopy.com/v1/ticks/USD-SEK/2016/12/30/16,770a5945c0013ddbb4f3b3a8880ef796dc8a9b9210d69b57ca82f8aa458d5cae,155496
2017-01-01,AUD,2017-01-31T16:00:00+00:00,2017-01-31T16:59:59.732000+00:00,https://jetta.dukascopy.com/v1/ticks/AUD-USD/2017/1/31/16,d1e8488f4145fa94a0899d9f4b7050555ba879ea768c5b963c9b2b93ccfda4b3,147325
2017-01-01,CAD,2017-01-31T16:00:00+00:00,2017-01-31T16:59:59.685000+00:00,https://jetta.dukascopy.com/v1/ticks/USD-CAD/2017/1/31/16,8d3b0ced40932f9d207763d8ee36fc9fa1de48300c6cc309b313e07573e43189,230279
2017-01-01,CHF,2017-01-31T16:00:00+00:00,2017-01-31T16:59:59.836000+00:00,https://jetta.dukascopy.com/v1/ticks/USD-CHF/2017/1/31/16,ce329955c1dd11d861d796101108b372da5360c4a9f91349273a074ec48b8268,180533
2017-01-01,EUR,2017-01-31T16:00:00+00:00,2017-01-31T16:59:59.730000+00:00,https://jetta.dukascopy.com/v1/ticks/EUR-USD/2017/1/31/16,355846b41e78644f09335a3bc8bd180048af6109cad696cecc97c8821e197b95,215451
2017-01-01,GBP,2017-01-31T16:00:00+00:00,2017-01-31T16:59:59.839000+00:00,https://jetta.dukascopy.com/v1/ticks/GBP-USD/2017/1/31/16,443ab62deb4ec4586b4d72fcf4fca8f7f3f3c4edb5508bc4995382791c600c3d,237776
2017-01-01,JPY,2017-01-31T16:00:00+00:00,2017-01-31T16:59:59.837000+00:00,https://jetta.dukascopy.com/v1/ticks/USD-JPY/2017/1/31/16,542a9246256dcc9640aadbd09218f5d202004cdbe69b9c9decc6f6a679bda0ee,270568
2017-01-01,NOK,2017-01-31T16:00:00+00:00,2017-01-31T16:59:59.819000+00:00,https://jetta.dukascopy.com/v1/ticks/USD-NOK/2017/1/31/16,b05bb4ec67755e207d5ce8a4512c28a876a4df21c7d7d0f7ba2ad3564ba4086b,265638
2017-01-01,NZD,2017-01-31T16:00:00+00:00,2017-01-31T16:59:59.885000+00:00,https://jetta.dukascopy.com/v1/ticks/NZD-USD/2017/1/31/16,439f30c132de766b48c22374448a91154ac46307f3b8c835e8c82d13cf40c312,166913
2017-01-01,SEK,2017-01-31T16:00:00+00:00,2017-01-31T16:59:59.729000+00:00,https://jetta.dukascopy.com/v1/ticks/USD-SEK/2017/1/31/16,8fcd36dcf531761992b89d4562fbe6101fa1b9a21c3486a860caad08afc3fe08,253510
2017-02-01,AUD,2017-02-28T16:00:00+00:00,2017-02-28T16:59:59.915000+00:00,https://jetta.dukascopy.com/v1/ticks/AUD-USD/2017/2/28/16,16bcd6ab22806e7223a837f00555e91ea206b3016a49b8a58f3320a325c65a95,115493
2017-02-01,CAD,2017-02-28T16:00:00+00:00,2017-02-28T16:59:59.920000+00:00,https://jetta.dukascopy.com/v1/ticks/USD-CAD/2017/2/28/16,257f9ec0dcbb7a32eb59277f17e4ecf1c3c21f95a712cccea6db92fdc95d5f8d,178998
2017-02-01,CHF,2017-02-28T16:00:00+00:00,2017-02-28T16:59:59.515000+00:00,https://jetta.dukascopy.com/v1/ticks/USD-CHF/2017/2/28/16,fd6fb0cd0dd2c1adcde6ed0ac630301d70bb013d9e38920047fac0297e0aece4,139634
2017-02-01,EUR,2017-02-28T16:00:00+00:00,2017-02-28T16:59:59.718000+00:00,https://jetta.dukascopy.com/v1/ticks/EUR-USD/2017/2/28/16,1e4201a840d054aea44f2381ab5a67883675622c67d6768c62cf937eb4f7ed47,160828
2017-02-01,GBP,2017-02-28T16:00:00+00:00,2017-02-28T16:59:59.625000+00:00,https://jetta.dukascopy.com/v1/ticks/GBP-USD/2017/2/28/16,c1426b0cba56010de886676f2de07f15a743aad369cb3b0f2cb664f97cbd363e,172695
2017-02-01,JPY,2017-02-28T16:00:00+00:00,2017-02-28T16:59:59.811000+00:00,https://jetta.dukascopy.com/v1/ticks/USD-JPY/2017/2/28/16,4a3b7687ca654badc40029c024c54c1a2b9f10f7dee123cc347f28f65a3084f9,160869
2017-02-01,NOK,2017-02-28T16:00:00+00:00,2017-02-28T16:59:58.524000+00:00,https://jetta.dukascopy.com/v1/ticks/USD-NOK/2017/2/28/16,1754985ccf40e8215410676b89f76ddde2b3d1c5ad54f57210aad93e4d3d25b8,220501
2017-02-01,NZD,2017-02-28T16:00:00+00:00,2017-02-28T16:59:55.968000+00:00,https://jetta.dukascopy.com/v1/ticks/NZD-USD/2017/2/28/16,c3eb12c777a74b286b7a2c5e6022261a742df1ef05224c76370b48f72641c0f6,112530
2017-02-01,SEK,2017-02-28T16:00:00+00:00,2017-02-28T16:59:59.547000+00:00,https://jetta.dukascopy.com/v1/ticks/USD-SEK/2017/2/28/16,6f70fbdf894c45dae73737264cfe4ae33039ce2d5347ab0c67581e954ad40b81,184546
2017-03-01,AUD,2017-03-31T16:00:00+00:00,2017-03-31T16:59:55.293000+00:00,https://jetta.dukascopy.com/v1/ticks/AUD-USD/2017/3/31/16,a222a5bb324b635481b356a2e5610d581cae04f26abe0bc2fa6d78daffb32b2c,68367
2017-03-01,CAD,2017-03-31T16:00:00+00:00,2017-03-31T16:59:59.366000+00:00,https://jetta.dukascopy.com/v1/ticks/USD-CAD/2017/3/31/16,3fbc93beae0b8bf0eb0d8315f0b20d0c152b3b0ae299b9327ee12160c99676c2,96169
2017-03-01,CHF,2017-03-31T16:00:00+00:00,2017-03-31T16:59:59.989000+00:00,https://jetta.dukascopy.com/v1/ticks/USD-CHF/2017/3/31/16,44709097b6b9d42cb795286771907ef9f2401f33baee2d51e73ff5e15efd58c8,74368
2017-03-01,EUR,2017-03-31T16:00:00+00:00,2017-03-31T16:59:59.871000+00:00,https://jetta.dukascopy.com/v1/ticks/EUR-USD/2017/3/31/16,70583e6c474ada62b1f2b1eb1b71b581708a59a13a911535197e20a1dd31348c,92397
2017-03-01,GBP,2017-03-31T16:00:00+00:00,2017-03-31T16:59:58.966000+00:00,https://jetta.dukascopy.com/v1/ticks/GBP-USD/2017/3/31/16,616561a8688fbcb873f6e2ee37df516aaa729d2a4054af0ad747fe3b365a3c21,111571
2017-03-01,JPY,2017-03-31T16:00:00+00:00,2017-03-31T16:59:59.788000+00:00,https://jetta.dukascopy.com/v1/ticks/USD-JPY/2017/3/31/16,db37de7cb4e8effd6a386a7588b97b31252debd88402da66d4f1a24213623481,106977
2017-03-01,NOK,2017-03-31T16:00:00+00:00,2017-03-31T16:59:59.408000+00:00,https://jetta.dukascopy.com/v1/ticks/USD-NOK/2017/3/31/16,58043200cca6272e8e7ec7ac8f23db99b98f68e8dd45c66cfa35309b4efcc614,121766
2017-03-01,NZD,2017-03-31T16:00:00+00:00,2017-03-31T16:59:56.050000+00:00,https://jetta.dukascopy.com/v1/ticks/NZD-USD/2017/3/31/16,09e1788d46e2c2aab2dda53a9c13d9269188f9f7a75c7b09fc8f69a6ca3fb6bf,63412
2017-03-01,SEK,2017-03-31T16:00:00+00:00,2017-03-31T16:59:59.457000+00:00,https://jetta.dukascopy.com/v1/ticks/USD-SEK/2017/3/31/16,3ed6c86bd78f25b021eae6822314654ceb5ecb6dd14a1067b0b485c4434d4f78,106079
2017-04-01,AUD,2017-04-28T16:00:00+00:00,2017-04-28T16:59:59.761000+00:00,https://jetta.dukascopy.com/v1/ticks/AUD-USD/2017/4/28/16,397d93e9c346c566bda845755d2a730a209accc09840fc07418482d88c8f3b00,73057
2017-04-01,CAD,2017-04-28T16:00:00+00:00,2017-04-28T16:59:55.271000+00:00,https://jetta.dukascopy.com/v1/ticks/USD-CAD/2017/4/28/16,d546a3df08c835f9a7f0de5ff553c9d9754e7968bd10d760f25ba0ca7e46abf0,105410
2017-04-01,CHF,2017-04-28T16:00:00+00:00,2017-04-28T16:59:54.218000+00:00,https://jetta.dukascopy.com/v1/ticks/USD-CHF/2017/4/28/16,1769fd568bdfbf9db4409b05ddddda318042958ae013c1aa48a3f90a37aa6366,55838
2017-04-01,EUR,2017-04-28T16:00:00+00:00,2017-04-28T16:59:59.809000+00:00,https://jetta.dukascopy.com/v1/ticks/EUR-USD/2017/4/28/16,898b0523eaf6d153e50a70320d3ef342870e90b3a631b0c60a3d05a67a727e5d,69796
2017-04-01,GBP,2017-04-28T16:00:00+00:00,2017-04-28T16:59:59.310000+00:00,https://jetta.dukascopy.com/v1/ticks/GBP-USD/2017/4/28/16,17f3ceed68451c207c9a41f7364789add53065068a454bff339b9e3a548c2aa1,108124
2017-04-01,JPY,2017-04-28T16:00:00+00:00,2017-04-28T16:59:48.425000+00:00,https://jetta.dukascopy.com/v1/ticks/USD-JPY/2017/4/28/16,2c31ddf71a1c7056d8811b48656ea0e6571f7b9c870b7826280720f2aee50f57,82838
2017-04-01,NOK,2017-04-28T16:00:00+00:00,2017-04-28T16:59:59.968000+00:00,https://jetta.dukascopy.com/v1/ticks/USD-NOK/2017/4/28/16,fdcb3a886809f6479317bf6380a39288eb7c84692590835c2d7255a5aeaea61f,109653
2017-04-01,NZD,2017-04-28T16:00:00+00:00,2017-04-28T16:59:49.393000+00:00,https://jetta.dukascopy.com/v1/ticks/NZD-USD/2017/4/28/16,f8c4d3bc331ad4a9f9a483970222628fc6218c5d9e2aa324f58bc619f1931ddd,50290
2017-04-01,SEK,2017-04-28T16:00:00+00:00,2017-04-28T16:59:59.924000+00:00,https://jetta.dukascopy.com/v1/ticks/USD-SEK/2017/4/28/16,ba599a2ea4c166f3d862985bd1efb98a3e3490d50cdf5020a0be5ad48cb9e79e,111845
2017-05-01,AUD,2017-05-31T16:00:00+00:00,2017-05-31T16:59:29.177000+00:00,https://jetta.dukascopy.com/v1/ticks/AUD-USD/2017/5/31/16,2b7dbfa646024f5f23e85a0aa49b1c726a6c24533cef6c7cac8276fdb9967bdd,53642
2017-05-01,CAD,2017-05-31T16:00:00+00:00,2017-05-31T16:59:58.943000+00:00,https://jetta.dukascopy.com/v1/ticks/USD-CAD/2017/5/31/16,24361ea81cb334f413c4e7493fc7d49d259fb5b1f4e9d315997036cbaac9ca90,89511
2017-05-01,CHF,2017-05-31T16:00:00+00:00,2017-05-31T16:59:59.103000+00:00,https://jetta.dukascopy.com/v1/ticks/USD-CHF/2017/5/31/16,097c819933feee9f0bd81d2d70e7b391f8573de6cc05117d5705ed87c5b6fe18,70467
2017-05-01,EUR,2017-05-31T16:00:00+00:00,2017-05-31T16:59:59.690000+00:00,https://jetta.dukascopy.com/v1/ticks/EUR-USD/2017/5/31/16,a419553bd2df6fb22c1ae1eadc002db86283ba5c67900c1adba37628566b8b8b,94545
2017-05-01,GBP,2017-05-31T16:00:00+00:00,2017-05-31T16:59:59.670000+00:00,https://jetta.dukascopy.com/v1/ticks/GBP-USD/2017/5/31/16,243ef81263494acd6b0e2c9f2dbfd8a4b2a3a99729bf98ed0cd330cac6c54ab5,113816
2017-05-01,JPY,2017-05-31T16:00:00+00:00,2017-05-31T16:59:59.477000+00:00,https://jetta.dukascopy.com/v1/ticks/USD-JPY/2017/5/31/16,2172b322b79da7eb7c56ddf7830a2f418835a82d623414119b05b466be7368b9,99551
2017-05-01,NOK,2017-05-31T16:00:00+00:00,2017-05-31T16:59:59.960000+00:00,https://jetta.dukascopy.com/v1/ticks/USD-NOK/2017/5/31/16,a87c8d5edfcd598f0e185a9007488145bb9da1b60ac9dc7273461b7238b25953,132578
2017-05-01,NZD,2017-05-31T16:00:00+00:00,2017-05-31T16:59:53.437000+00:00,https://jetta.dukascopy.com/v1/ticks/NZD-USD/2017/5/31/16,28999a76cc3a291977d95918b1a8913d58ac6e01b66bccc471988a21e8f7cb45,45768
2017-05-01,SEK,2017-05-31T16:00:00+00:00,2017-05-31T16:59:59.948000+00:00,https://jetta.dukascopy.com/v1/ticks/USD-SEK/2017/5/31/16,a874112d78c4471421435e9ae2da1f20a90bbd17aaff9797052b2fe7ace7334c,156518
2017-06-01,AUD,2017-06-30T16:00:00+00:00,2017-06-30T16:59:58.059000+00:00,https://jetta.dukascopy.com/v1/ticks/AUD-USD/2017/6/30/16,cf4974ca4621e4478618364d14cecc784645a8d6e91965523e423f0c5194dad8,66908
2017-06-01,CAD,2017-06-30T16:00:00+00:00,2017-06-30T16:59:59.797000+00:00,https://jetta.dukascopy.com/v1/ticks/USD-CAD/2017/6/30/16,f39ccb4e46cffc7ae18c99e1e945655ff52086e7f9789840696f55bfb02b972b,92564
2017-06-01,CHF,2017-06-30T16:00:00+00:00,2017-06-30T16:59:59.861000+00:00,https://jetta.dukascopy.com/v1/ticks/USD-CHF/2017/6/30/16,e3092e221a89a7d15e3f7e79eb97a27bca2bf144f2cce1794539adb44534c3e5,58587
2017-06-01,EUR,2017-06-30T16:00:00+00:00,2017-06-30T16:59:59.700000+00:00,https://jetta.dukascopy.com/v1/ticks/EUR-USD/2017/6/30/16,aca596cee7a350451857c34a958cb6ef22e59495284e81fd970ca989726d8ab3,97869
2017-06-01,GBP,2017-06-30T16:00:00+00:00,2017-06-30T16:59:58.661000+00:00,https://jetta.dukascopy.com/v1/ticks/GBP-USD/2017/6/30/16,cc7f13bb2905f93619848e04c495b67222270760031dfa727f6407cec2530a1d,89326
2017-06-01,JPY,2017-06-30T16:00:00+00:00,2017-06-30T16:59:56.434000+00:00,https://jetta.dukascopy.com/v1/ticks/USD-JPY/2017/6/30/16,84b756427e87fe401894fee2da46f792aaf75b3e6dab211c26848d9b8526b479,83570
2017-06-01,NOK,2017-06-30T16:00:00+00:00,2017-06-30T16:59:59.968000+00:00,https://jetta.dukascopy.com/v1/ticks/USD-NOK/2017/6/30/16,c1b45ae745a62b2138c7249db7311beaa971e031eb580d554fc493fc3e27b2c9,115501
2017-06-01,NZD,2017-06-30T16:00:00+00:00,2017-06-30T16:59:54.138000+00:00,https://jetta.dukascopy.com/v1/ticks/NZD-USD/2017/6/30/16,657e9db8ce0cfa1c09d3e310be0b357b87034742478bbaf4445f403de1d91d3f,29984
2017-06-01,SEK,2017-06-30T16:00:00+00:00,2017-06-30T16:59:59.511000+00:00,https://jetta.dukascopy.com/v1/ticks/USD-SEK/2017/6/30/16,7541a3d8dfb361beb380cc92ef324d9b436d7804c2c254d013157984f1f66d95,106372
2017-07-01,AUD,2017-07-31T16:00:00+00:00,2017-07-31T16:59:59.462000+00:00,https://jetta.dukascopy.com/v1/ticks/AUD-USD/2017/7/31/16,de2ad19fa5542c2d82222f22050cb182887a70f67e6db77335c75542aff8cd70,75120
2017-07-01,CAD,2017-07-31T16:00:00+00:00,2017-07-31T16:59:59.419000+00:00,https://jetta.dukascopy.com/v1/ticks/USD-CAD/2017/7/31/16,c8a7045c0896b58b37107bb68c245807bd5a04dc64dfafbea0cf9996b9d3ad54,109561
2017-07-01,CHF,2017-07-31T16:00:00+00:00,2017-07-31T16:59:59.523000+00:00,https://jetta.dukascopy.com/v1/ticks/USD-CHF/2017/7/31/16,94e127c0311468a93b014c9839adab97f81dd20924c1d7628f3a0b725799f55c,124013
2017-07-01,EUR,2017-07-31T16:00:00+00:00,2017-07-31T16:59:59.528000+00:00,https://jetta.dukascopy.com/v1/ticks/EUR-USD/2017/7/31/16,9a791717ba80e06cf1247a72ee73b1781e9f755b808d9a9190ae304050ff40cd,158679
2017-07-01,GBP,2017-07-31T16:00:00+00:00,2017-07-31T16:59:59.669000+00:00,https://jetta.dukascopy.com/v1/ticks/GBP-USD/2017/7/31/16,275aa3cb2be57e037493e899c120a7423f25ba5f76faf2b360c2cc6055368770,125610
2017-07-01,JPY,2017-07-31T16:00:00+00:00,2017-07-31T16:59:59.923000+00:00,https://jetta.dukascopy.com/v1/ticks/USD-JPY/2017/7/31/16,bf8ca1bfe7b755bcfd8ef4920dcb51d9eae6889f08ad94d30778ac3e9313af98,98779
2017-07-01,NOK,2017-07-31T16:00:00+00:00,2017-07-31T16:59:59.669000+00:00,https://jetta.dukascopy.com/v1/ticks/USD-NOK/2017/7/31/16,32be35a1e8edacfb2794979de0ad5bac21b0b9c24394625a62e2e0f9c5f9ac68,184124
2017-07-01,NZD,2017-07-31T16:00:00+00:00,2017-07-31T16:59:56.016000+00:00,https://jetta.dukascopy.com/v1/ticks/NZD-USD/2017/7/31/16,96759bd5b0713d487e62e6db8dd35cb361bbf41e28fb70a6e4bb8a12f84ff195,54358
2017-07-01,SEK,2017-07-31T16:00:00+00:00,2017-07-31T16:59:59.959000+00:00,https://jetta.dukascopy.com/v1/ticks/USD-SEK/2017/7/31/16,b0599be48a1799f07df86c411ce49dcbf0ac15a9f15453276ee450aba953a68c,228005
2017-08-01,AUD,2017-08-31T16:00:00+00:00,2017-08-31T16:59:59.805000+00:00,https://jetta.dukascopy.com/v1/ticks/AUD-USD/2017/8/31/16,0b52117fcf1a2ebf44addd389cb9fcd14ff69e69fa95ae6f4ae350e4641d189f,88460
2017-08-01,CAD,2017-08-31T16:00:00+00:00,2017-08-31T16:59:59.981000+00:00,https://jetta.dukascopy.com/v1/ticks/USD-CAD/2017/8/31/16,ca70102c9338848c6456cf453e709326c361dd057fc9a9a829facb1e6ff5171b,131629
2017-08-01,CHF,2017-08-31T16:00:00+00:00,2017-08-31T16:59:59.077000+00:00,https://jetta.dukascopy.com/v1/ticks/USD-CHF/2017/8/31/16,64a820fc50fef19ec63b62fb5472bc6128509ef5f65974b4ec482e63f5f4dffa,98537
2017-08-01,EUR,2017-08-31T16:00:00+00:00,2017-08-31T16:59:58.168000+00:00,https://jetta.dukascopy.com/v1/ticks/EUR-USD/2017/8/31/16,e3624adfacb96f8cc2c613d3217b8042dcc169e96649d424ae324a781d397412,136340
2017-08-01,GBP,2017-08-31T16:00:00+00:00,2017-08-31T16:59:59.249000+00:00,https://jetta.dukascopy.com/v1/ticks/GBP-USD/2017/8/31/16,708492010a6f990c543abb7b61ebf040ed460dae7572a35437cc1e33888e4530,102104
2017-08-01,JPY,2017-08-31T16:00:00+00:00,2017-08-31T16:59:55.592000+00:00,https://jetta.dukascopy.com/v1/ticks/USD-JPY/2017/8/31/16,b8fd88e0fed31f6f63784ec67948000857cf984cc9b87e3606aac0d0d3a59d10,95696
2017-08-01,NOK,2017-08-31T16:00:00+00:00,2017-08-31T16:59:58.592000+00:00,https://jetta.dukascopy.com/v1/ticks/USD-NOK/2017/8/31/16,905897fef7bb53fb8ccf9d66e23d3ef724fde0e7941415d91e2f0c9de1297fce,144608
2017-08-01,NZD,2017-08-31T16:00:00+00:00,2017-08-31T16:59:59.328000+00:00,https://jetta.dukascopy.com/v1/ticks/NZD-USD/2017/8/31/16,dcbddd9a31d323f7eecdd06058c1cbdd8340100081f6ad694c95c3738ca27e5e,106643
2017-08-01,SEK,2017-08-31T16:00:00+00:00,2017-08-31T16:59:59.062000+00:00,https://jetta.dukascopy.com/v1/ticks/USD-SEK/2017/8/31/16,0f0049fccfcaf7ad3ba2c167d387dbb957df92ef705d1ae97a597a30343bd465,131338
2017-09-01,AUD,2017-09-29T16:00:00+00:00,2017-09-29T16:59:59.385000+00:00,https://jetta.dukascopy.com/v1/ticks/AUD-USD/2017/9/29/16,1079d1c4c0bf290a8cfc2fba10a6f2bdeb474addf5bf77822cd06ad8217848e3,68765
2017-09-01,CAD,2017-09-29T16:00:00+00:00,2017-09-29T16:59:59.800000+00:00,https://jetta.dukascopy.com/v1/ticks/USD-CAD/2017/9/29/16,f1de5645a66cb3d0369dd8857fc1147617766a39f0223e057a4b20a1112a0d9c,128341
2017-09-01,CHF,2017-09-29T16:00:00+00:00,2017-09-29T16:59:59.182000+00:00,https://jetta.dukascopy.com/v1/ticks/USD-CHF/2017/9/29/16,347be4a3795a7c18b333d2d3624cc94080f09168c3b756a2175a69396e241021,78530
2017-09-01,EUR,2017-09-29T16:00:00+00:00,2017-09-29T16:59:59.744000+00:00,https://jetta.dukascopy.com/v1/ticks/EUR-USD/2017/9/29/16,ef5b44d88c11750b457938236fccf58bae46a007d7157381f987804377b201d3,113596
2017-09-01,GBP,2017-09-29T16:00:00+00:00,2017-09-29T16:59:59.705000+00:00,https://jetta.dukascopy.com/v1/ticks/GBP-USD/2017/9/29/16,95ea86dbf78162c59746801e69cdea17c19950550091b651a1b181d7ee73e4d8,82989
2017-09-01,JPY,2017-09-29T16:00:00+00:00,2017-09-29T16:59:59.550000+00:00,https://jetta.dukascopy.com/v1/ticks/USD-JPY/2017/9/29/16,ea9f186663fadf982c317603c6f6428e0d2dfd1ca860c585c3df62fed2c47cf9,90172
2017-09-01,NOK,2017-09-29T16:00:00+00:00,2017-09-29T16:59:59.411000+00:00,https://jetta.dukascopy.com/v1/ticks/USD-NOK/2017/9/29/16,23c9119bc16b0f80710e05b1df53cc8c5eddd3bac5ff6fbf7a57a58b5d4665c2,123458
2017-09-01,NZD,2017-09-29T16:00:00+00:00,2017-09-29T16:59:58.018000+00:00,https://jetta.dukascopy.com/v1/ticks/NZD-USD/2017/9/29/16,7859e7d659a6b9de856e7122000c6e096fb697537418813e78a28052dd643f86,69621
2017-09-01,SEK,2017-09-29T16:00:00+00:00,2017-09-29T16:59:59.672000+00:00,https://jetta.dukascopy.com/v1/ticks/USD-SEK/2017/9/29/16,4a48b7af95eae07c06866b9c1bfaad22d5dfeb4dfde7f9b812e7b56842de43fa,145987
2017-10-01,AUD,2017-10-31T16:00:00+00:00,2017-10-31T16:59:58.419000+00:00,https://jetta.dukascopy.com/v1/ticks/AUD-USD/2017/10/31/16,fa85015a237c35c0a80003b5b4821eb63d8c668de49cfc0cd941e302bf653cb2,80616
2017-10-01,CAD,2017-10-31T16:00:00+00:00,2017-10-31T16:59:59.866000+00:00,https://jetta.dukascopy.com/v1/ticks/USD-CAD/2017/10/31/16,467e0d270a88dc231d21a341eb7e45ca6af0cd168a2307f6883866856d3b2dd4,114287
2017-10-01,CHF,2017-10-31T16:00:00+00:00,2017-10-31T16:59:56.766000+00:00,https://jetta.dukascopy.com/v1/ticks/USD-CHF/2017/10/31/16,683bb8534edb3b1cf91d2e109313476954919640bd988ebc9f89a5e6a04f6df8,105004
2017-10-01,EUR,2017-10-31T16:00:00+00:00,2017-10-31T16:59:58.650000+00:00,https://jetta.dukascopy.com/v1/ticks/EUR-USD/2017/10/31/16,875ecc1d5536d0f497deb8a45f36456b885bdf168fefe1d9d19ed4682ef1768c,128252
2017-10-01,GBP,2017-10-31T16:00:00+00:00,2017-10-31T16:59:59.890000+00:00,https://jetta.dukascopy.com/v1/ticks/GBP-USD/2017/10/31/16,dcb786c4a4644eb6ed4cd1cfca71264c0588b3c49c25b76b36c6958394b8cfa7,138888
2017-10-01,JPY,2017-10-31T16:00:00+00:00,2017-10-31T16:59:57.338000+00:00,https://jetta.dukascopy.com/v1/ticks/USD-JPY/2017/10/31/16,0187cca91985582668f996695b213b0db4ea186ad012174ddeb964571561e3dd,106921
2017-10-01,NOK,2017-10-31T16:00:00+00:00,2017-10-31T16:59:58.002000+00:00,https://jetta.dukascopy.com/v1/ticks/USD-NOK/2017/10/31/16,7568da5d418472ec4c0422d2eb19b20bfdbe8831689cab6ae9f97816966e6316,174970
2017-10-01,NZD,2017-10-31T16:00:00+00:00,2017-10-31T16:59:59.649000+00:00,https://jetta.dukascopy.com/v1/ticks/NZD-USD/2017/10/31/16,c250db4c50695177bd8cfadc806175a6c33fdc278c3672f6796ae76229bd75f4,83393
2017-10-01,SEK,2017-10-31T16:00:00+00:00,2017-10-31T16:59:58.798000+00:00,https://jetta.dukascopy.com/v1/ticks/USD-SEK/2017/10/31/16,872bb64848f5cc56e9af8fa2aff5a0ad4070e55f60ead778aa433a5e6ed3e9b9,170531
2017-11-01,AUD,2017-11-30T16:00:00+00:00,2017-11-30T16:59:58.323000+00:00,https://jetta.dukascopy.com/v1/ticks/AUD-USD/2017/11/30/16,c3253d097ac5f7a2a19f6e4833c7aecd4761caa907372eea8e653c7c9703600d,110791
2017-11-01,CAD,2017-11-30T16:00:00+00:00,2017-11-30T16:59:58.938000+00:00,https://jetta.dukascopy.com/v1/ticks/USD-CAD/2017/11/30/16,e2a3c276399732b6e4594fb51af32b06afec776f076d3676ea87ae8e33d1520e,165790
2017-11-01,CHF,2017-11-30T16:00:00+00:00,2017-11-30T16:59:59.345000+00:00,https://jetta.dukascopy.com/v1/ticks/USD-CHF/2017/11/30/16,867ee7a0cfe1d64ebb96d976c10f9a55de851690cbea8b4e0b5a9d0aaf51ec2c,128051
2017-11-01,EUR,2017-11-30T16:00:00+00:00,2017-11-30T16:59:59.344000+00:00,https://jetta.dukascopy.com/v1/ticks/EUR-USD/2017/11/30/16,c444275dc74f24eb70841aeda49c1181cd343cc0e62561f71e340eb19e347c00,186039
2017-11-01,GBP,2017-11-30T16:00:00+00:00,2017-11-30T16:59:59.730000+00:00,https://jetta.dukascopy.com/v1/ticks/GBP-USD/2017/11/30/16,b9cbcd24ddfe4f399bdaa6b9a82d0a5de03455423e68c10ed16405f6afd085c6,203507
2017-11-01,JPY,2017-11-30T16:00:00+00:00,2017-11-30T16:59:59.909000+00:00,https://jetta.dukascopy.com/v1/ticks/USD-JPY/2017/11/30/16,5ab2de5e66badabe211fb93a3bd5fd38397e2eb3fd57288974257209817c8526,172322
2017-11-01,NOK,2017-11-30T16:00:00+00:00,2017-11-30T16:59:58.862000+00:00,https://jetta.dukascopy.com/v1/ticks/USD-NOK/2017/11/30/16,a46bb430e13bb0ec03d6e29ef5b78aa54712645654a62810285b2aab69ffa300,170600
2017-11-01,NZD,2017-11-30T16:00:00+00:00,2017-11-30T16:59:54.337000+00:00,https://jetta.dukascopy.com/v1/ticks/NZD-USD/2017/11/30/16,df10c74519459639f9ac48f48d7c186fd0a004085cae67b4a49b37d3ac2d30e6,114239
2017-11-01,SEK,2017-11-30T16:00:00+00:00,2017-11-30T16:59:58.918000+00:00,https://jetta.dukascopy.com/v1/ticks/USD-SEK/2017/11/30/16,ac178131138e8fd67d58f4e7d2a241d3fb250413be8cc50d361eb7463c3d677c,283969
2017-12-01,AUD,2017-12-29T16:00:00+00:00,2017-12-29T16:59:57.089000+00:00,https://jetta.dukascopy.com/v1/ticks/AUD-USD/2017/12/29/16,1c98ffe8eff3b3602a30d6542492d55aa860b164a05956266e6ca92bbb34b30f,78055
2017-12-01,CAD,2017-12-29T16:00:00+00:00,2017-12-29T16:59:59.953000+00:00,https://jetta.dukascopy.com/v1/ticks/USD-CAD/2017/12/29/16,23716097d8f9781df02cabb17d05a300d53649220bc36f21dd7a8fd7865c9113,153164
2017-12-01,CHF,2017-12-29T16:00:00+00:00,2017-12-29T16:59:59.336000+00:00,https://jetta.dukascopy.com/v1/ticks/USD-CHF/2017/12/29/16,7d106f87723cb78a9065c2ff1ee7ec51383cd51aa4cca7f2318b569f48795016,118392
2017-12-01,EUR,2017-12-29T16:00:00+00:00,2017-12-29T16:59:59.800000+00:00,https://jetta.dukascopy.com/v1/ticks/EUR-USD/2017/12/29/16,b1a10a15c3316f7a164ec2818e863c1b7f947669ac4b260d79dace0073d51414,137239
2017-12-01,GBP,2017-12-29T16:00:00+00:00,2017-12-29T16:59:59.850000+00:00,https://jetta.dukascopy.com/v1/ticks/GBP-USD/2017/12/29/16,2bd6260a9506830d28bc9810d45d0710bf9be90c4fcef0acbd7438222c608fb8,186027
2017-12-01,JPY,2017-12-29T16:00:00+00:00,2017-12-29T16:59:58.433000+00:00,https://jetta.dukascopy.com/v1/ticks/USD-JPY/2017/12/29/16,f1b4041af9e826d730c014c2ca85a625ccd3cca70e17762f4d17a133d8a705ba,98551
2017-12-01,NOK,2017-12-29T16:00:00+00:00,2017-12-29T16:59:59.947000+00:00,https://jetta.dukascopy.com/v1/ticks/USD-NOK/2017/12/29/16,81e6a2a0994b63919502d52fdbafec58393cd5014176e7b4fc95aab4db0fa717,152618
2017-12-01,NZD,2017-12-29T16:00:00+00:00,2017-12-29T16:59:59.807000+00:00,https://jetta.dukascopy.com/v1/ticks/NZD-USD/2017/12/29/16,5e61a85e5a96bbc5af0c7fff8abcf9af60f13d8ed53258b7591dcfab2ac57902,99219
2017-12-01,SEK,2017-12-29T16:00:00+00:00,2017-12-29T16:59:59.847000+00:00,https://jetta.dukascopy.com/v1/ticks/USD-SEK/2017/12/29/16,1717eb2069bb021955cddf8d07d974da4e82a788cadd74e4941ab194aac71b69,192384
2018-01-01,AUD,2018-01-31T16:00:00+00:00,2018-01-31T16:59:59.920000+00:00,https://jetta.dukascopy.com/v1/ticks/AUD-USD/2018/1/31/16,175969d7551fcb81a3f3734063cc89da132ad4a894398a580bd026050676cd7d,135304
2018-01-01,CAD,2018-01-31T16:00:00+00:00,2018-01-31T16:59:59.820000+00:00,https://jetta.dukascopy.com/v1/ticks/USD-CAD/2018/1/31/16,54a5c963f162e581f617716999ae0680520d7d479c3a6c5fab554b2d6c8875c1,176627
2018-01-01,CHF,2018-01-31T16:00:00+00:00,2018-01-31T16:59:59.512000+00:00,https://jetta.dukascopy.com/v1/ticks/USD-CHF/2018/1/31/16,7bbd3b9d4e52b56379b3a998be7e78cd22c40574b527fab8cf661c87b15e6fb2,159550
2018-01-01,EUR,2018-01-31T16:00:00+00:00,2018-01-31T16:59:59.921000+00:00,https://jetta.dukascopy.com/v1/ticks/EUR-USD/2018/1/31/16,059975de9b804170990338ba04a6affa7d1a0ef823776e0a54854bc7b5aed012,218672
2018-01-01,GBP,2018-01-31T16:00:00+00:00,2018-01-31T16:59:59.673000+00:00,https://jetta.dukascopy.com/v1/ticks/GBP-USD/2018/1/31/16,dc426733148861a879c51e70fd5efac66603bfa434ff7ce4f47443ddca90131c,256778
2018-01-01,JPY,2018-01-31T16:00:00+00:00,2018-01-31T16:59:59.916000+00:00,https://jetta.dukascopy.com/v1/ticks/USD-JPY/2018/1/31/16,3aa6be8e67303f7406a3bca839210e355e5435eeadf3e0b14373a63fecb1bf15,162031
2018-01-01,NOK,2018-01-31T16:00:00+00:00,2018-01-31T16:59:59.657000+00:00,https://jetta.dukascopy.com/v1/ticks/USD-NOK/2018/1/31/16,5c11c972e1433ecb1f2c644499e45701fd8a31c6d55839acd86ed3acd5a14c1c,257667
2018-01-01,NZD,2018-01-31T16:00:00+00:00,2018-01-31T16:59:59.920000+00:00,https://jetta.dukascopy.com/v1/ticks/NZD-USD/2018/1/31/16,91da46beed130ca965f07f7062bfc95dd70258004bbd387be2202c064b05b0c7,146460
2018-01-01,SEK,2018-01-31T16:00:00+00:00,2018-01-31T16:59:59.909000+00:00,https://jetta.dukascopy.com/v1/ticks/USD-SEK/2018/1/31/16,e3e1ee0d55cafc649ac70eedae83fca1e86e2ce3b35c2e6cf5078cf8f8ba80f8,292524
2018-02-01,AUD,2018-02-28T16:00:00+00:00,2018-02-28T16:59:58.799000+00:00,https://jetta.dukascopy.com/v1/ticks/AUD-USD/2018/2/28/16,fc9db94657c012e781c78b5167e213567e041df4ac47024d9e8949941a5613d9,132337
2018-02-01,CAD,2018-02-28T16:00:00+00:00,2018-02-28T16:59:58.019000+00:00,https://jetta.dukascopy.com/v1/ticks/USD-CAD/2018/2/28/16,3aebee14feb4c8ff08472491c75e6524fbbcaec10a360243443569033436bbc9,167331
2018-02-01,CHF,2018-02-28T16:00:00+00:00,2018-02-28T16:59:59.133000+00:00,https://jetta.dukascopy.com/v1/ticks/USD-CHF/2018/2/28/16,b3defd5155ca7036b402ceaee0146c5e71ae6d9d25cd29ddd4c360e109ae6e83,129823
2018-02-01,EUR,2018-02-28T16:00:00+00:00,2018-02-28T16:59:59.378000+00:00,https://jetta.dukascopy.com/v1/ticks/EUR-USD/2018/2/28/16,5b45aa5e4705dcb18aecbd5773ad330c9ccfd094e09e2ff52e2f5b3c6c5b633b,182784
2018-02-01,GBP,2018-02-28T16:00:00+00:00,2018-02-28T16:59:59.106000+00:00,https://jetta.dukascopy.com/v1/ticks/GBP-USD/2018/2/28/16,a9597b93005e6521bce1336ca2ee5250003a65877532715e99a50d32826ddd86,203575
2018-02-01,JPY,2018-02-28T16:00:00+00:00,2018-02-28T16:59:58.915000+00:00,https://jetta.dukascopy.com/v1/ticks/USD-JPY/2018/2/28/16,4f1e9e9c256bd9a43aeaa1d475f7990bc6ffbf434c34f117ea91880a22f40e10,152259
2018-02-01,NOK,2018-02-28T16:00:00+00:00,2018-02-28T16:59:59.119000+00:00,https://jetta.dukascopy.com/v1/ticks/USD-NOK/2018/2/28/16,9f36d933b268ba3f64a20eb06b5f110c0414cbc3c6e9d3b168c00d0074b44760,150770
2018-02-01,NZD,2018-02-28T16:00:00+00:00,2018-02-28T16:59:59.448000+00:00,https://jetta.dukascopy.com/v1/ticks/NZD-USD/2018/2/28/16,791dd49b2247a229debb793ae40418c598e108b29fd3df9b41294e22abc928af,125309
2018-02-01,SEK,2018-02-28T16:00:00+00:00,2018-02-28T16:59:57.923000+00:00,https://jetta.dukascopy.com/v1/ticks/USD-SEK/2018/2/28/16,c38c2230e89bf45eee3c0a0a6c4deccdfe2ef60009a6341ec1defb5add3469bd,295051
2018-03-01,AUD,2018-03-30T16:00:00+00:00,2018-03-30T16:59:59.383000+00:00,https://jetta.dukascopy.com/v1/ticks/AUD-USD/2018/3/30/16,56553f5c361ec690fec4bffa275d51be5b869e3cd7e2662117a1bf1b1d0bf663,217166
2018-03-01,CAD,2018-03-30T16:00:00+00:00,2018-03-30T16:59:58.593000+00:00,https://jetta.dukascopy.com/v1/ticks/USD-CAD/2018/3/30/16,85538a71d079ff110ac52322a2211d3434927d7e63e8ad09d5a621ee6f116d51,32764
2018-03-01,CHF,2018-03-30T16:00:00+00:00,2018-03-30T16:59:59.040000+00:00,https://jetta.dukascopy.com/v1/ticks/USD-CHF/2018/3/30/16,1f5314523084a1bc2a997c0678717c6c67f450442d63a5c39cc021b4c7a05c62,102655
2018-03-01,EUR,2018-03-30T16:00:00+00:00,2018-03-30T16:59:59.350000+00:00,https://jetta.dukascopy.com/v1/ticks/EUR-USD/2018/3/30/16,2216e2ed49880b7ac7d624a5d339c8fd7e7cf5ee1088a23583fee9053dc144b8,47614
2018-03-01,GBP,2018-03-30T16:00:00+00:00,2018-03-30T16:59:59.987000+00:00,https://jetta.dukascopy.com/v1/ticks/GBP-USD/2018/3/30/16,596a9509412c99e7d3f02e46ae25bb2697ab4a326ce6e71aec2fdb6732109199,185612
2018-03-01,JPY,2018-03-30T16:00:00+00:00,2018-03-30T16:59:56.580000+00:00,https://jetta.dukascopy.com/v1/ticks/USD-JPY/2018/3/30/16,4e4d6ad95692584ec00e089ba7e8162fb20734795c76eb477a3a9c16f6e061ac,47526
2018-03-01,NOK,2018-03-30T16:00:00+00:00,2018-03-30T16:59:51.919000+00:00,https://jetta.dukascopy.com/v1/ticks/USD-NOK/2018/3/30/16,4ee397f998c905d5631bc396eb41272709b200f3dbc76b21b79cf4959b27df03,40056
2018-03-01,NZD,2018-03-30T16:00:00+00:00,2018-03-30T16:59:59.995000+00:00,https://jetta.dukascopy.com/v1/ticks/NZD-USD/2018/3/30/16,a9859081c49525910917cf9953304a074f99132ec27551076dbd47e7ac8e93ad,211375
2018-03-01,SEK,2018-03-30T16:00:00+00:00,2018-03-30T16:59:56.812000+00:00,https://jetta.dukascopy.com/v1/ticks/USD-SEK/2018/3/30/16,54fb064bc930ef3fbe3a93e827e34d8e25f33140ac2704ee857dcee829769a4b,51203
2018-04-01,AUD,2018-04-30T16:00:00+00:00,2018-04-30T16:59:59.655000+00:00,https://jetta.dukascopy.com/v1/ticks/AUD-USD/2018/4/30/16,041d7dfe69fb3364869b6a921fa6b50e8893803d9085c73c939d5abc4ef2b423,112174
2018-04-01,CAD,2018-04-30T16:00:00+00:00,2018-04-30T16:59:59.172000+00:00,https://jetta.dukascopy.com/v1/ticks/USD-CAD/2018/4/30/16,90f48a8817fa205905130101943b89b2d33e3a3ffc625810ebd3c68a300cfd1f,113202
2018-04-01,CHF,2018-04-30T16:00:00+00:00,2018-04-30T16:59:59.866000+00:00,https://jetta.dukascopy.com/v1/ticks/USD-CHF/2018/4/30/16,fc341dd756a26a3a59857870bb5ff5db3d8e39445fc15a9217aae27eb11541ac,114000
2018-04-01,EUR,2018-04-30T16:00:00+00:00,2018-04-30T16:59:59.731000+00:00,https://jetta.dukascopy.com/v1/ticks/EUR-USD/2018/4/30/16,9568e7db3b129bfb31df12f969b33d51aae3c235d934f7a4b379c653c9e22dad,186263
2018-04-01,GBP,2018-04-30T16:00:00+00:00,2018-04-30T16:59:59.881000+00:00,https://jetta.dukascopy.com/v1/ticks/GBP-USD/2018/4/30/16,49ad4146aa0706c8a7fe21c7b1ac3a4fad2e91401742d853835a5d3eba312f20,146981
2018-04-01,JPY,2018-04-30T16:00:00+00:00,2018-04-30T16:59:58.576000+00:00,https://jetta.dukascopy.com/v1/ticks/USD-JPY/2018/4/30/16,607edd9ff68b623aca9b2764add9550bffb1234b6ac763cff0bde893b5a2b55e,100879
2018-04-01,NOK,2018-04-30T16:00:00+00:00,2018-04-30T16:59:59.550000+00:00,https://jetta.dukascopy.com/v1/ticks/USD-NOK/2018/4/30/16,a95ff854dd2501c5370ee7706deb0e81795ad72a5d9152962a621aa9f3092abd,143172
2018-04-01,NZD,2018-04-30T16:00:00+00:00,2018-04-30T16:59:58.619000+00:00,https://jetta.dukascopy.com/v1/ticks/NZD-USD/2018/4/30/16,eea765d275a2b10ad2b8907ab837c9c0529aa82641343dcebd58099a5a99cf66,101798
2018-04-01,SEK,2018-04-30T16:00:00+00:00,2018-04-30T16:59:59.797000+00:00,https://jetta.dukascopy.com/v1/ticks/USD-SEK/2018/4/30/16,045c5a8cd9f81ff44a1d8941acc813fc5495fa567d2127c88a42d32ec5f3daba,246507
2018-05-01,AUD,2018-05-31T16:00:00+00:00,2018-05-31T16:59:59.988000+00:00,https://jetta.dukascopy.com/v1/ticks/AUD-USD/2018/5/31/16,2ab458ef2694a9f7bb4d9980de8fdf2e44ac201d650aec99d10f75dbdbfe868b,99150
2018-05-01,CAD,2018-05-31T16:00:00+00:00,2018-05-31T16:59:59.961000+00:00,https://jetta.dukascopy.com/v1/ticks/USD-CAD/2018/5/31/16,8271098301008750774a47b5f00191e8292d67c941569eca780fc736d067de4d,138519
2018-05-01,CHF,2018-05-31T16:00:00+00:00,2018-05-31T16:59:59.191000+00:00,https://jetta.dukascopy.com/v1/ticks/USD-CHF/2018/5/31/16,486236eba0a4bbf4397266c3cc3a75cc5a30b73ace58007d52b0fcee55bed5df,95217
2018-05-01,EUR,2018-05-31T16:00:00+00:00,2018-05-31T16:59:59.586000+00:00,https://jetta.dukascopy.com/v1/ticks/EUR-USD/2018/5/31/16,969072a13982a4096215708bc33d944ca69318c03385e3d2e1dc37cf001ebf87,146284
2018-05-01,GBP,2018-05-31T16:00:00+00:00,2018-05-31T16:59:59.527000+00:00,https://jetta.dukascopy.com/v1/ticks/GBP-USD/2018/5/31/16,afbea90d09ae50b152cf4e216d985580e4bfd76a5ac56f9fab6c881bca462abf,131725
2018-05-01,JPY,2018-05-31T16:00:00+00:00,2018-05-31T16:59:58.557000+00:00,https://jetta.dukascopy.com/v1/ticks/USD-JPY/2018/5/31/16,e7c8c2c2aa77e71039abf7a7f066367955178bf5fee41d86df67dd14dc06b1e6,123431
2018-05-01,NOK,2018-05-31T16:00:00+00:00,2018-05-31T16:59:57.750000+00:00,https://jetta.dukascopy.com/v1/ticks/USD-NOK/2018/5/31/16,6fb3d312b010b7a26d2df9f52082e88ae158189fe92c694d7457909b576806f3,110650
2018-05-01,NZD,2018-05-31T16:00:00+00:00,2018-05-31T16:59:59.528000+00:00,https://jetta.dukascopy.com/v1/ticks/NZD-USD/2018/5/31/16,fbd147047a687cd20595f2c14e7a9262a51cc8c5dbac56f852c3a8db5c1c6b28,101116
2018-05-01,SEK,2018-05-31T16:00:00+00:00,2018-05-31T16:59:59.975000+00:00,https://jetta.dukascopy.com/v1/ticks/USD-SEK/2018/5/31/16,35adf0a3dbe19919f8aedfafecf3d1130a02f9c654e2ad7f2be55103c470a4e7,177624
2018-06-01,AUD,2018-06-29T16:00:00+00:00,2018-06-29T16:59:58.780000+00:00,https://jetta.dukascopy.com/v1/ticks/AUD-USD/2018/6/29/16,f753b326a4255b1dc08856623134aec095ac6fe1bb99296a50ac9a89f606b34f,87351
2018-06-01,CAD,2018-06-29T16:00:00+00:00,2018-06-29T16:59:58.824000+00:00,https://jetta.dukascopy.com/v1/ticks/USD-CAD/2018/6/29/16,250f8656c2b0dde876c3fa22c87b40b9ab994b4f3f4e1820ef45394161bb80da,128794
2018-06-01,CHF,2018-06-29T16:00:00+00:00,2018-06-29T16:59:58.888000+00:00,https://jetta.dukascopy.com/v1/ticks/USD-CHF/2018/6/29/16,2e9e4aef69edbaa4ec2254bec5e2a7de9a1896283ba5794e21c20666a27d9f55,73879
2018-06-01,EUR,2018-06-29T16:00:00+00:00,2018-06-29T16:59:59.258000+00:00,https://jetta.dukascopy.com/v1/ticks/EUR-USD/2018/6/29/16,7acc15ec0c319e5c2377517f9d9afb0f44259983f3da854a54903a2ae437c281,140103
2018-06-01,GBP,2018-06-29T16:00:00+00:00,2018-06-29T16:59:59.793000+00:00,https://jetta.dukascopy.com/v1/ticks/GBP-USD/2018/6/29/16,58012837e9ce8383d1f79608991faf8555734d7869a6edd5b87af840db9fa209,132742
2018-06-01,JPY,2018-06-29T16:00:00+00:00,2018-06-29T16:59:57.555000+00:00,https://jetta.dukascopy.com/v1/ticks/USD-JPY/2018/6/29/16,7959abfdb85242097f13b0aaf9063f16922f8cbe68104ef55de801997a14ba15,73950
2018-06-01,NOK,2018-06-29T16:00:00+00:00,2018-06-29T16:59:59.650000+00:00,https://jetta.dukascopy.com/v1/ticks/USD-NOK/2018/6/29/16,631ce9a27fb27c22ef045d899bd65cba26e9f5fa4a1bb54b197614e0b6e6c0fd,81431
2018-06-01,NZD,2018-06-29T16:00:00+00:00,2018-06-29T16:59:59.518000+00:00,https://jetta.dukascopy.com/v1/ticks/NZD-USD/2018/6/29/16,5f9b047b8a14e1a1b84ba6e0ddf21188d9d3c0afe1c0c08b33e1ed4c69ebc785,65120
2018-06-01,SEK,2018-06-29T16:00:00+00:00,2018-06-29T16:59:59.769000+00:00,https://jetta.dukascopy.com/v1/ticks/USD-SEK/2018/6/29/16,f1f05a72e5f7f4533daccc25df96ffbf38eeabfc5e11192cb00b1379002b0941,186415
2018-07-01,AUD,2018-07-31T16:00:00+00:00,2018-07-31T16:59:56.094000+00:00,https://jetta.dukascopy.com/v1/ticks/AUD-USD/2018/7/31/16,ce19a966644c5cd02288be3f08dfba217e93c6abc8b132e848b08059be8a5482,64765
2018-07-01,CAD,2018-07-31T16:00:00+00:00,2018-07-31T16:59:59.253000+00:00,https://jetta.dukascopy.com/v1/ticks/USD-CAD/2018/7/31/16,84af3cafde97d31fc2f4826cd74d6afe3991d0d74f23025fb62b89ea615ccbf4,112732
2018-07-01,CHF,2018-07-31T16:00:00+00:00,2018-07-31T16:59:55.749000+00:00,https://jetta.dukascopy.com/v1/ticks/USD-CHF/2018/7/31/16,4361d12c1fc429daf7a7c1c54f02ee769dc0986b41c4955404bb913d35f351ec,76128
2018-07-01,EUR,2018-07-31T16:00:00+00:00,2018-07-31T16:59:56.029000+00:00,https://jetta.dukascopy.com/v1/ticks/EUR-USD/2018/7/31/16,5e3650bd429d3d83beb1731f4bd21a4312c6ba7bbeb2a72175ff8204356343ce,125334
2018-07-01,GBP,2018-07-31T16:00:00+00:00,2018-07-31T16:59:59.676000+00:00,https://jetta.dukascopy.com/v1/ticks/GBP-USD/2018/7/31/16,eea909b3a225be8a880055cfa2f13e18b1004d968cd7dd4095e19c87c2968c16,93618
2018-07-01,JPY,2018-07-31T16:00:00+00:00,2018-07-31T16:59:59.647000+00:00,https://jetta.dukascopy.com/v1/ticks/USD-JPY/2018/7/31/16,9f6d436049c0e7bc4d0e8fcc7e8ca84363f02951bb70ed9883d9fe7e757d0d32,73309
2018-07-01,NOK,2018-07-31T16:00:00+00:00,2018-07-31T16:59:55.449000+00:00,https://jetta.dukascopy.com/v1/ticks/USD-NOK/2018/7/31/16,d53c7523c22cb0a9eb5fb60f614db2532f0b5e9ec0f4fb3e49cfa35d25fd4f7b,47821
2018-07-01,NZD,2018-07-31T16:00:00+00:00,2018-07-31T16:59:55.833000+00:00,https://jetta.dukascopy.com/v1/ticks/NZD-USD/2018/7/31/16,5e98ba0c593eac81b61dffaf88ef6fc1c3bb9c1bcfaa4c83d23e03b9bc27ed56,41590
2018-07-01,SEK,2018-07-31T16:00:00+00:00,2018-07-31T16:59:59.979000+00:00,https://jetta.dukascopy.com/v1/ticks/USD-SEK/2018/7/31/16,98d1d3afcaabc2ebc40846e4c185e0ccfbda3a90c20d697197cf8e3629ec7ac2,135627
2018-08-01,AUD,2018-08-31T16:00:00+00:00,2018-08-31T16:59:59.205000+00:00,https://jetta.dukascopy.com/v1/ticks/AUD-USD/2018/8/31/16,9d7143345b73184efdd6f6aa1c0c10fc852064d066c0ae1fdacf73f1f3bb0e86,110892
2018-08-01,CAD,2018-08-31T16:00:00+00:00,2018-08-31T16:59:59.773000+00:00,https://jetta.dukascopy.com/v1/ticks/USD-CAD/2018/8/31/16,f1e6676bbe4250a48ef0d9e2db43b5bf4a5501b1c168943d976e94ca8c004b40,133224
2018-08-01,CHF,2018-08-31T16:00:00+00:00,2018-08-31T16:59:59.748000+00:00,https://jetta.dukascopy.com/v1/ticks/USD-CHF/2018/8/31/16,9256e3669b9c27f43b01a63e4588f09019b30a72dfb439b6a305f4c7cb8beb3a,115763
2018-08-01,EUR,2018-08-31T16:00:00+00:00,2018-08-31T16:59:59.913000+00:00,https://jetta.dukascopy.com/v1/ticks/EUR-USD/2018/8/31/16,4801ff48742d6943185353ed482eccbc8ff6c5ba609b22ef1510750ffc396666,174666
2018-08-01,GBP,2018-08-31T16:00:00+00:00,2018-08-31T16:59:59.635000+00:00,https://jetta.dukascopy.com/v1/ticks/GBP-USD/2018/8/31/16,37c76589f7dd8ccbbde5777f01a2c34f24d279c9f154e5fafcf504b060889d42,150420
2018-08-01,JPY,2018-08-31T16:00:00+00:00,2018-08-31T16:59:59.765000+00:00,https://jetta.dukascopy.com/v1/ticks/USD-JPY/2018/8/31/16,b6a45f0cf23511fac54f0fb36c2da631624ff4e4c5e5d19c5caed13d000445a9,98274
2018-08-01,NOK,2018-08-31T16:00:00+00:00,2018-08-31T16:59:59.965000+00:00,https://jetta.dukascopy.com/v1/ticks/USD-NOK/2018/8/31/16,0c767a2e09933dfc80d8b554fa9d8d44942b7a6380783be1ca724e1512e8b041,129980
2018-08-01,NZD,2018-08-31T16:00:00+00:00,2018-08-31T16:59:59.797000+00:00,https://jetta.dukascopy.com/v1/ticks/NZD-USD/2018/8/31/16,c131c0424943af72f21feab0229c69bba2f0ee33dd9aa8015f3d358acb49dc8c,91403
2018-08-01,SEK,2018-08-31T16:00:00+00:00,2018-08-31T16:59:59.954000+00:00,https://jetta.dukascopy.com/v1/ticks/USD-SEK/2018/8/31/16,f46cb5e3b4f0637b56b34b7f261f7293f9d5a89e8430c8e79281b546859d0f75,227854
2018-09-01,AUD,2018-09-28T16:00:00+00:00,2018-09-28T16:59:58.973000+00:00,https://jetta.dukascopy.com/v1/ticks/AUD-USD/2018/9/28/16,92c14bcb03d2fce78398e76faa4b0674a32849ab5e7a5fa7d32455d875d1bf79,61231
2018-09-01,CAD,2018-09-28T16:00:00+00:00,2018-09-28T16:59:59.072000+00:00,https://jetta.dukascopy.com/v1/ticks/USD-CAD/2018/9/28/16,65b7b2570e286e3d1e4c5c69711a46b443fe077ede72739bddae6224db03af4b,105093
2018-09-01,CHF,2018-09-28T16:00:00+00:00,2018-09-28T16:59:59.590000+00:00,https://jetta.dukascopy.com/v1/ticks/USD-CHF/2018/9/28/16,58e96474e3f37d7f9088717d7830f71b7d444c94b6c0d0b69ee1fb354f2680a1,59365
2018-09-01,EUR,2018-09-28T16:00:00+00:00,2018-09-28T16:59:59.601000+00:00,https://jetta.dukascopy.com/v1/ticks/EUR-USD/2018/9/28/16,a43e53590f39c7576fdac172d46e2ad9ff139f5a90e75732452b7bbd5ca80384,116526
2018-09-01,GBP,2018-09-28T16:00:00+00:00,2018-09-28T16:59:59.969000+00:00,https://jetta.dukascopy.com/v1/ticks/GBP-USD/2018/9/28/16,3142170fe699f3ab58efe5691b3cd685dfb4a043167495ec235aba50d961c289,91640
2018-09-01,JPY,2018-09-28T16:00:00+00:00,2018-09-28T16:59:52.979000+00:00,https://jetta.dukascopy.com/v1/ticks/USD-JPY/2018/9/28/16,c4a7236ad0353e34c3c595f7934fdffe083595bb1e475bd4b5fe17cc36071f8e,48381
2018-09-01,NOK,2018-09-28T16:00:00+00:00,2018-09-28T16:59:59.009000+00:00,https://jetta.dukascopy.com/v1/ticks/USD-NOK/2018/9/28/16,8c4b5188f20fee4100e19979172f4fcbc2f15d59e196ecd9bb39de0a3d63a23c,131813
2018-09-01,NZD,2018-09-28T16:00:00+00:00,2018-09-28T16:59:57.285000+00:00,https://jetta.dukascopy.com/v1/ticks/NZD-USD/2018/9/28/16,9f8119c812a4f26fb8a57d165a58a082d16ebc24f858f281657daee74e70fd1f,38484
2018-09-01,SEK,2018-09-28T16:00:00+00:00,2018-09-28T16:59:59.643000+00:00,https://jetta.dukascopy.com/v1/ticks/USD-SEK/2018/9/28/16,21ab90c43392a87d74d007ef3137875d5378f03729eba08360e319ae53525947,147972
2018-10-01,AUD,2018-10-31T16:00:00+00:00,2018-10-31T16:59:59.731000+00:00,https://jetta.dukascopy.com/v1/ticks/AUD-USD/2018/10/31/16,282c359480041496f4402db0af6d3ac9622b7d99522c799e49c539832e75f987,108676
2018-10-01,CAD,2018-10-31T16:00:00+00:00,2018-10-31T16:59:59.801000+00:00,https://jetta.dukascopy.com/v1/ticks/USD-CAD/2018/10/31/16,5fc53a595b6a6a973c21bdc4155cebd1cc460b66429b2cd9dc41cf5cbf99dea9,139658
2018-10-01,CHF,2018-10-31T16:00:00+00:00,2018-10-31T16:59:56.839000+00:00,https://jetta.dukascopy.com/v1/ticks/USD-CHF/2018/10/31/16,82c21d33763d55de50265efe4e44180b5b9588cd5fde9634082e1c6402013b07,122517
2018-10-01,EUR,2018-10-31T16:00:00+00:00,2018-10-31T16:59:59.978000+00:00,https://jetta.dukascopy.com/v1/ticks/EUR-USD/2018/10/31/16,7d4493cc95a2ebd13aaaa5468b0ca72953aaf5c0d311cb71976b2636a5cdabe8,193216
2018-10-01,GBP,2018-10-31T16:00:00+00:00,2018-10-31T16:59:59.566000+00:00,https://jetta.dukascopy.com/v1/ticks/GBP-USD/2018/10/31/16,ca3571b1b7e1a23d3806ff4d3e68ae63ca4a7c678951498b9e90408d486f530f,219790
2018-10-01,JPY,2018-10-31T16:00:00+00:00,2018-10-31T16:59:59.747000+00:00,https://jetta.dukascopy.com/v1/ticks/USD-JPY/2018/10/31/16,cbd2228f81388f2516788aae72378394918964336b36c90be681568950ef6b87,133013
2018-10-01,NOK,2018-10-31T16:00:00+00:00,2018-10-31T16:59:59.666000+00:00,https://jetta.dukascopy.com/v1/ticks/USD-NOK/2018/10/31/16,e7751e625bc2725845bed0e7bca0394c3980f5ab9b112e66438088a4ab945714,323739
2018-10-01,NZD,2018-10-31T16:00:00+00:00,2018-10-31T16:59:59.758000+00:00,https://jetta.dukascopy.com/v1/ticks/NZD-USD/2018/10/31/16,5bc4de4b35b42e895402e602078160a3fb808de43c8314bed98cd30b7449daa7,70038
2018-10-01,SEK,2018-10-31T16:00:00+00:00,2018-10-31T16:59:59.717000+00:00,https://jetta.dukascopy.com/v1/ticks/USD-SEK/2018/10/31/16,d749a01d1b4d554db7781a6f90393c6ae4b8b5ab645b4802a35b075a518a06f1,333046
2018-11-01,AUD,2018-11-30T16:00:00+00:00,2018-11-30T16:59:56.888000+00:00,https://jetta.dukascopy.com/v1/ticks/AUD-USD/2018/11/30/16,9ad44d91556924213ce9feb578dae68150b2133ba92a219fb8ec75c40b52ffe0,94694
2018-11-01,CAD,2018-11-30T16:00:00+00:00,2018-11-30T16:59:58.176000+00:00,https://jetta.dukascopy.com/v1/ticks/USD-CAD/2018/11/30/16,993580f4b50f24747153942cc739ccbe6efcb9e687a157d22b484e1ba2a05e72,169997
2018-11-01,CHF,2018-11-30T16:00:00+00:00,2018-11-30T16:59:57.738000+00:00,https://jetta.dukascopy.com/v1/ticks/USD-CHF/2018/11/30/16,bd7136fdef6dc1942ac84b4f7253f77ba45de7489e06776cefc5a80cb3865859,98286
2018-11-01,EUR,2018-11-30T16:00:00+00:00,2018-11-30T16:59:58.694000+00:00,https://jetta.dukascopy.com/v1/ticks/EUR-USD/2018/11/30/16,0cccb388c87fce69cdfa1fd2265825fbcc9f4226671077ea69fdc674c213d31a,193360
2018-11-01,GBP,2018-11-30T16:00:00+00:00,2018-11-30T16:59:59.792000+00:00,https://jetta.dukascopy.com/v1/ticks/GBP-USD/2018/11/30/16,f1ddc109b25f7163dcff2d7af5314f556e7e118f45fdf4b971eb511d22316158,226941
2018-11-01,JPY,2018-11-30T16:00:00+00:00,2018-11-30T16:59:58.683000+00:00,https://jetta.dukascopy.com/v1/ticks/USD-JPY/2018/11/30/16,81231936138611f16e77830f8ae1ef9cdcdcc16ac6b01566f26c74f207d7687d,95937
2018-11-01,NOK,2018-11-30T16:00:00+00:00,2018-11-30T16:59:58.817000+00:00,https://jetta.dukascopy.com/v1/ticks/USD-NOK/2018/11/30/16,ecd9a06324d4c288631392797602312c7d88befe9399b7830ecf475cf8b27766,279956
2018-11-01,NZD,2018-11-30T16:00:00+00:00,2018-11-30T16:59:55.132000+00:00,https://jetta.dukascopy.com/v1/ticks/NZD-USD/2018/11/30/16,5ac0fdd145efc6029540cf9222b829646c3f46b1875a4726d29341d0bf4e942a,73954
2018-11-01,SEK,2018-11-30T16:00:00+00:00,2018-11-30T16:59:58.803000+00:00,https://jetta.dukascopy.com/v1/ticks/USD-SEK/2018/11/30/16,09d872dce4dc8dcfcdca7c7c73f91cc3da56871b5bd229c7c2ba714b4f7c16fa,368884
2018-12-01,AUD,2018-12-31T16:00:00+00:00,2018-12-31T16:59:56.173000+00:00,https://jetta.dukascopy.com/v1/ticks/AUD-USD/2018/12/31/16,edc75bec5ffedad61717700974b32b2f65ac90408f4364e118918794dfa28584,139493
2018-12-01,CAD,2018-12-31T16:00:00+00:00,2018-12-31T16:59:59.986000+00:00,https://jetta.dukascopy.com/v1/ticks/USD-CAD/2018/12/31/16,9e6dd27e5fd158c3ec3e2c25c3b870519c5a08e2b075f7f939fac09950047c2a,307642
2018-12-01,CHF,2018-12-31T16:00:00+00:00,2018-12-31T16:59:59.150000+00:00,https://jetta.dukascopy.com/v1/ticks/USD-CHF/2018/12/31/16,fc5fa15e0b783039979815d6affd74a0f89b58a836dae34bbdfb56b0c3b17614,205488
2018-12-01,EUR,2018-12-31T16:00:00+00:00,2018-12-31T16:59:56.460000+00:00,https://jetta.dukascopy.com/v1/ticks/EUR-USD/2018/12/31/16,10a679f3973c86b98e0282b3e20dde0cc895b0664dd9719b591fcc798549e673,349207
2018-12-01,GBP,2018-12-31T16:00:00+00:00,2018-12-31T16:59:59.969000+00:00,https://jetta.dukascopy.com/v1/ticks/GBP-USD/2018/12/31/16,66688e0966af981c83e9d96a02e25977a3b359bc909bb5bea9ca7ebca2e1b436,324470
2018-12-01,JPY,2018-12-31T16:00:00+00:00,2018-12-31T16:59:59.146000+00:00,https://jetta.dukascopy.com/v1/ticks/USD-JPY/2018/12/31/16,e1dddca61b6e27dff0edc5287818a34b47359fa5e9c12207d9b54a697d04c67a,191016
2018-12-01,NOK,2018-12-31T16:00:00+00:00,2018-12-31T16:59:59.426000+00:00,https://jetta.dukascopy.com/v1/ticks/USD-NOK/2018/12/31/16,8809a2c84e9a7b5447471cfc3bfc7bde239d5a946ec06ba7b064290b80ae8f4b,611831
2018-12-01,NZD,2018-12-31T16:00:00+00:00,2018-12-31T16:59:57.150000+00:00,https://jetta.dukascopy.com/v1/ticks/NZD-USD/2018/12/31/16,3947927515a23eb08c9e72ebdbbd82279b2dbad3ef419f063b8096116595fd30,154280
2018-12-01,SEK,2018-12-31T16:00:00+00:00,2018-12-31T16:59:59.841000+00:00,https://jetta.dukascopy.com/v1/ticks/USD-SEK/2018/12/31/16,e7fe9f31a592b6f5a7fa8650fb8b53b1596bbbd86e1a41e2a02017e111de8eb6,573947
2019-01-01,AUD,2019-01-31T16:00:00+00:00,2019-01-31T16:59:56.734000+00:00,https://jetta.dukascopy.com/v1/ticks/AUD-USD/2019/1/31/16,b1c8d2deadae5d91ae00f3a28f8870a6ea03ad1ebee2d3a4f9157913ae466d4e,134242
2019-01-01,CAD,2019-01-31T16:00:00+00:00,2019-01-31T16:59:59.815000+00:00,https://jetta.dukascopy.com/v1/ticks/USD-CAD/2019/1/31/16,947b8cf05735cd3ff782d2e25a2daa78292060f3b8798ef2fed4d2c5b65d2d79,209261
2019-01-01,CHF,2019-01-31T16:00:00+00:00,2019-01-31T16:59:59.795000+00:00,https://jetta.dukascopy.com/v1/ticks/USD-CHF/2019/1/31/16,1caffa6751147b785e33ef9db815835ba137992d9933999d2ef3be0181f1fd81,202486
2019-01-01,EUR,2019-01-31T16:00:00+00:00,2019-01-31T16:59:59.719000+00:00,https://jetta.dukascopy.com/v1/ticks/EUR-USD/2019/1/31/16,7a8868fd894005f3c374f3338c4153cc4538b8e89510df0e222210b6de5b6aff,399153
2019-01-01,GBP,2019-01-31T16:00:00+00:00,2019-01-31T16:59:59.951000+00:00,https://jetta.dukascopy.com/v1/ticks/GBP-USD/2019/1/31/16,554fc8c12e58033e91d7f623c728361a9065bfda4d4fd1c5c35126d33fb1194f,336213
2019-01-01,JPY,2019-01-31T16:00:00+00:00,2019-01-31T16:59:58.988000+00:00,https://jetta.dukascopy.com/v1/ticks/USD-JPY/2019/1/31/16,a8a9eca7bb210c989065a960d893d463b78cd7383f7226a466028f32da7a49ea,155288
2019-01-01,NOK,2019-01-31T16:00:00+00:00,2019-01-31T16:59:59.689000+00:00,https://jetta.dukascopy.com/v1/ticks/USD-NOK/2019/1/31/16,f360dc5afc0371ae5d3e97a4ebd259a91d26d8d346b0b83e2f746f6f7c198a60,452362
2019-01-01,NZD,2019-01-31T16:00:00+00:00,2019-01-31T16:59:57.150000+00:00,https://jetta.dukascopy.com/v1/ticks/NZD-USD/2019/1/31/16,6355c3a31a62a7ec3d3175f652686293d94a88dea7de86ddeed65f4ef5b5ee1e,179052
2019-01-01,SEK,2019-01-31T16:00:00+00:00,2019-01-31T16:59:59.720000+00:00,https://jetta.dukascopy.com/v1/ticks/USD-SEK/2019/1/31/16,929826ef2f89a1ba5838043043bfbf0882b30a33552163664c283fb2e51d001d,481976
2019-02-01,AUD,2019-02-28T16:00:00+00:00,2019-02-28T16:59:56.043000+00:00,https://jetta.dukascopy.com/v1/ticks/AUD-USD/2019/2/28/16,0bbc3bff6ae228cfce261e4d64ac8cbc501d99d89fb184321c4f848519ee1613,141998
2019-02-01,CAD,2019-02-28T16:00:00+00:00,2019-02-28T16:59:58.163000+00:00,https://jetta.dukascopy.com/v1/ticks/USD-CAD/2019/2/28/16,9cf0e904c3b1f57c63226acc6d362ace7a45fb62926f764f023f0fbdd0503181,214578
2019-02-01,CHF,2019-02-28T16:00:00+00:00,2019-02-28T16:59:57.593000+00:00,https://jetta.dukascopy.com/v1/ticks/USD-CHF/2019/2/28/16,5e428b17fbb8961e7e40bcdf15494e0bc316e39428a1e49b264f411c981db6bb,210731
2019-02-01,EUR,2019-02-28T16:00:00+00:00,2019-02-28T16:59:57.757000+00:00,https://jetta.dukascopy.com/v1/ticks/EUR-USD/2019/2/28/16,2bddeb55a481ac72de3d758cd3d607202071eb7357efb8c2ad2d3ce7b7645df2,317978
2019-02-01,GBP,2019-02-28T16:00:00+00:00,2019-02-28T16:59:58.847000+00:00,https://jetta.dukascopy.com/v1/ticks/GBP-USD/2019/2/28/16,a0b75a4c972f5ab024854f702e5aba139d301f04e8272f39c76c89195b9768f7,401147
2019-02-01,JPY,2019-02-28T16:00:00+00:00,2019-02-28T16:59:57.997000+00:00,https://jetta.dukascopy.com/v1/ticks/USD-JPY/2019/2/28/16,ae2dbb85a4c8393e4aea65352f7762cc8b330b179b8c739fb894546f2a3622fc,161810
2019-02-01,NOK,2019-02-28T16:00:00+00:00,2019-02-28T16:59:58.335000+00:00,https://jetta.dukascopy.com/v1/ticks/USD-NOK/2019/2/28/16,435e0d63a1de58b48dfe1440f6b1396b00d74d2af45e920787928b2607ccfc54,326071
2019-02-01,NZD,2019-02-28T16:00:00+00:00,2019-02-28T16:59:54.109000+00:00,https://jetta.dukascopy.com/v1/ticks/NZD-USD/2019/2/28/16,a9fd74c671cb263ead44d8c86cd49d79983414c8bb766dc03380e8558a46b938,154986
2019-02-01,SEK,2019-02-28T16:00:00+00:00,2019-02-28T16:59:58.342000+00:00,https://jetta.dukascopy.com/v1/ticks/USD-SEK/2019/2/28/16,85fc37b88b360d451cc32ec5610ed57dc6956826f2ae593599f111ebf11675ec,337391
2019-03-01,AUD,2019-03-29T16:00:00+00:00,2019-03-29T16:59:59.779000+00:00,https://jetta.dukascopy.com/v1/ticks/AUD-USD/2019/3/29/16,f2d528a20714924e6d3b6439350b0f57b4fc9c6ccec5ed1b4e4d35ed9ee66029,92868
2019-03-01,CAD,2019-03-29T16:00:00+00:00,2019-03-29T16:59:59.983000+00:00,https://jetta.dukascopy.com/v1/ticks/USD-CAD/2019/3/29/16,af0b59ae03c4f744500831f461e838260df9a19c83c53280ba5d00b3dd6dafea,157854
2019-03-01,CHF,2019-03-29T16:00:00+00:00,2019-03-29T16:59:59.556000+00:00,https://jetta.dukascopy.com/v1/ticks/USD-CHF/2019/3/29/16,dc815a35550a9bc3a33637ca76987b2e4a5ccf2e3fcc4eae8cedbee3781341ef,151399
2019-03-01,EUR,2019-03-29T16:00:00+00:00,2019-03-29T16:59:59.880000+00:00,https://jetta.dukascopy.com/v1/ticks/EUR-USD/2019/3/29/16,05fba27fc51bccf88486c73857c5f3c613063b3c784a35ba009a7560a8c276c9,308879
2019-03-01,GBP,2019-03-29T16:00:00+00:00,2019-03-29T16:59:59.929000+00:00,https://jetta.dukascopy.com/v1/ticks/GBP-USD/2019/3/29/16,f55781957ce7e2fe5d22173099cffb80a87976c688f83811ae587cdc3d0998f7,278733
2019-03-01,JPY,2019-03-29T16:00:00+00:00,2019-03-29T16:59:58.864000+00:00,https://jetta.dukascopy.com/v1/ticks/USD-JPY/2019/3/29/16,090c9d20776609d4649fc9b6e9dd94074bd2637d15fddbeae94709b98f8dcaa0,122224
2019-03-01,NOK,2019-03-29T16:00:00+00:00,2019-03-29T16:59:59.778000+00:00,https://jetta.dukascopy.com/v1/ticks/USD-NOK/2019/3/29/16,62260a90cc3dcee60c65c528f13cb537afe7152ae80e8b0ef3b719d11b2472f3,276746
2019-03-01,NZD,2019-03-29T16:00:00+00:00,2019-03-29T16:59:59.779000+00:00,https://jetta.dukascopy.com/v1/ticks/NZD-USD/2019/3/29/16,49991fc1f1ea640b794b95aaefa7e8349d24df05c2cf2a54e73fcc82d5447364,103711
2019-03-01,SEK,2019-03-29T16:00:00+00:00,2019-03-29T16:59:59.828000+00:00,https://jetta.dukascopy.com/v1/ticks/USD-SEK/2019/3/29/16,d8b3a966bc3e59052ada3b3c889399e15f0abe12f28085cc3dd9ec342eb014e6,344709
2019-04-01,AUD,2019-04-30T16:00:00+00:00,2019-04-30T16:59:58.940000+00:00,https://jetta.dukascopy.com/v1/ticks/AUD-USD/2019/4/30/16,03b16becf998196736ff1e5bd80fee5babd4b3160d6a6f412bb087e93efc0ecb,54890
2019-04-01,CAD,2019-04-30T16:00:00+00:00,2019-04-30T16:59:58.655000+00:00,https://jetta.dukascopy.com/v1/ticks/USD-CAD/2019/4/30/16,e2b6f43476521165c94d171dd66027f2cc20877ec68e6e3cf24d31e7a3944271,127063
2019-04-01,CHF,2019-04-30T16:00:00+00:00,2019-04-30T16:59:58.391000+00:00,https://jetta.dukascopy.com/v1/ticks/USD-CHF/2019/4/30/16,2d272325be4127b09d01ef0dda42fb7114a6db8e71e006531ff7c17e3dd88578,55623
2019-04-01,EUR,2019-04-30T16:00:00+00:00,2019-04-30T16:59:59.935000+00:00,https://jetta.dukascopy.com/v1/ticks/EUR-USD/2019/4/30/16,48c315900ca5af9c4b0e3dfbf4441e62795fd4a072d0966840fd7ab58c8346e9,139503
2019-04-01,GBP,2019-04-30T16:00:00+00:00,2019-04-30T16:59:59.260000+00:00,https://jetta.dukascopy.com/v1/ticks/GBP-USD/2019/4/30/16,c270b19a23d6720635c2339518f1b264bef4c86ab80dd6de26aa431d16b8c71e,96835
2019-04-01,JPY,2019-04-30T16:00:00+00:00,2019-04-30T16:59:59.781000+00:00,https://jetta.dukascopy.com/v1/ticks/USD-JPY/2019/4/30/16,557ff01c1af0fede601e05408797367f6b77e7f56e4ab1615580c8f1d8b73f05,56900
2019-04-01,NOK,2019-04-30T16:00:00+00:00,2019-04-30T16:59:59.903000+00:00,https://jetta.dukascopy.com/v1/ticks/USD-NOK/2019/4/30/16,9715681bd97c6255ada55e5bc6304c4f90437d15c642e950c296570ab22e6a94,128431
2019-04-01,NZD,2019-04-30T16:00:00+00:00,2019-04-30T16:59:59.909000+00:00,https://jetta.dukascopy.com/v1/ticks/NZD-USD/2019/4/30/16,d1914e1ffed5d190007999260af2de8b7677991aeeda3d69908f6873c54c3a97,50133
2019-04-01,SEK,2019-04-30T16:00:00+00:00,2019-04-30T16:59:59.899000+00:00,https://jetta.dukascopy.com/v1/ticks/USD-SEK/2019/4/30/16,755ea4628b3c3bec6b92852ef70becf5de9dd0fc0c424d1ed4eab1f16d6a36c4,176849
2019-05-01,AUD,2019-05-31T16:00:00+00:00,2019-05-31T16:59:56.404000+00:00,https://jetta.dukascopy.com/v1/ticks/AUD-USD/2019/5/31/16,2bc471b9a93ab0cfb847cd19a16b5ea1f75ef46fea67f16f8daea328ffcf30d4,88103
2019-05-01,CAD,2019-05-31T16:00:00+00:00,2019-05-31T16:59:59.962000+00:00,https://jetta.dukascopy.com/v1/ticks/USD-CAD/2019/5/31/16,413981ef5baaf793696ed467b904c7fe23f7fb9fee06aa9ecea4630785855d3d,137118
2019-05-01,CHF,2019-05-31T16:00:00+00:00,2019-05-31T16:59:57.082000+00:00,https://jetta.dukascopy.com/v1/ticks/USD-CHF/2019/5/31/16,07743eb687d0b58d112ffe0e6df4a0dc6ea5f8f705b7ce2e90051c40025b388d,108468
2019-05-01,EUR,2019-05-31T16:00:00+00:00,2019-05-31T16:59:58.743000+00:00,https://jetta.dukascopy.com/v1/ticks/EUR-USD/2019/5/31/16,4d1439540d5dde83b4b500859244c5b604f1566d0ca0b06b5d4d835cc326f3f5,152128
2019-05-01,GBP,2019-05-31T16:00:00+00:00,2019-05-31T16:59:58.947000+00:00,https://jetta.dukascopy.com/v1/ticks/GBP-USD/2019/5/31/16,8563c3b841eb63f55b33c00b087ea806db1b10ca7564467f4968108fdee47137,79362
2019-05-01,JPY,2019-05-31T16:00:00+00:00,2019-05-31T16:59:59.842000+00:00,https://jetta.dukascopy.com/v1/ticks/USD-JPY/2019/5/31/16,bf186f11f3d5e830a9e62ac34d764f2aaa369286b17a4dad7aa188abfe4684d0,105928
2019-05-01,NOK,2019-05-31T16:00:00+00:00,2019-05-31T16:59:59.991000+00:00,https://jetta.dukascopy.com/v1/ticks/USD-NOK/2019/5/31/16,fb6f6ab3e2cd446e932184f9fddcb624c9166124e515692414b5235e981371ff,151324
2019-05-01,NZD,2019-05-31T16:00:00+00:00,2019-05-31T16:59:58.555000+00:00,https://jetta.dukascopy.com/v1/ticks/NZD-USD/2019/5/31/16,2d72b9daaf5060128d162c0013decb38d42e227f8d41abeeae369b225c091cda,72285
2019-05-01,SEK,2019-05-31T16:00:00+00:00,2019-05-31T16:59:59.962000+00:00,https://jetta.dukascopy.com/v1/ticks/USD-SEK/2019/5/31/16,9225d290cc404b5176df3bf60b0a84928f486fc798d88867f47f7f7f9c679db2,172959
2019-06-01,AUD,2019-06-28T16:00:00+00:00,2019-06-28T16:59:59.377000+00:00,https://jetta.dukascopy.com/v1/ticks/AUD-USD/2019/6/28/16,b2fa0d0366e1ac6453287d83a4d0e7c05407e4335c3357aa14138c98d1cced3c,55437
2019-06-01,CAD,2019-06-28T16:00:00+00:00,2019-06-28T16:59:59.429000+00:00,https://jetta.dukascopy.com/v1/ticks/USD-CAD/2019/6/28/16,af78eaf5737b615acfb52ef8c107f6a1e1cfa9296df7af5939ae73fedf359849,117559
2019-06-01,CHF,2019-06-28T16:00:00+00:00,2019-06-28T16:59:59.529000+00:00,https://jetta.dukascopy.com/v1/ticks/USD-CHF/2019/6/28/16,0be03d10cf5b54a97abb150f7f2b5a7ca31524adfd58ff6ec8ad6aea758f28e5,70821
2019-06-01,EUR,2019-06-28T16:00:00+00:00,2019-06-28T16:59:59.683000+00:00,https://jetta.dukascopy.com/v1/ticks/EUR-USD/2019/6/28/16,03c7c17f85f13624cf6bd0c850677d6213261c39bc6f314e34f08a21005a0bc4,140522
2019-06-01,GBP,2019-06-28T16:00:00+00:00,2019-06-28T16:59:59.683000+00:00,https://jetta.dukascopy.com/v1/ticks/GBP-USD/2019/6/28/16,a3de5878784f8ab8e5c655b04e91fd439615a36ba5bd1292d4eabc9f44717ede,144865
2019-06-01,JPY,2019-06-28T16:00:00+00:00,2019-06-28T16:59:59.092000+00:00,https://jetta.dukascopy.com/v1/ticks/USD-JPY/2019/6/28/16,afd73d21603f19f4752757a1d0b4c974096bd7a8fe1b708427a9cca4f1f66137,58716
2019-06-01,NOK,2019-06-28T16:00:00+00:00,2019-06-28T16:59:59.681000+00:00,https://jetta.dukascopy.com/v1/ticks/USD-NOK/2019/6/28/16,4c20d744e61a09379b2317ea3fcec311b2249801a94ec4db1e80fe7d379d3f17,160381
2019-06-01,NZD,2019-06-28T16:00:00+00:00,2019-06-28T16:59:54.437000+00:00,https://jetta.dukascopy.com/v1/ticks/NZD-USD/2019/6/28/16,eb4ef121ad01db78aedcf991d24d102247d7cfc1696b1ef1d362664b880c1825,58034
2019-06-01,SEK,2019-06-28T16:00:00+00:00,2019-06-28T16:59:59.683000+00:00,https://jetta.dukascopy.com/v1/ticks/USD-SEK/2019/6/28/16,4d30e75292c9f371e74cf4cb31fab48edd0e1ce1c02e691521531c072a5100b5,140381
2019-07-01,AUD,2019-07-31T16:00:00+00:00,2019-07-31T16:59:52.598000+00:00,https://jetta.dukascopy.com/v1/ticks/AUD-USD/2019/7/31/16,879397c243067b1c830cc0936d2bc51b9845b52698fb011c7cce3a3ee7d2dd64,60996
2019-07-01,CAD,2019-07-31T16:00:00+00:00,2019-07-31T16:59:53.343000+00:00,https://jetta.dukascopy.com/v1/ticks/USD-CAD/2019/7/31/16,5af45cfb80ade74f2a3eeeebb98e88bf7d0a46b94f424536df9d78ed0c113521,124717
2019-07-01,CHF,2019-07-31T16:00:00+00:00,2019-07-31T16:59:59.701000+00:00,https://jetta.dukascopy.com/v1/ticks/USD-CHF/2019/7/31/16,a5231a142fe6ad67c48844f36a8c7d0a30e3406d49e6b743e689425a437e3779,78835
2019-07-01,EUR,2019-07-31T16:00:00+00:00,2019-07-31T16:59:59.976000+00:00,https://jetta.dukascopy.com/v1/ticks/EUR-USD/2019/7/31/16,bcabf5a20f58e0ae7c5f0d804ced5af2227b6340a4baeba1e8ca9022c3793e23,154663
2019-07-01,GBP,2019-07-31T16:00:00+00:00,2019-07-31T16:59:59.569000+00:00,https://jetta.dukascopy.com/v1/ticks/GBP-USD/2019/7/31/16,4845bc818fc5d64bfb0c7fa55083e4b2fb2b450eac87509288aaa5edfe689fee,154291
2019-07-01,JPY,2019-07-31T16:00:00+00:00,2019-07-31T16:59:59.064000+00:00,https://jetta.dukascopy.com/v1/ticks/USD-JPY/2019/7/31/16,ff928dc8739633a96ff0efc3ef700fb7de8376bd14a6381818ae4479abb9b7f9,69966
2019-07-01,NOK,2019-07-31T16:00:00+00:00,2019-07-31T16:59:57.748000+00:00,https://jetta.dukascopy.com/v1/ticks/USD-NOK/2019/7/31/16,893d4d1d85a09e11ff9d166c218252fba8a08e397d84df400f293bbcd9f4d74a,115645
2019-07-01,NZD,2019-07-31T16:00:00+00:00,2019-07-31T16:59:58.134000+00:00,https://jetta.dukascopy.com/v1/ticks/NZD-USD/2019/7/31/16,81c501c4d5b85c55395dc975e23cf6c1d4e1c1d86424ee7ae720d8853f71950b,41660
2019-07-01,SEK,2019-07-31T16:00:00+00:00,2019-07-31T16:59:57.297000+00:00,https://jetta.dukascopy.com/v1/ticks/USD-SEK/2019/7/31/16,194c2b40d0f7586f5d2e59bd13de4f679d35cd069097cb228d7aec6343063ef7,107715
2019-08-01,AUD,2019-08-30T16:00:00+00:00,2019-08-30T16:59:56.751000+00:00,https://jetta.dukascopy.com/v1/ticks/AUD-USD/2019/8/30/16,83dc096686e58c8d76f166fa63e61231ea4251d7731a155832e4d93aa290b508,69964
2019-08-01,CAD,2019-08-30T16:00:00+00:00,2019-08-30T16:59:59.708000+00:00,https://jetta.dukascopy.com/v1/ticks/USD-CAD/2019/8/30/16,abe5a05871651a1c5cb2825077225bfb2aea311b9e57a86abd6ffac715746c65,101992
2019-08-01,CHF,2019-08-30T16:00:00+00:00,2019-08-30T16:59:59.152000+00:00,https://jetta.dukascopy.com/v1/ticks/USD-CHF/2019/8/30/16,695b9479972bcdf8c83c20eaedbd37c3983126034a88a357c579a5214d1a91e6,69454
2019-08-01,EUR,2019-08-30T16:00:00+00:00,2019-08-30T16:59:57.545000+00:00,https://jetta.dukascopy.com/v1/ticks/EUR-USD/2019/8/30/16,be54daf4a79e116ee3127ed61237da6861c032d4dff1a8a0d491e092a2580142,75028
2019-08-01,GBP,2019-08-30T16:00:00+00:00,2019-08-30T16:59:57.820000+00:00,https://jetta.dukascopy.com/v1/ticks/GBP-USD/2019/8/30/16,2a8f2c59c981b8d4d89cada6590b7f5e12dd8cb56718801f1ff030dead779fdf,120777
2019-08-01,JPY,2019-08-30T16:00:00+00:00,2019-08-30T16:59:58.031000+00:00,https://jetta.dukascopy.com/v1/ticks/USD-JPY/2019/8/30/16,e7bc70b8c11e34b56bf28eab7e478f3c8bb20901fb268234ee2356c23d6f89e7,84340
2019-08-01,NOK,2019-08-30T16:00:00+00:00,2019-08-30T16:59:58.940000+00:00,https://jetta.dukascopy.com/v1/ticks/USD-NOK/2019/8/30/16,bc4a5892d942d495c14ae97cc881be2603ef28a98d2080a7447ddb51416fe0c2,145574
2019-08-01,NZD,2019-08-30T16:00:00+00:00,2019-08-30T16:59:53.857000+00:00,https://jetta.dukascopy.com/v1/ticks/NZD-USD/2019/8/30/16,7dcc571950acb52808d7fbb8db2b651792840c576b54135fc62e78922871f9a3,52295
2019-08-01,SEK,2019-08-30T16:00:00+00:00,2019-08-30T16:59:59.257000+00:00,https://jetta.dukascopy.com/v1/ticks/USD-SEK/2019/8/30/16,4b9156b55e0584300906a1542fbc71162e50663895b206e54c8c49f38ac33f91,145830
2019-09-01,AUD,2019-09-30T16:00:00+00:00,2019-09-30T16:59:55.747000+00:00,https://jetta.dukascopy.com/v1/ticks/AUD-USD/2019/9/30/16,804699724792c6613c70a3dd37e6cb0964d200b2910f475cdcf7ddd2b99e6981,52438
2019-09-01,CAD,2019-09-30T16:00:00+00:00,2019-09-30T16:59:54.655000+00:00,https://jetta.dukascopy.com/v1/ticks/USD-CAD/2019/9/30/16,7199960780bb7b961424af43a7607986d1677da617afd0f4ac42f0e4ebf64df8,103803
2019-09-01,CHF,2019-09-30T16:00:00+00:00,2019-09-30T16:59:57.515000+00:00,https://jetta.dukascopy.com/v1/ticks/USD-CHF/2019/9/30/16,7a16772b23acdbb21ca5ec8af947226b97eeef41b1bad6ca0c4ed0afdf33b49d,66572
2019-09-01,EUR,2019-09-30T16:00:00+00:00,2019-09-30T16:59:59.498000+00:00,https://jetta.dukascopy.com/v1/ticks/EUR-USD/2019/9/30/16,b9174cd0fc2404cfa191984c536f44300d31092b18fb33269fa869dacba16e67,105008
2019-09-01,GBP,2019-09-30T16:00:00+00:00,2019-09-30T16:59:59.133000+00:00,https://jetta.dukascopy.com/v1/ticks/GBP-USD/2019/9/30/16,a91942d0e251fb3beede0908a85a14b945aa70603881411b1bded583e7e642be,113173
2019-09-01,JPY,2019-09-30T16:00:00+00:00,2019-09-30T16:59:57.418000+00:00,https://jetta.dukascopy.com/v1/ticks/USD-JPY/2019/9/30/16,e50ccfefb3d0e588b2ecc045bd1f14c260a91cf389fa5ba8b571444a76319aab,92274
2019-09-01,NOK,2019-09-30T16:00:00+00:00,2019-09-30T16:59:59.519000+00:00,https://jetta.dukascopy.com/v1/ticks/USD-NOK/2019/9/30/16,82df2fc8a2f81c391ddcf7422e45112624b7f345d7d434b2619e27e6e5a05da8,126607
2019-09-01,NZD,2019-09-30T16:00:00+00:00,2019-09-30T16:59:59.209000+00:00,https://jetta.dukascopy.com/v1/ticks/NZD-USD/2019/9/30/16,34a3a4782e5e59055314579c1a6e48f2ac997f5941987cf18e21eeff1741318f,70085
2019-09-01,SEK,2019-09-30T16:00:00+00:00,2019-09-30T16:59:59.610000+00:00,https://jetta.dukascopy.com/v1/ticks/USD-SEK/2019/9/30/16,d874864f47d3405fad90803268d6fe7e03bb6ab4fa261f42b9b89539546defcb,117289
2019-10-01,AUD,2019-10-31T16:00:00+00:00,2019-10-31T16:59:57.761000+00:00,https://jetta.dukascopy.com/v1/ticks/AUD-USD/2019/10/31/16,8337d23cf542dcaba6c2b6bad799f4ad7f21742196d5fc3b2cfd76ed3334dc4f,110127
2019-10-01,CAD,2019-10-31T16:00:00+00:00,2019-10-31T16:59:59.991000+00:00,https://jetta.dukascopy.com/v1/ticks/USD-CAD/2019/10/31/16,8005e8d47a901d31b8162e11a0b52a61289f6a6e2f1c22b4dc3f28ca770b576e,144638
2019-10-01,CHF,2019-10-31T16:00:00+00:00,2019-10-31T16:59:57.905000+00:00,https://jetta.dukascopy.com/v1/ticks/USD-CHF/2019/10/31/16,81d5ed383f687d2762f409ca25333045bb4af9a625fb27e8d123d80c03fa874d,122334
2019-10-01,EUR,2019-10-31T16:00:00+00:00,2019-10-31T16:59:58.961000+00:00,https://jetta.dukascopy.com/v1/ticks/EUR-USD/2019/10/31/16,aa850927202733522eeec2e3fa759f97ac5c23b04ac889ff2b5b258e3d631eae,159155
2019-10-01,GBP,2019-10-31T16:00:00+00:00,2019-10-31T16:59:59.980000+00:00,https://jetta.dukascopy.com/v1/ticks/GBP-USD/2019/10/31/16,7ee6d6e0f12ab4c2b0e9e09ab47c8f98b5b8e2df4b3e54a6372e8f926a7c822a,229865
2019-10-01,JPY,2019-10-31T16:00:00+00:00,2019-10-31T16:59:59.466000+00:00,https://jetta.dukascopy.com/v1/ticks/USD-JPY/2019/10/31/16,251d81a5b8aa1f17084a10e7e0df962e80257e3ebe5db2205bf76d6c3baf5534,143608
2019-10-01,NOK,2019-10-31T16:00:00+00:00,2019-10-31T16:59:59.075000+00:00,https://jetta.dukascopy.com/v1/ticks/USD-NOK/2019/10/31/16,2e0450850d67ea583610080ef0ca1e63bc6e8fd688754188baa77ab9cebadb09,261783
2019-10-01,NZD,2019-10-31T16:00:00+00:00,2019-10-31T16:59:59.261000+00:00,https://jetta.dukascopy.com/v1/ticks/NZD-USD/2019/10/31/16,fad14b16559f7d3203f30028040e9964d30cfd79476d58930b882abc32b20191,108717
2019-10-01,SEK,2019-10-31T16:00:00+00:00,2019-10-31T16:59:58.999000+00:00,https://jetta.dukascopy.com/v1/ticks/USD-SEK/2019/10/31/16,fe25ec9c1581c99269d42780b69ebaf8f439f4964054f70011cb52ad3aa5b43d,353416
2019-11-01,AUD,2019-11-29T16:00:00+00:00,2019-11-29T16:59:58.279000+00:00,https://jetta.dukascopy.com/v1/ticks/AUD-USD/2019/11/29/16,e8c4fb7d85a51be6e4b3dd474ae2a72e81f1b70852f5de2e8947a05878b226f3,79362
2019-11-01,CAD,2019-11-29T16:00:00+00:00,2019-11-29T16:59:59.930000+00:00,https://jetta.dukascopy.com/v1/ticks/USD-CAD/2019/11/29/16,2b3713a430b5863e06e79a83b1270eef68aeb25c8fa8e1b8d3b5090d2a9aca75,102889
2019-11-01,CHF,2019-11-29T16:00:00+00:00,2019-11-29T16:59:59.286000+00:00,https://jetta.dukascopy.com/v1/ticks/USD-CHF/2019/11/29/16,63b570d1c7fb794d91cd3410e8a86e5f77fe73e7898ae5a15e49c8a306236562,95788
2019-11-01,EUR,2019-11-29T16:00:00+00:00,2019-11-29T16:59:59.125000+00:00,https://jetta.dukascopy.com/v1/ticks/EUR-USD/2019/11/29/16,4d78550524fa47a57089a943d979276e161bc83212c2b13f3e62d91869b8fda6,153137
2019-11-01,GBP,2019-11-29T16:00:00+00:00,2019-11-29T16:59:59.206000+00:00,https://jetta.dukascopy.com/v1/ticks/GBP-USD/2019/11/29/16,81a8be7997d56f9fae856dba493138246887f9fd187b866518179332f62ac848,167339
2019-11-01,JPY,2019-11-29T16:00:00+00:00,2019-11-29T16:59:59.965000+00:00,https://jetta.dukascopy.com/v1/ticks/USD-JPY/2019/11/29/16,3967d5f23d7e0c7fa3f7f67475e302e4932be7feb6607b816db048166d338b7e,89042
2019-11-01,NOK,2019-11-29T16:00:00+00:00,2019-11-29T16:59:59.153000+00:00,https://jetta.dukascopy.com/v1/ticks/USD-NOK/2019/11/29/16,0c4b4ff4198651e12a612da93855e990206d40ed745d805e7c96b8860f847339,228860
2019-11-01,NZD,2019-11-29T16:00:00+00:00,2019-11-29T16:59:56.317000+00:00,https://jetta.dukascopy.com/v1/ticks/NZD-USD/2019/11/29/16,7b2cf4d710b497911a8cc653d70bb64df176ee4db12b397c8f30abe5ba212844,77672
2019-11-01,SEK,2019-11-29T16:00:00+00:00,2019-11-29T16:59:59.253000+00:00,https://jetta.dukascopy.com/v1/ticks/USD-SEK/2019/11/29/16,6b20696784ba09b556971c8377f50f6b035fad201382eff6f3d690e5b53cc2d6,210012
2019-12-01,AUD,2019-12-31T16:00:00+00:00,2019-12-31T16:59:59.834000+00:00,https://jetta.dukascopy.com/v1/ticks/AUD-USD/2019/12/31/16,a53b7577862250e91d69df866289462e83fedb1a25128ec1606cca8c4e057313,106988
2019-12-01,CAD,2019-12-31T16:00:00+00:00,2019-12-31T16:59:59.469000+00:00,https://jetta.dukascopy.com/v1/ticks/USD-CAD/2019/12/31/16,9f1ebd1df18e16ca1ac960c2a2f99023ca926e9cdece18b6eb63cd800d710ce6,149032
2019-12-01,CHF,2019-12-31T16:00:00+00:00,2019-12-31T16:59:59.079000+00:00,https://jetta.dukascopy.com/v1/ticks/USD-CHF/2019/12/31/16,b86b397076da6e3fef7319eaa802c8282b2a7c4c7bcdadd50f819888b9eefe2f,129202
2019-12-01,EUR,2019-12-31T16:00:00+00:00,2019-12-31T16:59:59.091000+00:00,https://jetta.dukascopy.com/v1/ticks/EUR-USD/2019/12/31/16,2f78f62f61d880267004d76dd113e38f3a82bcd80edc9bdbd4c5cbc56eb182d0,183864
2019-12-01,GBP,2019-12-31T16:00:00+00:00,2019-12-31T16:59:59.683000+00:00,https://jetta.dukascopy.com/v1/ticks/GBP-USD/2019/12/31/16,8535bae7d35e62e80ef014e348afd0c6f72dbc39f932ee5e4ece3654de967b1e,275027
2019-12-01,JPY,2019-12-31T16:00:00+00:00,2019-12-31T16:59:58.971000+00:00,https://jetta.dukascopy.com/v1/ticks/USD-JPY/2019/12/31/16,9712fef8ca30d2a9368157e60da5cd44fa67983c8a630038f3a05cd5d2f55431,102224
2019-12-01,NOK,2019-12-31T16:00:00+00:00,2019-12-31T16:59:59.624000+00:00,https://jetta.dukascopy.com/v1/ticks/USD-NOK/2019/12/31/16,7a2a557a9a75af63081529e2357da59e754f0a87183fd8479c847532bca8d534,332761
2019-12-01,NZD,2019-12-31T16:00:00+00:00,2019-12-31T16:59:59.106000+00:00,https://jetta.dukascopy.com/v1/ticks/NZD-USD/2019/12/31/16,e4681f170e6ef399340aaf4823ac1957a767f99a7051190b8872a94a72b71197,93210
2019-12-01,SEK,2019-12-31T16:00:00+00:00,2019-12-31T16:59:58.618000+00:00,https://jetta.dukascopy.com/v1/ticks/USD-SEK/2019/12/31/16,0b4d843d9f4dfd995ae9f01a38b337d416c2ccc5b35cb8eab4840dbcca373f21,344253
2020-01-01,AUD,2020-01-31T16:00:00+00:00,2020-01-31T16:59:59.862000+00:00,https://jetta.dukascopy.com/v1/ticks/AUD-USD/2020/1/31/16,e7654bf1e5a0cd93b90d48b017421d2a8273429f5943575dcacf0168a7c8be3d,143347
2020-01-01,CAD,2020-01-31T16:00:00+00:00,2020-01-31T16:59:58.192000+00:00,https://jetta.dukascopy.com/v1/ticks/USD-CAD/2020/1/31/16,28ddb25c94d9423f72860c3f1c2c0c8fa3023d661e3ea67006f810b1f0707590,211551
2020-01-01,CHF,2020-01-31T16:00:00+00:00,2020-01-31T16:59:59.707000+00:00,https://jetta.dukascopy.com/v1/ticks/USD-CHF/2020/1/31/16,32bcfff170bd77902ee64390bbf9968418b798d02994e335104fad7ef7087ac3,164982
2020-01-01,EUR,2020-01-31T16:00:00+00:00,2020-01-31T16:59:57.877000+00:00,https://jetta.dukascopy.com/v1/ticks/EUR-USD/2020/1/31/16,a322119b7182277bfb828568cf8d4f58634f4cf11851616207bd9e14f86908ec,204433
2020-01-01,GBP,2020-01-31T16:00:00+00:00,2020-01-31T16:59:58.611000+00:00,https://jetta.dukascopy.com/v1/ticks/GBP-USD/2020/1/31/16,286d92ab99f89368767eec9c98278eee8c86380ff428796c37368513aea28a6b,221563
2020-01-01,JPY,2020-01-31T16:00:00+00:00,2020-01-31T16:59:59.913000+00:00,https://jetta.dukascopy.com/v1/ticks/USD-JPY/2020/1/31/16,63c9cb56df2c56a07e2a62d0ff00cb706c42aebf3757fd005695503a683efa42,270504
2020-01-01,NOK,2020-01-31T16:00:00+00:00,2020-01-31T16:59:59.709000+00:00,https://jetta.dukascopy.com/v1/ticks/USD-NOK/2020/1/31/16,1e546744fce19778eba168cb4827edbd0089f517ffb14b8e6ba951f27b20be55,377878
2020-01-01,NZD,2020-01-31T16:00:00+00:00,2020-01-31T16:59:59.730000+00:00,https://jetta.dukascopy.com/v1/ticks/NZD-USD/2020/1/31/16,a53737b6abbda1a9c42a175a3941ca622ef8734e9246ad6fc4b5ca3aa3d42c58,119305
2020-01-01,SEK,2020-01-31T16:00:00+00:00,2020-01-31T16:59:59.454000+00:00,https://jetta.dukascopy.com/v1/ticks/USD-SEK/2020/1/31/16,69726963a1f5f9740236d52d2ffab26925df0cd2af63d5daada0dfd97727b09d,376425
2020-02-01,AUD,2020-02-28T16:00:00+00:00,2020-02-28T16:59:59.607000+00:00,https://jetta.dukascopy.com/v1/ticks/AUD-USD/2020/2/28/16,ee7344363db2c665698f27c835c3cd1d4e775305bbcbb41a8abb872a8aa1c90e,287478
2020-02-01,CAD,2020-02-28T16:00:00+00:00,2020-02-28T16:59:59.981000+00:00,https://jetta.dukascopy.com/v1/ticks/USD-CAD/2020/2/28/16,d7fcf5b7ace880452013d9d69c05841bc525a063b53516d4c4729b6d146666e4,364660
2020-02-01,CHF,2020-02-28T16:00:00+00:00,2020-02-28T16:59:59.505000+00:00,https://jetta.dukascopy.com/v1/ticks/USD-CHF/2020/2/28/16,c88ae3b85ac33e6616abfcb3a679e47299d19c947b3135acdff40e00cc051618,290528
2020-02-01,EUR,2020-02-28T16:00:00+00:00,2020-02-28T16:59:59.499000+00:00,https://jetta.dukascopy.com/v1/ticks/EUR-USD/2020/2/28/16,dbaeb46f97fdfe9bf05cf03a22a7de04cb916b4f65c03e2b0cccf06705ef671b,355481
2020-02-01,GBP,2020-02-28T16:00:00+00:00,2020-02-28T16:59:59.593000+00:00,https://jetta.dukascopy.com/v1/ticks/GBP-USD/2020/2/28/16,6c905f16da689a5f2a02d69395469885ec1184b45b91c153dedd9904736ae6ca,454923
2020-02-01,JPY,2020-02-28T16:00:00+00:00,2020-02-28T16:59:59.982000+00:00,https://jetta.dukascopy.com/v1/ticks/USD-JPY/2020/2/28/16,07cf0fbaa34f0e3817e6da07bb96c54c7da2d10675d08e4266e92511fd7768ef,472936
2020-02-01,NOK,2020-02-28T16:00:00+00:00,2020-02-28T16:59:59.848000+00:00,https://jetta.dukascopy.com/v1/ticks/USD-NOK/2020/2/28/16,e982776f275b69dbaf4476b1a4c95134a87e2471ccdcbcf6bc02a7f86a664d98,609631
2020-02-01,NZD,2020-02-28T16:00:00+00:00,2020-02-28T16:59:59.983000+00:00,https://jetta.dukascopy.com/v1/ticks/NZD-USD/2020/2/28/16,923e48fb1d7a6503e5d0b44a79b085ec530d1d5d75e81e14ed60ba5ee20db26a,247239
2020-02-01,SEK,2020-02-28T16:00:00+00:00,2020-02-28T16:59:59.977000+00:00,https://jetta.dukascopy.com/v1/ticks/USD-SEK/2020/2/28/16,d3cd6a1000e379183e2c85f8a69d1ab9f4a3d1cf82339e6282b20d6237cae70c,641934
2020-03-01,AUD,2020-03-31T16:00:00+00:00,2020-03-31T16:59:59.136000+00:00,https://jetta.dukascopy.com/v1/ticks/AUD-USD/2020/3/31/16,59a24732506d505bb186b479fa822d501819c5d8517e3853f1e9391182ea6993,325281
2020-03-01,CAD,2020-03-31T16:00:00+00:00,2020-03-31T16:59:59.378000+00:00,https://jetta.dukascopy.com/v1/ticks/USD-CAD/2020/3/31/16,7240d49b6b796ba917ae002e42d2f883971893cb544b84db1135c6d7fae30ace,536959
2020-03-01,CHF,2020-03-31T16:00:00+00:00,2020-03-31T16:59:59.241000+00:00,https://jetta.dukascopy.com/v1/ticks/USD-CHF/2020/3/31/16,b519f967c6ffdf12ee67911e60ae0ec98bb23ed01f81daacc02d3e5a172dbc8b,216493
2020-03-01,EUR,2020-03-31T16:00:00+00:00,2020-03-31T16:59:59.567000+00:00,https://jetta.dukascopy.com/v1/ticks/EUR-USD/2020/3/31/16,27242a7046f2b41b88eb555c7ec7b35b2910ebc89d1b93764e6a319ef6e79f5c,328962
2020-03-01,GBP,2020-03-31T16:00:00+00:00,2020-03-31T16:59:59.664000+00:00,https://jetta.dukascopy.com/v1/ticks/GBP-USD/2020/3/31/16,0286f8cc9c4295d5c7ebd2e420c249809b55b7eb2b7c2364fd51a8bbd18657a5,464078
2020-03-01,JPY,2020-03-31T16:00:00+00:00,2020-03-31T16:59:59.958000+00:00,https://jetta.dukascopy.com/v1/ticks/USD-JPY/2020/3/31/16,584a0e80edf3418874fbc52d716e4de352c4c5490335ba6052270b21cc3be655,287957
2020-03-01,NOK,2020-03-31T16:00:00+00:00,2020-03-31T16:59:59.552000+00:00,https://jetta.dukascopy.com/v1/ticks/USD-NOK/2020/3/31/16,9348e0c8fea6d7e0674f3e4cf07902af1df7ee54b533c39bf43033ce2afb9775,360469
2020-03-01,NZD,2020-03-31T16:00:00+00:00,2020-03-31T16:59:58.871000+00:00,https://jetta.dukascopy.com/v1/ticks/NZD-USD/2020/3/31/16,4ca92aca756467a545dfbcaa4384c442c9b1b1ce5e5f0f5cc509ae37e9c925df,251075
2020-03-01,SEK,2020-03-31T16:00:00+00:00,2020-03-31T16:59:57.305000+00:00,https://jetta.dukascopy.com/v1/ticks/USD-SEK/2020/3/31/16,7f48cdebea76f060ff830e68456bc8a4138e12aacf5a80dd3e483525dcab1acd,337579
2020-04-01,AUD,2020-04-30T16:00:00+00:00,2020-04-30T16:59:59.994000+00:00,https://jetta.dukascopy.com/v1/ticks/AUD-USD/2020/4/30/16,d826b05743ba3ad45e2a3fb8d3d947af13deb4e51e483d13b11ff455c11ffa9c,156747
2020-04-01,CAD,2020-04-30T16:00:00+00:00,2020-04-30T16:59:59.928000+00:00,https://jetta.dukascopy.com/v1/ticks/USD-CAD/2020/4/30/16,d927366f6e56b01e0e55750e3a555f27835bd2bc5245c52e33cc364eec3d9a05,185988
2020-04-01,CHF,2020-04-30T16:00:00+00:00,2020-04-30T16:59:59.870000+00:00,https://jetta.dukascopy.com/v1/ticks/USD-CHF/2020/4/30/16,e4fbd40bdf218f1beafbc076518d54c157d4abefbd78995dfcf0f181e3575028,164639
2020-04-01,EUR,2020-04-30T16:00:00+00:00,2020-04-30T16:59:59.229000+00:00,https://jetta.dukascopy.com/v1/ticks/EUR-USD/2020/4/30/16,2794a6274e1d647f3de495e1ea13e086f60f7782c716f7169ad9cd2b4ffd284c,231292
2020-04-01,GBP,2020-04-30T16:00:00+00:00,2020-04-30T16:59:59.295000+00:00,https://jetta.dukascopy.com/v1/ticks/GBP-USD/2020/4/30/16,c7b065e63876bccd42bf379bd6f83229c5cf80665dab1382d94052994b5ee978,256322
2020-04-01,JPY,2020-04-30T16:00:00+00:00,2020-04-30T16:59:58.848000+00:00,https://jetta.dukascopy.com/v1/ticks/USD-JPY/2020/4/30/16,fc8b6671b4e57205f744d3966adebc3313dcef07389e67a707efda35c8790939,206973
2020-04-01,NOK,2020-04-30T16:00:00+00:00,2020-04-30T16:59:59.160000+00:00,https://jetta.dukascopy.com/v1/ticks/USD-NOK/2020/4/30/16,6612518a06710dabd759c051109343ad82b772be6bfef6ba0a398bde5a04f39a,291475
2020-04-01,NZD,2020-04-30T16:00:00+00:00,2020-04-30T16:59:59.973000+00:00,https://jetta.dukascopy.com/v1/ticks/NZD-USD/2020/4/30/16,008cf5ac2b79ff9c037235f7916b90e90854613833199dc52d04d6a44d2dc85f,130343
2020-04-01,SEK,2020-04-30T16:00:00+00:00,2020-04-30T16:59:59.256000+00:00,https://jetta.dukascopy.com/v1/ticks/USD-SEK/2020/4/30/16,8c296ff47b4e400c0471d24ec1d3cd52fe339d132ba8be87567edbce2172b939,300836
2020-05-01,AUD,2020-05-29T16:00:00+00:00,2020-05-29T16:59:59.986000+00:00,https://jetta.dukascopy.com/v1/ticks/AUD-USD/2020/5/29/16,40d8eacbc399ea5174ffff7232d99bd627f0969dd7faf28da1521254693f4f4f,135348
2020-05-01,CAD,2020-05-29T16:00:00+00:00,2020-05-29T16:59:59.947000+00:00,https://jetta.dukascopy.com/v1/ticks/USD-CAD/2020/5/29/16,9cc27816a698db024f3fedfe78e58caa3aff2f3e38f815838f15d46d81aae6f7,161788
2020-05-01,CHF,2020-05-29T16:00:00+00:00,2020-05-29T16:59:57.954000+00:00,https://jetta.dukascopy.com/v1/ticks/USD-CHF/2020/5/29/16,cffb19179a61a7ab36f5dd0b80e5ef04983de41fca4806438d720672ca252c4c,132936
2020-05-01,EUR,2020-05-29T16:00:00+00:00,2020-05-29T16:59:58.788000+00:00,https://jetta.dukascopy.com/v1/ticks/EUR-USD/2020/5/29/16,a958abd8c726cc008e373825b3693a4f95fb97a4d96d156666ae5a425e9248e3,168314
2020-05-01,GBP,2020-05-29T16:00:00+00:00,2020-05-29T16:59:59.963000+00:00,https://jetta.dukascopy.com/v1/ticks/GBP-USD/2020/5/29/16,367c13980da7208c937c46e59c160131697fd28e7af366ed2e2bb67b0c0bd53c,226051
2020-05-01,JPY,2020-05-29T16:00:00+00:00,2020-05-29T16:59:58.210000+00:00,https://jetta.dukascopy.com/v1/ticks/USD-JPY/2020/5/29/16,e1c3db54aacf8d90725f72da3baf4b8166b8f77be7fe5ee4669e27e9105e1f2d,116925
2020-05-01,NOK,2020-05-29T16:00:00+00:00,2020-05-29T16:59:59.931000+00:00,https://jetta.dukascopy.com/v1/ticks/USD-NOK/2020/5/29/16,3703ebd185ecca8d2c7c5d2103f9ec6e2a38e2559ef6ce480e36a73c9c639faf,277924
2020-05-01,NZD,2020-05-29T16:00:00+00:00,2020-05-29T16:59:59.980000+00:00,https://jetta.dukascopy.com/v1/ticks/NZD-USD/2020/5/29/16,4153555aa49ffa0a30d7871725bd704e6b01aecedc3d02b3d4ca426a40698c7f,101955
2020-05-01,SEK,2020-05-29T16:00:00+00:00,2020-05-29T16:59:59.812000+00:00,https://jetta.dukascopy.com/v1/ticks/USD-SEK/2020/5/29/16,cc7221aa2b5e33fdce96505e044415672d0d761a973a72540c5237fd9b530f48,268099
2020-06-01,AUD,2020-06-30T16:00:00+00:00,2020-06-30T16:59:59.743000+00:00,https://jetta.dukascopy.com/v1/ticks/AUD-USD/2020/6/30/16,ce558f38957a98174cc542a9d2554efaab23c9c1920a7751d28e3d8d71237d16,124029
2020-06-01,CAD,2020-06-30T16:00:00+00:00,2020-06-30T16:59:59.196000+00:00,https://jetta.dukascopy.com/v1/ticks/USD-CAD/2020/6/30/16,a88e08bc9bec76753bb0c1ec1856e8ec6b12203563190591cfcad5a0df8e14e2,169093
2020-06-01,CHF,2020-06-30T16:00:00+00:00,2020-06-30T16:59:56.915000+00:00,https://jetta.dukascopy.com/v1/ticks/USD-CHF/2020/6/30/16,c96c36a151c59b3c87c3bfe9f84bb53b161926f6f9a3dcd115b641c5be7ea1c7,80099
2020-06-01,EUR,2020-06-30T16:00:00+00:00,2020-06-30T16:59:59.142000+00:00,https://jetta.dukascopy.com/v1/ticks/EUR-USD/2020/6/30/16,17188c8f75be20251981ba247d25a4ad6457d29df55f597994b7b5f8cc054739,173372
2020-06-01,GBP,2020-06-30T16:00:00+00:00,2020-06-30T16:59:57.968000+00:00,https://jetta.dukascopy.com/v1/ticks/GBP-USD/2020/6/30/16,3fe86af45866b44efe88be616430a2ad9bc394e5cd26e1d7daa6d2998f8c4e1d,187215
2020-06-01,JPY,2020-06-30T16:00:00+00:00,2020-06-30T16:59:55.316000+00:00,https://jetta.dukascopy.com/v1/ticks/USD-JPY/2020/6/30/16,6d6aef458a629be07794af2fc5783b2af3bdb03e604dfd9965d931e94c263c88,95628
2020-06-01,NOK,2020-06-30T16:00:00+00:00,2020-06-30T16:59:58.983000+00:00,https://jetta.dukascopy.com/v1/ticks/USD-NOK/2020/6/30/16,23ab7be68bb0d399c776daf22ec5771ce048ef1359aaef443c5d6149e4f30e73,276919
2020-06-01,NZD,2020-06-30T16:00:00+00:00,2020-06-30T16:59:59.054000+00:00,https://jetta.dukascopy.com/v1/ticks/NZD-USD/2020/6/30/16,830c9dfc97061b95e8e503ac22e77744a0904693ada08bfc047d4066342bf122,125055
2020-06-01,SEK,2020-06-30T16:00:00+00:00,2020-06-30T16:59:59.074000+00:00,https://jetta.dukascopy.com/v1/ticks/USD-SEK/2020/6/30/16,d12f6e5b798ba14693f6e614305c889bf5b13fb5be938c2ff5cbfc01dd3c159a,184865
2020-07-01,AUD,2020-07-31T16:00:00+00:00,2020-07-31T16:59:58.740000+00:00,https://jetta.dukascopy.com/v1/ticks/AUD-USD/2020/7/31/16,233faec4c0a5bce208c93c14ffdd031f27485df0851510f284efd295cd419e58,190655
2020-07-01,CAD,2020-07-31T16:00:00+00:00,2020-07-31T16:59:59.882000+00:00,https://jetta.dukascopy.com/v1/ticks/USD-CAD/2020/7/31/16,1855470564fdd541d9ae661854a80842b54087f45cf75fbc7136f33f3c7467be,211013
2020-07-01,CHF,2020-07-31T16:00:00+00:00,2020-07-31T16:59:59.630000+00:00,https://jetta.dukascopy.com/v1/ticks/USD-CHF/2020/7/31/16,27eefde87c53576f852e4b3a30b3e218e1d3c05d064395a935cb7572e732fe8a,194032
2020-07-01,EUR,2020-07-31T16:00:00+00:00,2020-07-31T16:59:59.834000+00:00,https://jetta.dukascopy.com/v1/ticks/EUR-USD/2020/7/31/16,2108763cac6d4ac993c97689813d265903fc2bac18272dec0d654a22e588b25b,309276
2020-07-01,GBP,2020-07-31T16:00:00+00:00,2020-07-31T16:59:59.995000+00:00,https://jetta.dukascopy.com/v1/ticks/GBP-USD/2020/7/31/16,08175d3da56b9ebae3fe1ea3937210b23e23861472f0eb5f327bae6d1d5047ef,304412
2020-07-01,JPY,2020-07-31T16:00:00+00:00,2020-07-31T16:59:59.986000+00:00,https://jetta.dukascopy.com/v1/ticks/USD-JPY/2020/7/31/16,29dc6ea9ec7619a46dfc265eef6faf301ac91f9527625c4a49934adf63523158,185363
2020-07-01,NOK,2020-07-31T16:00:00+00:00,2020-07-31T16:59:59.930000+00:00,https://jetta.dukascopy.com/v1/ticks/USD-NOK/2020/7/31/16,65b3c685a74327b30aa0e53bf6a22b0d9f3201164b8524b23022d2fdfaef99bb,509156
2020-07-01,NZD,2020-07-31T16:00:00+00:00,2020-07-31T16:59:59.791000+00:00,https://jetta.dukascopy.com/v1/ticks/NZD-USD/2020/7/31/16,a7a1d4e585aa23b33f936117fd066a3ed74145c757c9298949c7a458d5bc0ac5,199914
2020-07-01,SEK,2020-07-31T16:00:00+00:00,2020-07-31T16:59:59.781000+00:00,https://jetta.dukascopy.com/v1/ticks/USD-SEK/2020/7/31/16,d802a58d693ecbe8281df2f9bee4542ddd85dd6199ecbf748ba8e65fae2f318e,411610
2020-08-01,AUD,2020-08-31T16:00:00+00:00,2020-08-31T16:59:59.702000+00:00,https://jetta.dukascopy.com/v1/ticks/AUD-USD/2020/8/31/16,b1681ef0c8b62181cb404d770cd6b2f4fcc015bcc2cc6cb999aa51fc80186857,58685
2020-08-01,CAD,2020-08-31T16:00:00+00:00,2020-08-31T16:59:59.915000+00:00,https://jetta.dukascopy.com/v1/ticks/USD-CAD/2020/8/31/16,d688eae9e090c23234fbd97f83dbf2ce0ce9d05e5432520de2cf450489955f2b,155563
2020-08-01,CHF,2020-08-31T16:00:00+00:00,2020-08-31T16:59:59.678000+00:00,https://jetta.dukascopy.com/v1/ticks/USD-CHF/2020/8/31/16,b6a0328782cbb4df57f80e0694b8d823ae70cc81753789c270db3ba745d7973a,82232
2020-08-01,EUR,2020-08-31T16:00:00+00:00,2020-08-31T16:59:59.755000+00:00,https://jetta.dukascopy.com/v1/ticks/EUR-USD/2020/8/31/16,deb60f617f67e109c32e053cd76a103049c65323fbd57793e5fc8bd09a658702,131484
2020-08-01,GBP,2020-08-31T16:00:00+00:00,2020-08-31T16:59:59.743000+00:00,https://jetta.dukascopy.com/v1/ticks/GBP-USD/2020/8/31/16,4c3ec6874e2325be8a01e0e48abedc7bd73b9ccd5c895bfbb173cab4be3901f6,118160
2020-08-01,JPY,2020-08-31T16:00:00+00:00,2020-08-31T16:59:58.119000+00:00,https://jetta.dukascopy.com/v1/ticks/USD-JPY/2020/8/31/16,d923a4adb179ea90972c5548eced608ac780826ea45e98136772f6173d37ad36,78692
2020-08-01,NOK,2020-08-31T16:00:00+00:00,2020-08-31T16:59:59.975000+00:00,https://jetta.dukascopy.com/v1/ticks/USD-NOK/2020/8/31/16,3269eade07d56c9beaecad41bce075dc8f853aeca6ca61e68cd3b608dd689f28,136204
2020-08-01,NZD,2020-08-31T16:00:00+00:00,2020-08-31T16:59:59.987000+00:00,https://jetta.dukascopy.com/v1/ticks/NZD-USD/2020/8/31/16,5c778199bbdb7e975fb105e90b5a52fc3433863a9406ed19e339d796b80accc7,96120
2020-08-01,SEK,2020-08-31T16:00:00+00:00,2020-08-31T16:59:59.948000+00:00,https://jetta.dukascopy.com/v1/ticks/USD-SEK/2020/8/31/16,f9143c7c608f528a9d840caf4d3e3b656045648e7b216fd5620b048c4c93d70b,89626
2020-09-01,AUD,2020-09-30T16:00:00+00:00,2020-09-30T16:59:59.191000+00:00,https://jetta.dukascopy.com/v1/ticks/AUD-USD/2020/9/30/16,21f3d6881fb1709257408a56452ad9e16f0a234a07471791dcec5103c25f8004,140640
2020-09-01,CAD,2020-09-30T16:00:00+00:00,2020-09-30T16:59:58.122000+00:00,https://jetta.dukascopy.com/v1/ticks/USD-CAD/2020/9/30/16,f421dfd88cfb7ca5714bbaca025be80cd45b031a0466f32920feb8d156ec7254,150427
2020-09-01,CHF,2020-09-30T16:00:00+00:00,2020-09-30T16:59:56.705000+00:00,https://jetta.dukascopy.com/v1/ticks/USD-CHF/2020/9/30/16,001b7ce735442483e2b7ff4ec35482089d41bed495b8a71af60e4cd80838c975,140611
2020-09-01,EUR,2020-09-30T16:00:00+00:00,2020-09-30T16:59:58.672000+00:00,https://jetta.dukascopy.com/v1/ticks/EUR-USD/2020/9/30/16,09779c3ebe862842feb569b81f5348610d3ea92de683dae70f5047ac38e1aec8,285885
2020-09-01,GBP,2020-09-30T16:00:00+00:00,2020-09-30T16:59:58.179000+00:00,https://jetta.dukascopy.com/v1/ticks/GBP-USD/2020/9/30/16,fb7a434cb5e6737ff74efb2c3333f9c25509f79c40766bdea2eeb3a5090e422d,198480
2020-09-01,JPY,2020-09-30T16:00:00+00:00,2020-09-30T16:59:56.031000+00:00,https://jetta.dukascopy.com/v1/ticks/USD-JPY/2020/9/30/16,524440ca99351d61faab8574a9afb17be1a12ed69096c00193c07b6c1346260a,134518
2020-09-01,NOK,2020-09-30T16:00:00+00:00,2020-09-30T16:59:59.466000+00:00,https://jetta.dukascopy.com/v1/ticks/USD-NOK/2020/9/30/16,d7a296ca131d1172d8632b3ee16ffeb23fcafc428cffb69bd117965276885be2,297838
2020-09-01,NZD,2020-09-30T16:00:00+00:00,2020-09-30T16:59:55.108000+00:00,https://jetta.dukascopy.com/v1/ticks/NZD-USD/2020/9/30/16,f81540ff0b1051c1da835b82f0529ff2cf61bc68f44de983018367c64675c336,86756
2020-09-01,SEK,2020-09-30T16:00:00+00:00,2020-09-30T16:59:56.746000+00:00,https://jetta.dukascopy.com/v1/ticks/USD-SEK/2020/9/30/16,b206808be893c239faaab80d41e0c83dc0447ce4dd60a38ef9bbd5b1456a7c3a,224632
2020-10-01,AUD,2020-10-30T16:00:00+00:00,2020-10-30T16:59:55.508000+00:00,https://jetta.dukascopy.com/v1/ticks/AUD-USD/2020/10/30/16,acb9eb58305b1fc805a675be2340de9add8020258fb94a5419432c322ce12cc1,156900
2020-10-01,CAD,2020-10-30T16:00:00+00:00,2020-10-30T16:59:59.884000+00:00,https://jetta.dukascopy.com/v1/ticks/USD-CAD/2020/10/30/16,3d16ba7961106385a1fd5c9dec4e6f7c0ba37bbac9a352d34ea46d65d8d23cfd,146528
2020-10-01,CHF,2020-10-30T16:00:00+00:00,2020-10-30T16:59:59.683000+00:00,https://jetta.dukascopy.com/v1/ticks/USD-CHF/2020/10/30/16,193bf4f91f8044d8af88b53d0ada840bb1e19250bb800dca1264ed5434f1c6bb,103318
2020-10-01,EUR,2020-10-30T16:00:00+00:00,2020-10-30T16:59:59.998000+00:00,https://jetta.dukascopy.com/v1/ticks/EUR-USD/2020/10/30/16,50ab93f3d190d242316de703342e1f9a84a887150c28a288fe1b2bd0fd0f4c0f,226565
2020-10-01,GBP,2020-10-30T16:00:00+00:00,2020-10-30T16:59:59.923000+00:00,https://jetta.dukascopy.com/v1/ticks/GBP-USD/2020/10/30/16,6b13f3a5c80b7859f7ba1bf6f2fe8545288ce461899549e4c92ac72b4e08255d,272499
2020-10-01,JPY,2020-10-30T16:00:00+00:00,2020-10-30T16:59:58.933000+00:00,https://jetta.dukascopy.com/v1/ticks/USD-JPY/2020/10/30/16,e34471decbad433a85d5b90a8993c32cae71754e730ce40af3c35c3d6c0022b4,114376
2020-10-01,NOK,2020-10-30T16:00:00+00:00,2020-10-30T16:59:56.958000+00:00,https://jetta.dukascopy.com/v1/ticks/USD-NOK/2020/10/30/16,854019b3c2af41e733f6d37d44bfe77e1a98f47e71210b5f61fd19bc5b4598e2,495303
2020-10-01,NZD,2020-10-30T16:00:00+00:00,2020-10-30T16:59:55.484000+00:00,https://jetta.dukascopy.com/v1/ticks/NZD-USD/2020/10/30/16,ed46dd8b074e5e04428f58a052b23fab010765e886e8a2211b40f490fea9c810,170990
2020-10-01,SEK,2020-10-30T16:00:00+00:00,2020-10-30T16:59:59.304000+00:00,https://jetta.dukascopy.com/v1/ticks/USD-SEK/2020/10/30/16,5379cc371bc03ce48a4fcc8921c7cfaf29054e75bb15af091d12138b13523af7,323524
2020-11-01,AUD,2020-11-30T16:00:00+00:00,2020-11-30T16:59:59.875000+00:00,https://jetta.dukascopy.com/v1/ticks/AUD-USD/2020/11/30/16,64d3031b3f4e503a1cab2d96e7154d9b6ab58cda93fabe39ed36871a92e585ff,170565
2020-11-01,CAD,2020-11-30T16:00:00+00:00,2020-11-30T16:59:59.782000+00:00,https://jetta.dukascopy.com/v1/ticks/USD-CAD/2020/11/30/16,485347ec8cf5dd6f3f0f729b12e61955b8f838ee46e7a783fd3588b239db712a,203261
2020-11-01,CHF,2020-11-30T16:00:00+00:00,2020-11-30T16:59:59.517000+00:00,https://jetta.dukascopy.com/v1/ticks/USD-CHF/2020/11/30/16,1e28af0b943fea25366719d2ebda1c5b46ebc0441937dbbd529da399faeedd54,142658
2020-11-01,EUR,2020-11-30T16:00:00+00:00,2020-11-30T16:59:59.875000+00:00,https://jetta.dukascopy.com/v1/ticks/EUR-USD/2020/11/30/16,fca94bd4dd11de750734f8f4a70b3cdef453a6006998b4d4bed83436397a7fd2,283552
2020-11-01,GBP,2020-11-30T16:00:00+00:00,2020-11-30T16:59:59.809000+00:00,https://jetta.dukascopy.com/v1/ticks/GBP-USD/2020/11/30/16,18531cee9baa73915bd9bef2a6a308f033c9d1c7773930c18cedc78f9a168145,292796
2020-11-01,JPY,2020-11-30T16:00:00+00:00,2020-11-30T16:59:59.711000+00:00,https://jetta.dukascopy.com/v1/ticks/USD-JPY/2020/11/30/16,9048bb229e3e35ca875d1b5c00c17a25df633e1bc23f71e3279d19a118efb4fe,134271
2020-11-01,NOK,2020-11-30T16:00:00+00:00,2020-11-30T16:59:59.357000+00:00,https://jetta.dukascopy.com/v1/ticks/USD-NOK/2020/11/30/16,1f9be82811092155eca7f22a8940a31315ea9fb7cd2c60566b8efeec9d4e3e86,460484
2020-11-01,NZD,2020-11-30T16:00:00+00:00,2020-11-30T16:59:58.538000+00:00,https://jetta.dukascopy.com/v1/ticks/NZD-USD/2020/11/30/16,219723f16ad9fa60f85f12e3601c79231dcc13497fd2fcce2886b7b7ae26e94d,118790
2020-11-01,SEK,2020-11-30T16:00:00+00:00,2020-11-30T16:59:59.896000+00:00,https://jetta.dukascopy.com/v1/ticks/USD-SEK/2020/11/30/16,a566cfef98f0ee51447493a2d7f036c759e94673ccc3d1bfbcea1317a1aec876,407332
2020-12-01,AUD,2020-12-31T16:00:00+00:00,2020-12-31T16:59:59.945000+00:00,https://jetta.dukascopy.com/v1/ticks/AUD-USD/2020/12/31/16,12a08584ccd54777b21476e990b4a6fa14465b5460e7198b350ab3a2349dd76b,121393
2020-12-01,CAD,2020-12-31T16:00:00+00:00,2020-12-31T16:59:59.388000+00:00,https://jetta.dukascopy.com/v1/ticks/USD-CAD/2020/12/31/16,cba9d829b04cd097d45c4faa3cce0f657e8ed3fcdca50679c248f9ba6406ab2c,105473
2020-12-01,CHF,2020-12-31T16:00:00+00:00,2020-12-31T16:59:59.049000+00:00,https://jetta.dukascopy.com/v1/ticks/USD-CHF/2020/12/31/16,2fada121183f4afbc85fcb854d73a4622be06ed5ca42245f9d8adcb7b56ce17d,109551
2020-12-01,EUR,2020-12-31T16:00:00+00:00,2020-12-31T16:59:59.405000+00:00,https://jetta.dukascopy.com/v1/ticks/EUR-USD/2020/12/31/16,8baf7d757e8b561d835afd8a19a72ab4b45a1ac701dce1e2dd6662060bde13fb,179571
2020-12-01,GBP,2020-12-31T16:00:00+00:00,2020-12-31T16:59:59.711000+00:00,https://jetta.dukascopy.com/v1/ticks/GBP-USD/2020/12/31/16,c251dd1112b5232633e6dc51797883e47559e032df547fb515dfb9dd5333bc11,257216
2020-12-01,JPY,2020-12-31T16:00:00+00:00,2020-12-31T16:59:59.086000+00:00,https://jetta.dukascopy.com/v1/ticks/USD-JPY/2020/12/31/16,207df3abc16b630d44797b4b47042e28d107944f818bab0b4585ecea343e1817,84465
2020-12-01,NOK,2020-12-31T16:00:00+00:00,2020-12-31T16:59:59.467000+00:00,https://jetta.dukascopy.com/v1/ticks/USD-NOK/2020/12/31/16,05a1da6bae10b64d48ae255ec093093650e443747b94ade594fbef45b197da81,262990
2020-12-01,NZD,2020-12-31T16:00:00+00:00,2020-12-31T16:59:59.585000+00:00,https://jetta.dukascopy.com/v1/ticks/NZD-USD/2020/12/31/16,b16f90ab3786107ecae64ce93a9b37c89ea11a8857447e15fcb29dde2539a2cc,125315
2020-12-01,SEK,2020-12-31T16:00:00+00:00,2020-12-31T16:59:59.421000+00:00,https://jetta.dukascopy.com/v1/ticks/USD-SEK/2020/12/31/16,5c8a52d54f16e56a02345e5f92ed6ef2240a871c9c198bb25b2647bf4305ccd1,249105
2021-01-01,AUD,2021-01-29T16:00:00+00:00,2021-01-29T16:59:59.684000+00:00,https://jetta.dukascopy.com/v1/ticks/AUD-USD/2021/1/29/16,838f060c370f4905a499962815563eb9ea90407fa47af39bc92ff8e72597d763,253646
2021-01-01,CAD,2021-01-29T16:00:00+00:00,2021-01-29T16:59:59.576000+00:00,https://jetta.dukascopy.com/v1/ticks/USD-CAD/2021/1/29/16,350383f30ef1f0e7cfad427f2b487e7886bba0620393db200b275b4235b92c4b,231191
2021-01-01,CHF,2021-01-29T16:00:00+00:00,2021-01-29T16:59:59.706000+00:00,https://jetta.dukascopy.com/v1/ticks/USD-CHF/2021/1/29/16,9e035cba65ba159a4e250409c9702ebd48979bfc399bce94194b173f41d79946,121035
2021-01-01,EUR,2021-01-29T16:00:00+00:00,2021-01-29T16:59:59.886000+00:00,https://jetta.dukascopy.com/v1/ticks/EUR-USD/2021/1/29/16,b4e62038ef519562a065d97daaba01d332c31ef1f66fea5caecbb5632ba7c68b,219413
2021-01-01,GBP,2021-01-29T16:00:00+00:00,2021-01-29T16:59:59.995000+00:00,https://jetta.dukascopy.com/v1/ticks/GBP-USD/2021/1/29/16,13c4636e312aa88afd4b132ff066f113db093591667fb03fec53df5817efba7e,259083
2021-01-01,JPY,2021-01-29T16:00:00+00:00,2021-01-29T16:59:57.172000+00:00,https://jetta.dukascopy.com/v1/ticks/USD-JPY/2021/1/29/16,0fb7ceabfffa3c9f2ee2375cdf06854842b62a09e4961c8b2e9f5e4a9e238ac8,89511
2021-01-01,NOK,2021-01-29T16:00:00+00:00,2021-01-29T16:59:59.823000+00:00,https://jetta.dukascopy.com/v1/ticks/USD-NOK/2021/1/29/16,697c6814f27ee46b0f0ea05e0e150b2d939038bf9212de7cec98ce7812671999,501925
2021-01-01,NZD,2021-01-29T16:00:00+00:00,2021-01-29T16:59:59.883000+00:00,https://jetta.dukascopy.com/v1/ticks/NZD-USD/2021/1/29/16,5200739e9a3ea6e8c8a6580cea483cdaba80868791f8e31be56afe6ef46c93c3,223343
2021-01-01,SEK,2021-01-29T16:00:00+00:00,2021-01-29T16:59:59.959000+00:00,https://jetta.dukascopy.com/v1/ticks/USD-SEK/2021/1/29/16,26efe260b0bee7b49bd77c90c2840b98340cdb7d0337c379392149d6e4ce2c02,360011
2021-02-01,AUD,2021-02-26T16:00:00+00:00,2021-02-26T16:59:59.912000+00:00,https://jetta.dukascopy.com/v1/ticks/AUD-USD/2021/2/26/16,0dab26ca7007d436ad4443432bb0bda25ce5bd148610574ba8af3eed3d88ed32,339899
2021-02-01,CAD,2021-02-26T16:00:00+00:00,2021-02-26T16:59:59.975000+00:00,https://jetta.dukascopy.com/v1/ticks/USD-CAD/2021/2/26/16,507f514069e2b91adb7a7a85f6a9d0152ad79864e2e58a2ab45ad73c632f09ee,327932
2021-02-01,CHF,2021-02-26T16:00:00+00:00,2021-02-26T16:59:59.288000+00:00,https://jetta.dukascopy.com/v1/ticks/USD-CHF/2021/2/26/16,53a44c83bf65183b2bcc9b43b2e07e1a460308b7e11b0bcebaef9bbcb50a67bc,180578
2021-02-01,EUR,2021-02-26T16:00:00+00:00,2021-02-26T16:59:59.837000+00:00,https://jetta.dukascopy.com/v1/ticks/EUR-USD/2021/2/26/16,9342cbf4543c43f700b01471d91f6602feedffab9546de4db918019eb59600f6,346615
2021-02-01,GBP,2021-02-26T16:00:00+00:00,2021-02-26T16:59:59.309000+00:00,https://jetta.dukascopy.com/v1/ticks/GBP-USD/2021/2/26/16,adedefb8c3f069d4345ae004ba279fff3d1e5572a66b5b6bb4e55067535c576f,322694
2021-02-01,JPY,2021-02-26T16:00:00+00:00,2021-02-26T16:59:58.434000+00:00,https://jetta.dukascopy.com/v1/ticks/USD-JPY/2021/2/26/16,cebbb61d2cba67f3e7ba211a9f6fcecda46d50792d18cf01cde6547dc725feef,168830
2021-02-01,NOK,2021-02-26T16:00:00+00:00,2021-02-26T16:59:59.971000+00:00,https://jetta.dukascopy.com/v1/ticks/USD-NOK/2021/2/26/16,0535efe72a0f933a3db036a276dcd00ac1f0c6a8c358cdd95b0b218d719f2330,466060
2021-02-01,NZD,2021-02-26T16:00:00+00:00,2021-02-26T16:59:59.952000+00:00,https://jetta.dukascopy.com/v1/ticks/NZD-USD/2021/2/26/16,e4ce0559e080077156dd0bd4487fb80e1cd2852e233c4fedce77bb930de91f87,294321
2021-02-01,SEK,2021-02-26T16:00:00+00:00,2021-02-26T16:59:58.820000+00:00,https://jetta.dukascopy.com/v1/ticks/USD-SEK/2021/2/26/16,b3566647de253a892781a8c94ea0915175a2d8e9f55909b4d5c62fa052678128,420235
2021-03-01,AUD,2021-03-31T16:00:00+00:00,2021-03-31T16:59:55.313000+00:00,https://jetta.dukascopy.com/v1/ticks/AUD-USD/2021/3/31/16,232b7012b71b2ce5f8e8b03a60c3f85963d73c981f29b95158158496db8e4fe7,64926
2021-03-01,CAD,2021-03-31T16:00:00+00:00,2021-03-31T16:59:55.450000+00:00,https://jetta.dukascopy.com/v1/ticks/USD-CAD/2021/3/31/16,aa35aa7b95b52e12ed3dd6700f082182f70ab12cd81e3280f281e79222afbd0f,75331
2021-03-01,CHF,2021-03-31T16:00:00+00:00,2021-03-31T16:59:58.422000+00:00,https://jetta.dukascopy.com/v1/ticks/USD-CHF/2021/3/31/16,29a64096d0d9d0f76e14af3b52bb1b7275443d6a3f8e4785570bdbd2a9a808cc,68255
2021-03-01,EUR,2021-03-31T16:00:00+00:00,2021-03-31T16:59:59.615000+00:00,https://jetta.dukascopy.com/v1/ticks/EUR-USD/2021/3/31/16,9f9845335304e3f995971cc3532af8cc463521307d8d0aa3fbc04535798934e6,79851
2021-03-01,GBP,2021-03-31T16:00:00+00:00,2021-03-31T16:59:55.376000+00:00,https://jetta.dukascopy.com/v1/ticks/GBP-USD/2021/3/31/16,b9d0eeb0099e7819416dd48816ddfe4aea946742c4253670584bb651933f1861,78331
2021-03-01,JPY,2021-03-31T16:00:00+00:00,2021-03-31T16:59:58.646000+00:00,https://jetta.dukascopy.com/v1/ticks/USD-JPY/2021/3/31/16,6487a5a26891ff5a3bee20ba4b3bf8217c50f4e12042513a3f5d92a845e58741,51277
2021-03-01,NOK,2021-03-31T16:00:00+00:00,2021-03-31T16:59:59.641000+00:00,https://jetta.dukascopy.com/v1/ticks/USD-NOK/2021/3/31/16,eea0b63651f6868244cc1416aac8c1c53cc071cf43be8eddd8d8f99545435908,114855
2021-03-01,NZD,2021-03-31T16:00:00+00:00,2021-03-31T16:59:57.369000+00:00,https://jetta.dukascopy.com/v1/ticks/NZD-USD/2021/3/31/16,999b376d00ab804e6f68096d833b4c57ba04206430c67e549aecd6e4808b276a,40621
2021-03-01,SEK,2021-03-31T16:00:00+00:00,2021-03-31T16:59:59.664000+00:00,https://jetta.dukascopy.com/v1/ticks/USD-SEK/2021/3/31/16,1dd71ac215f992ec0cd889fddcd28f6e08240d255d64ae6d8bf6856b1321b94d,113753
2021-04-01,AUD,2021-04-30T16:00:00+00:00,2021-04-30T16:59:58.408000+00:00,https://jetta.dukascopy.com/v1/ticks/AUD-USD/2021/4/30/16,96a2f40d5396579d99c4bc1baef92c22e353a01bf320664631acc3a869287ad8,77648
2021-04-01,CAD,2021-04-30T16:00:00+00:00,2021-04-30T16:59:58.796000+00:00,https://jetta.dukascopy.com/v1/ticks/USD-CAD/2021/4/30/16,c9ee76dfd1049ed6d655ca997cc7c32c743da034f62f633983a2552d0327fb1a,119899
2021-04-01,CHF,2021-04-30T16:00:00+00:00,2021-04-30T16:59:58.965000+00:00,https://jetta.dukascopy.com/v1/ticks/USD-CHF/2021/4/30/16,c2b6aa77f614c910e8f1ce3476c552f95cd8f3d9a8eb8a17e46e6be7c7d2711d,61713
2021-04-01,EUR,2021-04-30T16:00:00+00:00,2021-04-30T16:59:58.775000+00:00,https://jetta.dukascopy.com/v1/ticks/EUR-USD/2021/4/30/16,d11d42696bbe44897e449248ae588ac8101e85ed20ea41dd400856cf9e222089,71967
2021-04-01,GBP,2021-04-30T16:00:00+00:00,2021-04-30T16:59:56.340000+00:00,https://jetta.dukascopy.com/v1/ticks/GBP-USD/2021/4/30/16,962885ab6d9db085248917ed3f1c23c798d2b290c44601f077d452e3d4eb3ca2,103058
2021-04-01,JPY,2021-04-30T16:00:00+00:00,2021-04-30T16:59:58.781000+00:00,https://jetta.dukascopy.com/v1/ticks/USD-JPY/2021/4/30/16,3efd4c17ec11acf3d74da7f90b30f00f109691054093e475da056cfa6e8f4cc1,39032
2021-04-01,NOK,2021-04-30T16:00:00+00:00,2021-04-30T16:59:57.321000+00:00,https://jetta.dukascopy.com/v1/ticks/USD-NOK/2021/4/30/16,bd04b0223acae3dccd934db780af3eae2b1b592bd0f50429afa5640c10ce4e3e,130780
2021-04-01,NZD,2021-04-30T16:00:00+00:00,2021-04-30T16:59:47.360000+00:00,https://jetta.dukascopy.com/v1/ticks/NZD-USD/2021/4/30/16,4ff2c1b27d89ac2f35a112c36f7e73057a4737bd38c8339deb244c3788d8d3ab,59732
2021-04-01,SEK,2021-04-30T16:00:00+00:00,2021-04-30T16:59:57.332000+00:00,https://jetta.dukascopy.com/v1/ticks/USD-SEK/2021/4/30/16,4740d1dc3b3265946c540a3d1d242c91261846f96415f69f75b16c10ac30f0c5,83895
2021-05-01,AUD,2021-05-31T16:00:00+00:00,2021-05-31T16:59:59.826000+00:00,https://jetta.dukascopy.com/v1/ticks/AUD-USD/2021/5/31/16,f406cad9dfef464480ef239217f2b56e7060c8ccec5535f5101afd214a41fd72,20796
2021-05-01,CAD,2021-05-31T16:00:00+00:00,2021-05-31T16:59:56.814000+00:00,https://jetta.dukascopy.com/v1/ticks/USD-CAD/2021/5/31/16,68b2e3e3e26e1c22a2dad9b2efc374f5a90898fc368fb0b4469367a76a64450a,19882
2021-05-01,CHF,2021-05-31T16:00:00+00:00,2021-05-31T16:59:55.166000+00:00,https://jetta.dukascopy.com/v1/ticks/USD-CHF/2021/5/31/16,a56a1a90be35402cbde9a8144032d7d4bd677dfa139e004cbec5a94619e16288,16960
2021-05-01,EUR,2021-05-31T16:00:00+00:00,2021-05-31T16:59:59.329000+00:00,https://jetta.dukascopy.com/v1/ticks/EUR-USD/2021/5/31/16,97fd5e5676ea2246ccf94124e39409889191611e2594e2cdfac2e7a7a1ab72b7,39599
2021-05-01,GBP,2021-05-31T16:00:00+00:00,2021-05-31T16:59:56.872000+00:00,https://jetta.dukascopy.com/v1/ticks/GBP-USD/2021/5/31/16,f41a8c2d0bc8e816c051d0a83a36fa79b1a68cbea8e0b6e7ad080d0b310bdc23,40906
2021-05-01,JPY,2021-05-31T16:00:00+00:00,2021-05-31T16:59:58.765000+00:00,https://jetta.dukascopy.com/v1/ticks/USD-JPY/2021/5/31/16,a6bb8fb94fc845870e330b63969dd268b94fba2b40d55a41ed3ea13a55e57361,18453
2021-05-01,NOK,2021-05-31T16:00:00+00:00,2021-05-31T16:59:58.148000+00:00,https://jetta.dukascopy.com/v1/ticks/USD-NOK/2021/5/31/16,924c33ad8fcd003610f97668b9c4ee6560c67f3d54e3701cfe7686e2df4c6917,94219
2021-05-01,NZD,2021-05-31T16:00:00+00:00,2021-05-31T16:59:56.898000+00:00,https://jetta.dukascopy.com/v1/ticks/NZD-USD/2021/5/31/16,99d6cc926c529577a4ad5e0fbf327560d264f9c2623b1632e66990159250e9d9,20761
2021-05-01,SEK,2021-05-31T16:00:00+00:00,2021-05-31T16:59:57.107000+00:00,https://jetta.dukascopy.com/v1/ticks/USD-SEK/2021/5/31/16,6ac0212323f6af00fc35ed2c135cc6852c5a3ebd3f0fdd4baa0192747c7ecd52,53392
2021-06-01,AUD,2021-06-30T16:00:00+00:00,2021-06-30T16:59:57.819000+00:00,https://jetta.dukascopy.com/v1/ticks/AUD-USD/2021/6/30/16,84507a65c8334ddd22c799b0f073ec15848d17fd4b4bf35d5c79921618dfaff3,64693
2021-06-01,CAD,2021-06-30T16:00:00+00:00,2021-06-30T16:59:57.937000+00:00,https://jetta.dukascopy.com/v1/ticks/USD-CAD/2021/6/30/16,c0130edfd171288fe1258fba88f804da7bd3c42b04a3fef61514ed4d5cbbd797,85287
2021-06-01,CHF,2021-06-30T16:00:00+00:00,2021-06-30T16:59:58.395000+00:00,https://jetta.dukascopy.com/v1/ticks/USD-CHF/2021/6/30/16,b7e31f688a49c44cf882766dce66f87863c6ec4c46e8e9772e793db7c00a6d41,66302
2021-06-01,EUR,2021-06-30T16:00:00+00:00,2021-06-30T16:59:58.666000+00:00,https://jetta.dukascopy.com/v1/ticks/EUR-USD/2021/6/30/16,75025c598ad5a8523c209d29163b1b70321059b2857c8bd4ca4952c0d2d1cf75,76810
2021-06-01,GBP,2021-06-30T16:00:00+00:00,2021-06-30T16:59:57.993000+00:00,https://jetta.dukascopy.com/v1/ticks/GBP-USD/2021/6/30/16,79837e8d0ab44aefdef936e2e323ea3f1ad44c2535790d304740fde767f812e0,85524
2021-06-01,JPY,2021-06-30T16:00:00+00:00,2021-06-30T16:59:58.659000+00:00,https://jetta.dukascopy.com/v1/ticks/USD-JPY/2021/6/30/16,4f48ef55a1ee2e8507146f16538100df3c90c080b10a1d3f1a1aa89e52c44b7f,49856
2021-06-01,NOK,2021-06-30T16:00:00+00:00,2021-06-30T16:59:59.526000+00:00,https://jetta.dukascopy.com/v1/ticks/USD-NOK/2021/6/30/16,4aa0c8b07990230dc1685722562b8ce8a7931ed66736cfd06aae53fc2413798a,156726
2021-06-01,NZD,2021-06-30T16:00:00+00:00,2021-06-30T16:59:58.821000+00:00,https://jetta.dukascopy.com/v1/ticks/NZD-USD/2021/6/30/16,152de495c51a6f5448591c9853d3f501b882460e4aa5b7748dd2f5508dc4fa69,59936
2021-06-01,SEK,2021-06-30T16:00:00+00:00,2021-06-30T16:59:57.824000+00:00,https://jetta.dukascopy.com/v1/ticks/USD-SEK/2021/6/30/16,c6be439f4bf5bb7dfbfe1e997578f3382e477f9b9fe4440eda671c0b9810be06,110990
2021-07-01,AUD,2021-07-30T16:00:00+00:00,2021-07-30T16:59:59.831000+00:00,https://jetta.dukascopy.com/v1/ticks/AUD-USD/2021/7/30/16,d5dd0211451c71e486fe9bf99e8785d6a18ffc96dbd6d9a4a9fcc5408c1a94fb,53966
2021-07-01,CAD,2021-07-30T16:00:00+00:00,2021-07-30T16:59:59.789000+00:00,https://jetta.dukascopy.com/v1/ticks/USD-CAD/2021/7/30/16,3097779db85f7e835a299fd271e2ae67fb23617416ce2d4849f15a2989ba6994,82147
2021-07-01,CHF,2021-07-30T16:00:00+00:00,2021-07-30T16:59:59.450000+00:00,https://jetta.dukascopy.com/v1/ticks/USD-CHF/2021/7/30/16,d05896d11adf333ac1257dce74a2fc3430ae1d404fa8c89c91f211c2587a446e,45774
2021-07-01,EUR,2021-07-30T16:00:00+00:00,2021-07-30T16:59:59.250000+00:00,https://jetta.dukascopy.com/v1/ticks/EUR-USD/2021/7/30/16,bcda311519005b7b1cef23ab9bcb43e3e75ca6c836e73cdbea3de090efa7adae,49103
2021-07-01,GBP,2021-07-30T16:00:00+00:00,2021-07-30T16:59:59.329000+00:00,https://jetta.dukascopy.com/v1/ticks/GBP-USD/2021/7/30/16,6758dcc8359b5b7dfccd089c80e2a102e31c7f6b32610b05692f956f7dcfbca2,68929
2021-07-01,JPY,2021-07-30T16:00:00+00:00,2021-07-30T16:59:59.670000+00:00,https://jetta.dukascopy.com/v1/ticks/USD-JPY/2021/7/30/16,ea1a7dcd69cef375d31331fe048b21ffa451f31b4552dc4d8e4697a90bb6912d,28053
2021-07-01,NOK,2021-07-30T16:00:00+00:00,2021-07-30T16:59:59.931000+00:00,https://jetta.dukascopy.com/v1/ticks/USD-NOK/2021/7/30/16,7085d92098784fd3db94d440d38644f79afcf0aed998d4b583b29f6f1a2b95f2,184870
2021-07-01,NZD,2021-07-30T16:00:00+00:00,2021-07-30T16:59:58.486000+00:00,https://jetta.dukascopy.com/v1/ticks/NZD-USD/2021/7/30/16,2690413a352de6167701ab65b73b7e2251dd4c78da7ab4cb63978d07fc2aae67,45610
2021-07-01,SEK,2021-07-30T16:00:00+00:00,2021-07-30T16:59:59.417000+00:00,https://jetta.dukascopy.com/v1/ticks/USD-SEK/2021/7/30/16,6d3b61b9fb1be745f7a98ef6d8f8b40645e8947d6405291e165cf8c1be184032,133374
2021-08-01,AUD,2021-08-31T16:00:00+00:00,2021-08-31T16:59:59.763000+00:00,https://jetta.dukascopy.com/v1/ticks/AUD-USD/2021/8/31/16,356b7c720b4f6bd0db1f2cb777aeacec17a41fe118b3d80ada84193e5bf0f058,46027
2021-08-01,CAD,2021-08-31T16:00:00+00:00,2021-08-31T16:59:59.538000+00:00,https://jetta.dukascopy.com/v1/ticks/USD-CAD/2021/8/31/16,0210da28ce8993371370c10c84f57e37ad6d18c231f24c2ebdb9d52d849ba745,76425
2021-08-01,CHF,2021-08-31T16:00:00+00:00,2021-08-31T16:59:57.251000+00:00,https://jetta.dukascopy.com/v1/ticks/USD-CHF/2021/8/31/16,dfbb581999091bbacbb6e46bdc648d6b9f24bbf640c5808540fb777dc2820720,37047
2021-08-01,EUR,2021-08-31T16:00:00+00:00,2021-08-31T16:59:58.169000+00:00,https://jetta.dukascopy.com/v1/ticks/EUR-USD/2021/8/31/16,cd0428cc41b8b77c80563a09f462da5b99234aac1223c321a60c3536873ff469,54338
2021-08-01,GBP,2021-08-31T16:00:00+00:00,2021-08-31T16:59:57.375000+00:00,https://jetta.dukascopy.com/v1/ticks/GBP-USD/2021/8/31/16,d5c9f066395a910c62098b944ad132065ee482de3642a881c1d40764bb7bc1b4,61083
2021-08-01,JPY,2021-08-31T16:00:00+00:00,2021-08-31T16:59:57.713000+00:00,https://jetta.dukascopy.com/v1/ticks/USD-JPY/2021/8/31/16,4cec7f0f0881cae3af14cac7bc095633dde1e7643a62b11ecf411d0a98c3a1cc,52317
2021-08-01,NOK,2021-08-31T16:00:00+00:00,2021-08-31T16:59:57.864000+00:00,https://jetta.dukascopy.com/v1/ticks/USD-NOK/2021/8/31/16,daf8966ae7e0d9e6e5c1f4167e7847da054bc64f9fe50497826f77ca9aabf721,108331
2021-08-01,NZD,2021-08-31T16:00:00+00:00,2021-08-31T16:59:58.614000+00:00,https://jetta.dukascopy.com/v1/ticks/NZD-USD/2021/8/31/16,d3f8949bced9b78d032913875011a691fefe3501e00e795f7a488c3d19cadece,44799
2021-08-01,SEK,2021-08-31T16:00:00+00:00,2021-08-31T16:59:57.443000+00:00,https://jetta.dukascopy.com/v1/ticks/USD-SEK/2021/8/31/16,9a73a4670c1e4be4a59adbbdf6b536bc0971fd08604e6cbc1e036e2b8e181ea5,93309
2021-09-01,AUD,2021-09-30T16:00:00+00:00,2021-09-30T16:59:58.490000+00:00,https://jetta.dukascopy.com/v1/ticks/AUD-USD/2021/9/30/16,22863c4480c54ae4506ef1d865beb82387e8fc2fcb4f488f73a3eee20a3041a0,190131
2021-09-01,CAD,2021-09-30T16:00:00+00:00,2021-09-30T16:59:58.874000+00:00,https://jetta.dukascopy.com/v1/ticks/USD-CAD/2021/9/30/16,7af09687a96f44a6b8821ae2c3aa2b5f10b74591d6f9a71476e162bf68d6c5e5,252175
2021-09-01,CHF,2021-09-30T16:00:00+00:00,2021-09-30T16:59:59.125000+00:00,https://jetta.dukascopy.com/v1/ticks/USD-CHF/2021/9/30/16,ecb5391cfab013b25ee49af6af9511517a1621fa1fee39a75ba6269aa56ed8bd,88658
2021-09-01,EUR,2021-09-30T16:00:00+00:00,2021-09-30T16:59:59.859000+00:00,https://jetta.dukascopy.com/v1/ticks/EUR-USD/2021/9/30/16,d51242ab61aaa7df7085e615cf902d785b5722b78a511e52209c685e010ba9fc,116984
2021-09-01,GBP,2021-09-30T16:00:00+00:00,2021-09-30T16:59:59.526000+00:00,https://jetta.dukascopy.com/v1/ticks/GBP-USD/2021/9/30/16,5c187e3bfd26d26be138a18ad7d42b2b4e5f4b6957510040980a520ee06ff6ce,119768
2021-09-01,JPY,2021-09-30T16:00:00+00:00,2021-09-30T16:59:59.939000+00:00,https://jetta.dukascopy.com/v1/ticks/USD-JPY/2021/9/30/16,730ed7b4da3e89dd1e995c4052bab44b939c2a2ff199f9dbb36d45ad8569656f,82015
2021-09-01,NOK,2021-09-30T16:00:00+00:00,2021-09-30T16:59:59.993000+00:00,https://jetta.dukascopy.com/v1/ticks/USD-NOK/2021/9/30/16,81e8f94b3ae35b4b8d1d2bfeb68dc8a0dfa00e38091e892fce11f6866e6b01e1,261123
2021-09-01,NZD,2021-09-30T16:00:00+00:00,2021-09-30T16:59:58.990000+00:00,https://jetta.dukascopy.com/v1/ticks/NZD-USD/2021/9/30/16,3ac084f57a4150d8b2302a5d1782786976de1233ccb553f1aff94689dc5dcb18,170280
2021-09-01,SEK,2021-09-30T16:00:00+00:00,2021-09-30T16:59:59.893000+00:00,https://jetta.dukascopy.com/v1/ticks/USD-SEK/2021/9/30/16,6fb3764dadd8034c9cd0a3f6666813d76467a785e9fe09a327c93ef8df471675,170978
2021-10-01,AUD,2021-10-29T16:00:00+00:00,2021-10-29T16:59:59.599000+00:00,https://jetta.dukascopy.com/v1/ticks/AUD-USD/2021/10/29/16,8a460affb3fdbbb9710acb2e1b98950b4c78d98a606353fa70e340530760a702,96436
2021-10-01,CAD,2021-10-29T16:00:00+00:00,2021-10-29T16:59:59.945000+00:00,https://jetta.dukascopy.com/v1/ticks/USD-CAD/2021/10/29/16,e622b5600119a8982cb0189164abea3a697b6e625af8ec9787a5e528a8df0c10,113855
2021-10-01,CHF,2021-10-29T16:00:00+00:00,2021-10-29T16:59:59.243000+00:00,https://jetta.dukascopy.com/v1/ticks/USD-CHF/2021/10/29/16,2bf5f1c6451e1cda7e3f2c591e18d6a1bde983505bea0e86054f73d2f3c21f63,84180
2021-10-01,EUR,2021-10-29T16:00:00+00:00,2021-10-29T16:59:59.065000+00:00,https://jetta.dukascopy.com/v1/ticks/EUR-USD/2021/10/29/16,ccb6b2f72a42e01441522ad6e6eb7419ec1f0b8656398a4e08362baef07f91ec,104488
2021-10-01,GBP,2021-10-29T16:00:00+00:00,2021-10-29T16:59:59.091000+00:00,https://jetta.dukascopy.com/v1/ticks/GBP-USD/2021/10/29/16,13669b8a0e1d76a1c1a1983e49022156fee96dca610c21ae370e946c553f338a,128457
2021-10-01,JPY,2021-10-29T16:00:00+00:00,2021-10-29T16:59:57.178000+00:00,https://jetta.dukascopy.com/v1/ticks/USD-JPY/2021/10/29/16,2f9b4ab495d532139a6e814a359c10905ccc100f82e1f9bf9693b3ed445a1cd2,61959
2021-10-01,NOK,2021-10-29T16:00:00+00:00,2021-10-29T16:59:59.142000+00:00,https://jetta.dukascopy.com/v1/ticks/USD-NOK/2021/10/29/16,16f475e55b313fa5088c2c9082f4b09df28c7f30a2d39e8bd7dfd768efb460ba,179132
2021-10-01,NZD,2021-10-29T16:00:00+00:00,2021-10-29T16:59:59.098000+00:00,https://jetta.dukascopy.com/v1/ticks/NZD-USD/2021/10/29/16,d01a9a009a137f5e9f9cceed00336ec662ca649d41ab9c12d9c6ac9150ca2c35,82566
2021-10-01,SEK,2021-10-29T16:00:00+00:00,2021-10-29T16:59:57.318000+00:00,https://jetta.dukascopy.com/v1/ticks/USD-SEK/2021/10/29/16,995937f8f7b91215d6c7e27d612c202743695e8ba353edfe8bbd4ec50cfd60c2,159293
2021-11-01,AUD,2021-11-30T16:00:00+00:00,2021-11-30T16:59:59.541000+00:00,https://jetta.dukascopy.com/v1/ticks/AUD-USD/2021/11/30/16,9296e26f49d000f02fc1ae0d9ffdcba92261e0c5e4f6621d70a7281e0d5be050,428398
2021-11-01,CAD,2021-11-30T16:00:00+00:00,2021-11-30T16:59:59.614000+00:00,https://jetta.dukascopy.com/v1/ticks/USD-CAD/2021/11/30/16,3ce70377f81e5b889c49fdecc14e05be0af01607189252a591ced57b63a112de,474819
2021-11-01,CHF,2021-11-30T16:00:00+00:00,2021-11-30T16:59:59.709000+00:00,https://jetta.dukascopy.com/v1/ticks/USD-CHF/2021/11/30/16,b2e5cb518d0c39eccac414544d4e5debe2113cb72b6d98a3fff1b23e797b8bde,365661
2021-11-01,EUR,2021-11-30T16:00:00+00:00,2021-11-30T16:59:59.558000+00:00,https://jetta.dukascopy.com/v1/ticks/EUR-USD/2021/11/30/16,95704501befc006e4df5a022d3a58735959cd614f65e64a39d5ecec50cadd366,514423
2021-11-01,GBP,2021-11-30T16:00:00+00:00,2021-11-30T16:59:59.986000+00:00,https://jetta.dukascopy.com/v1/ticks/GBP-USD/2021/11/30/16,b5f0dce7bd6a7db2e018f6bdae645b4ae536f40f6c911af6cd252aff8546d190,582444
2021-11-01,JPY,2021-11-30T16:00:00+00:00,2021-11-30T16:59:59.206000+00:00,https://jetta.dukascopy.com/v1/ticks/USD-JPY/2021/11/30/16,8dc394633f20293b171dc787a2aeec28d80379976c2ee4e54a718a95707d4e2e,480573
2021-11-01,NOK,2021-11-30T16:00:00+00:00,2021-11-30T16:59:59.671000+00:00,https://jetta.dukascopy.com/v1/ticks/USD-NOK/2021/11/30/16,e7b3dd0928172c5db86c5f7fbcd916f994f29fed1e69d5dd164f7c218e67af15,598764
2021-11-01,NZD,2021-11-30T16:00:00+00:00,2021-11-30T16:59:59.962000+00:00,https://jetta.dukascopy.com/v1/ticks/NZD-USD/2021/11/30/16,ed139b9c7af2f5134914cef7da56a484a3170d3546a06b730bf219f746c7ca42,414113
2021-11-01,SEK,2021-11-30T16:00:00+00:00,2021-11-30T16:59:59.831000+00:00,https://jetta.dukascopy.com/v1/ticks/USD-SEK/2021/11/30/16,c0ed21be754575dec84364e06532d2533d84cd7c1f7b3e724db8b0aeacba8ff2,600735
2021-12-01,AUD,2021-12-31T16:00:00+00:00,2021-12-31T16:59:58.894000+00:00,https://jetta.dukascopy.com/v1/ticks/AUD-USD/2021/12/31/16,1220b602d59f77bf675c4442f8c75107ef796fa2f9d0d1275c5e059f8aa66b37,93358
2021-12-01,CAD,2021-12-31T16:00:00+00:00,2021-12-31T16:59:59.997000+00:00,https://jetta.dukascopy.com/v1/ticks/USD-CAD/2021/12/31/16,c50259717d13f5980afac34f6068cdb58a14e0e1cc3d06b8bdc30409fe8d860a,165550
2021-12-01,CHF,2021-12-31T16:00:00+00:00,2021-12-31T16:59:59.625000+00:00,https://jetta.dukascopy.com/v1/ticks/USD-CHF/2021/12/31/16,08f284f8671ac4139f95288151c1445bd4326b78261ef1e4ce259922a276527d,90977
2021-12-01,EUR,2021-12-31T16:00:00+00:00,2021-12-31T16:59:59.811000+00:00,https://jetta.dukascopy.com/v1/ticks/EUR-USD/2021/12/31/16,2ad30a9d14fa7281f83ea7499150ce608855bdafad901c8f034c8a58089d635d,99327
2021-12-01,GBP,2021-12-31T16:00:00+00:00,2021-12-31T16:59:58.642000+00:00,https://jetta.dukascopy.com/v1/ticks/GBP-USD/2021/12/31/16,0065501e671e05c8b01916226ee2835c4fd3e5803afdc669aef5fedb0cc5f0a2,121743
2021-12-01,JPY,2021-12-31T16:00:00+00:00,2021-12-31T16:59:58.643000+00:00,https://jetta.dukascopy.com/v1/ticks/USD-JPY/2021/12/31/16,23ef54fefe419a8bd530f63683a4bd5371e3d7e3a4225f6f1d215bb27e120235,70379
2021-12-01,NOK,2021-12-31T16:00:00+00:00,2021-12-31T16:59:58.804000+00:00,https://jetta.dukascopy.com/v1/ticks/USD-NOK/2021/12/31/16,a64ec9d1acbec67bfaaa6820a54ee1a7a86722585ffb0878224210aa7a8ba420,193722
2021-12-01,NZD,2021-12-31T16:00:00+00:00,2021-12-31T16:59:58.734000+00:00,https://jetta.dukascopy.com/v1/ticks/NZD-USD/2021/12/31/16,2f45ec3cb43313870ca05e4e846f11825e0a3f0b4e72fe836de8cabc5636a409,144446
2021-12-01,SEK,2021-12-31T16:00:00+00:00,2021-12-31T16:59:59.986000+00:00,https://jetta.dukascopy.com/v1/ticks/USD-SEK/2021/12/31/16,d4eaab6339fa7d942621e2f1bc1b056ed7f7c7cb795ab1c7349a3c00acdf6e8d,203967
2022-01-01,AUD,2022-01-31T16:00:00+00:00,2022-01-31T16:59:59.582000+00:00,https://jetta.dukascopy.com/v1/ticks/AUD-USD/2022/1/31/16,09d88b4ffdfa05a93c035cae2f90cd375803e1309f4433b6ab2eb61936706096,177002
2022-01-01,CAD,2022-01-31T16:00:00+00:00,2022-01-31T16:59:59.282000+00:00,https://jetta.dukascopy.com/v1/ticks/USD-CAD/2022/1/31/16,83c559e77a8892806fd9b73bc62fc8ccc2e1f682d54cedd2f63c6aabcb6763df,235247
2022-01-01,CHF,2022-01-31T16:00:00+00:00,2022-01-31T16:59:58.576000+00:00,https://jetta.dukascopy.com/v1/ticks/USD-CHF/2022/1/31/16,1f70f2ec021a63ac1c7fe41f76cffbb986761d06cfc7c116ec71f5ecb62c4952,143197
2022-01-01,EUR,2022-01-31T16:00:00+00:00,2022-01-31T16:59:59.475000+00:00,https://jetta.dukascopy.com/v1/ticks/EUR-USD/2022/1/31/16,93e81896d3df7987be6b2833e38e579355afd81fcdf0933952292b961fe4209f,156872
2022-01-01,GBP,2022-01-31T16:00:00+00:00,2022-01-31T16:59:57.202000+00:00,https://jetta.dukascopy.com/v1/ticks/GBP-USD/2022/1/31/16,153684c834dc1a6db2f602d38be91898770fdc649898e3935d4ba21cddeb4b98,192930
2022-01-01,JPY,2022-01-31T16:00:00+00:00,2022-01-31T16:59:59.963000+00:00,https://jetta.dukascopy.com/v1/ticks/USD-JPY/2022/1/31/16,baa40d418e81d37b3ee05b7f6ff49aea46634193fe8eb5b06ebe1e403ee3fe2c,120981
2022-01-01,NOK,2022-01-31T16:00:00+00:00,2022-01-31T16:59:59.481000+00:00,https://jetta.dukascopy.com/v1/ticks/USD-NOK/2022/1/31/16,9af7e2e860e2ee9fe559ec64bb75e527f2fe355757dc5d4d328e4b287e4595d0,343074
2022-01-01,NZD,2022-01-31T16:00:00+00:00,2022-01-31T16:59:59.794000+00:00,https://jetta.dukascopy.com/v1/ticks/NZD-USD/2022/1/31/16,e928cfbef6d1a0b848764f2c7d2c2852d7b41baba3b2d1f48d6b8c73966af5ee,173352
2022-01-01,SEK,2022-01-31T16:00:00+00:00,2022-01-31T16:59:59.445000+00:00,https://jetta.dukascopy.com/v1/ticks/USD-SEK/2022/1/31/16,59add5edcb05e69d873577a6b788e844d43ff86c91621baf38b2d3e800a6ec32,192437
2022-02-01,AUD,2022-02-28T16:00:00+00:00,2022-02-28T16:59:59.712000+00:00,https://jetta.dukascopy.com/v1/ticks/AUD-USD/2022/2/28/16,25f0c13bd600713feb953fe1b6896d7be3b4f4088d04b8307ffa3368af410e09,199776
2022-02-01,CAD,2022-02-28T16:00:00+00:00,2022-02-28T16:59:59.348000+00:00,https://jetta.dukascopy.com/v1/ticks/USD-CAD/2022/2/28/16,8ccdbda0f21415bf2f1f058327b94296326bc2598ed0dbb59309dcbf8e4a0009,225587
2022-02-01,CHF,2022-02-28T16:00:00+00:00,2022-02-28T16:59:59.180000+00:00,https://jetta.dukascopy.com/v1/ticks/USD-CHF/2022/2/28/16,3db0bf5b2169788c177627f811c60186dabe75edecdce2384a4a46d1e5019673,210556
2022-02-01,EUR,2022-02-28T16:00:00+00:00,2022-02-28T16:59:59.995000+00:00,https://jetta.dukascopy.com/v1/ticks/EUR-USD/2022/2/28/16,42cb43d2d1ccf602f626e5b6a49c2d097b02b236cce0f26480f3ffc36c1c950d,247468
2022-02-01,GBP,2022-02-28T16:00:00+00:00,2022-02-28T16:59:59.989000+00:00,https://jetta.dukascopy.com/v1/ticks/GBP-USD/2022/2/28/16,8d3cb7cfe8deed660f8761209cad1dc92b714d8078f707aa0c79a8d912397991,233245
2022-02-01,JPY,2022-02-28T16:00:00+00:00,2022-02-28T16:59:59.582000+00:00,https://jetta.dukascopy.com/v1/ticks/USD-JPY/2022/2/28/16,cb2261d19cccbefca93dd00a81254fb2ccd8a157826b7de947300497afb7d460,169383
2022-02-01,NOK,2022-02-28T16:00:00+00:00,2022-02-28T16:59:59.969000+00:00,https://jetta.dukascopy.com/v1/ticks/USD-NOK/2022/2/28/16,91fe08173e576d7dace0a927d61475d52411101f23c437f452677748dbf90941,456547
2022-02-01,NZD,2022-02-28T16:00:00+00:00,2022-02-28T16:59:59.155000+00:00,https://jetta.dukascopy.com/v1/ticks/NZD-USD/2022/2/28/16,f69def73765ea3eef2ce4a87d558db99b70b07c91b1889a452644c986e0345f4,201121
2022-02-01,SEK,2022-02-28T16:00:00+00:00,2022-02-28T16:59:59.969000+00:00,https://jetta.dukascopy.com/v1/ticks/USD-SEK/2022/2/28/16,2fa28a1e1a368c163bc089133c492337a073967a782af04f258c09a65bfbc73a,438321
2022-03-01,AUD,2022-03-31T16:00:00+00:00,2022-03-31T16:59:57.394000+00:00,https://jetta.dukascopy.com/v1/ticks/AUD-USD/2022/3/31/16,03e27fddac21eec2df535021a227c64e7da27f9aec5e83b8936ab343e1781588,66626
2022-03-01,CAD,2022-03-31T16:00:00+00:00,2022-03-31T16:59:59.591000+00:00,https://jetta.dukascopy.com/v1/ticks/USD-CAD/2022/3/31/16,65c01c23df93cf558810048f170bd160d2b8e1cdbdd5d48a04ef3e442bcb9d1a,81726
2022-03-01,CHF,2022-03-31T16:00:00+00:00,2022-03-31T16:59:59.981000+00:00,https://jetta.dukascopy.com/v1/ticks/USD-CHF/2022/3/31/16,0d4d13a3652f87e303aa0fba9d37e46b36d2905f116e348ba00efcf5fde3f043,76923
2022-03-01,EUR,2022-03-31T16:00:00+00:00,2022-03-31T16:59:59.600000+00:00,https://jetta.dukascopy.com/v1/ticks/EUR-USD/2022/3/31/16,22a483149e83ab943d08751bc043452f416cf30be3515ed603e019349bc94b0a,90111
2022-03-01,GBP,2022-03-31T16:00:00+00:00,2022-03-31T16:59:59.853000+00:00,https://jetta.dukascopy.com/v1/ticks/GBP-USD/2022/3/31/16,4eeb0820dbba4309c447dbf286c4bc4c9d538cfc42e5ec3c2fd12f7b060d5277,93674
2022-03-01,JPY,2022-03-31T16:00:00+00:00,2022-03-31T16:59:59.963000+00:00,https://jetta.dukascopy.com/v1/ticks/USD-JPY/2022/3/31/16,63b9986e32038ef7b51f8e943c4edb64e53021a41e3360fc811b60185e1e8ce4,104342
2022-03-01,NOK,2022-03-31T16:00:00+00:00,2022-03-31T16:59:59.998000+00:00,https://jetta.dukascopy.com/v1/ticks/USD-NOK/2022/3/31/16,2e19c7d81be187ba744073a09a74ba7d2dbf4ac186a86941906191a904dc2777,259962
2022-03-01,NZD,2022-03-31T16:00:00+00:00,2022-03-31T16:59:46.090000+00:00,https://jetta.dukascopy.com/v1/ticks/NZD-USD/2022/3/31/16,02f4bc94f4af3fbf249a7aec3b4324c917d3d95c1b3095e9d34b7734d264a4ea,54093
2022-03-01,SEK,2022-03-31T16:00:00+00:00,2022-03-31T16:59:59.825000+00:00,https://jetta.dukascopy.com/v1/ticks/USD-SEK/2022/3/31/16,5c860223682c377a79b1ac39ff16e423e5212adfb2e870d29d45f06a2588f07c,258890
2022-04-01,AUD,2022-04-29T16:00:00+00:00,2022-04-29T16:59:58.932000+00:00,https://jetta.dukascopy.com/v1/ticks/AUD-USD/2022/4/29/16,31d130cdd7050f014ad1df0112a9f8bf0d71b691dbcc20f94b29c4b09487c1d7,102699
2022-04-01,CAD,2022-04-29T16:00:00+00:00,2022-04-29T16:59:59.827000+00:00,https://jetta.dukascopy.com/v1/ticks/USD-CAD/2022/4/29/16,93e2943df093b725d21418f9e41d4ab218202ecd44e3a7b018245d89e9afae87,124084
2022-04-01,CHF,2022-04-29T16:00:00+00:00,2022-04-29T16:59:58.369000+00:00,https://jetta.dukascopy.com/v1/ticks/USD-CHF/2022/4/29/16,cc2d1e6d15459b0d1d81bfb81566a7d87d1c6fc0165974de00c971b9b3412192,82929
2022-04-01,EUR,2022-04-29T16:00:00+00:00,2022-04-29T16:59:59.082000+00:00,https://jetta.dukascopy.com/v1/ticks/EUR-USD/2022/4/29/16,ce8d4a825a9857e88cc87ed54eb4350405f6468d2a0c2175ccd5edcee6bcb5ca,106934
2022-04-01,GBP,2022-04-29T16:00:00+00:00,2022-04-29T16:59:59.823000+00:00,https://jetta.dukascopy.com/v1/ticks/GBP-USD/2022/4/29/16,aa04b7dee56911416fdf8b12de61283ea76571878ecbced377f30f93efb222b0,115290
2022-04-01,JPY,2022-04-29T16:00:00+00:00,2022-04-29T16:59:58.609000+00:00,https://jetta.dukascopy.com/v1/ticks/USD-JPY/2022/4/29/16,e401f04faad2c0946862128989338f8271ae3e2572e2b98f45f0e13b0294e1cc,121436
2022-04-01,NOK,2022-04-29T16:00:00+00:00,2022-04-29T16:59:59.105000+00:00,https://jetta.dukascopy.com/v1/ticks/USD-NOK/2022/4/29/16,acbb1b615ade223edbd2231fbe387a939f41f5f6a5bd80870033e44ef7f5059e,326620
2022-04-01,NZD,2022-04-29T16:00:00+00:00,2022-04-29T16:59:59.020000+00:00,https://jetta.dukascopy.com/v1/ticks/NZD-USD/2022/4/29/16,5c99d46be35a1fb8f39b2dcce4d492c1ad76b3974871124bc35729ace41be070,84374
2022-04-01,SEK,2022-04-29T16:00:00+00:00,2022-04-29T16:59:59.565000+00:00,https://jetta.dukascopy.com/v1/ticks/USD-SEK/2022/4/29/16,f69ec94abfb72bd79ab6387cfa8c57a72e785cc832466c94880c7d57557b88a8,260880
2022-05-01,AUD,2022-05-31T16:00:00+00:00,2022-05-31T16:59:59.921000+00:00,https://jetta.dukascopy.com/v1/ticks/AUD-USD/2022/5/31/16,7eef8f23163df2bf6aaed6d3c4b446d230bbea778b8721e7f234d06416bd69bd,111554
2022-05-01,CAD,2022-05-31T16:00:00+00:00,2022-05-31T16:59:59.117000+00:00,https://jetta.dukascopy.com/v1/ticks/USD-CAD/2022/5/31/16,1189bd199f1b265e86de9efc6c6ff895fefe114d15a94dd6baaf97dc52020297,149106
2022-05-01,CHF,2022-05-31T16:00:00+00:00,2022-05-31T16:59:59.794000+00:00,https://jetta.dukascopy.com/v1/ticks/USD-CHF/2022/5/31/16,738a90dfc23b35efee58a64aeb04663e7ea8b8ee474c47636fc5e2acaf7c0709,75871
2022-05-01,EUR,2022-05-31T16:00:00+00:00,2022-05-31T16:59:59.898000+00:00,https://jetta.dukascopy.com/v1/ticks/EUR-USD/2022/5/31/16,a8392ef34ee6ee694bc5c67d526187e53d9cfba80e38781414b59f7a71bcdc76,104495
2022-05-01,GBP,2022-05-31T16:00:00+00:00,2022-05-31T16:59:59.956000+00:00,https://jetta.dukascopy.com/v1/ticks/GBP-USD/2022/5/31/16,8987048743fcf55e8e18eb1c3a002055b97fca3f39aa4c06ab9b651faca33242,149531
2022-05-01,JPY,2022-05-31T16:00:00+00:00,2022-05-31T16:59:59.848000+00:00,https://jetta.dukascopy.com/v1/ticks/USD-JPY/2022/5/31/16,67fa3656c39f9a8ba76eb76cee7c81be4d6e4d96084f8b1f098737de7d55a11c,87828
2022-05-01,NOK,2022-05-31T16:00:00+00:00,2022-05-31T16:59:59.827000+00:00,https://jetta.dukascopy.com/v1/ticks/USD-NOK/2022/5/31/16,0dba365acd7f27a1b7f99a9a79a34b97801cb70da0f4218ca8009ed0b12087c3,246303
2022-05-01,NZD,2022-05-31T16:00:00+00:00,2022-05-31T16:59:59.739000+00:00,https://jetta.dukascopy.com/v1/ticks/NZD-USD/2022/5/31/16,19f76d2da5938b09f84c8b49c9f66961c22f339f911535314641cd476375f851,114166
2022-05-01,SEK,2022-05-31T16:00:00+00:00,2022-05-31T16:59:59.964000+00:00,https://jetta.dukascopy.com/v1/ticks/USD-SEK/2022/5/31/16,9da3b4b92a6bba1f4adcf258937b8358fd7fe73aa1906ca264e2a33a4c518b4b,211396
2022-06-01,AUD,2022-06-30T16:00:00+00:00,2022-06-30T16:59:58.378000+00:00,https://jetta.dukascopy.com/v1/ticks/AUD-USD/2022/6/30/16,e63b58a07d7347f856fa1ed59e4bcff0c9fa434df7df2a826f4443904c5e37cb,173233
2022-06-01,CAD,2022-06-30T16:00:00+00:00,2022-06-30T16:59:59.147000+00:00,https://jetta.dukascopy.com/v1/ticks/USD-CAD/2022/6/30/16,d88a7f52803e5b9e69baad73a07b839dbf1c1c497aa88c8b73dfd984a93a8bd7,199693
2022-06-01,CHF,2022-06-30T16:00:00+00:00,2022-06-30T16:59:59.537000+00:00,https://jetta.dukascopy.com/v1/ticks/USD-CHF/2022/6/30/16,d577e2e03bde1fa6583b40245a7540c833ac7939970c50632bbac823cf667f4b,146829
2022-06-01,EUR,2022-06-30T16:00:00+00:00,2022-06-30T16:59:57.066000+00:00,https://jetta.dukascopy.com/v1/ticks/EUR-USD/2022/6/30/16,b287338f215752354e0f954d090f60ed0cacaccc36827e68b441b51b2ec33b5c,178815
2022-06-01,GBP,2022-06-30T16:00:00+00:00,2022-06-30T16:59:59.056000+00:00,https://jetta.dukascopy.com/v1/ticks/GBP-USD/2022/6/30/16,63a30801fae6f53e3b65dd8c1fb4b635d84d2dd4fe832801b4139d601ab1829e,206994
2022-06-01,JPY,2022-06-30T16:00:00+00:00,2022-06-30T16:59:59.175000+00:00,https://jetta.dukascopy.com/v1/ticks/USD-JPY/2022/6/30/16,7860f9f62a6f22264d248abfea63332a379b2a0c9a1340ed90ea8e8016d66709,183667
2022-06-01,NOK,2022-06-30T16:00:00+00:00,2022-06-30T16:59:59.682000+00:00,https://jetta.dukascopy.com/v1/ticks/USD-NOK/2022/6/30/16,52d42fe60f89c0d58b105955b4d1aa2c937934a3fd47c99a36a33a8a69cbbba8,248573
2022-06-01,NZD,2022-06-30T16:00:00+00:00,2022-06-30T16:59:59.571000+00:00,https://jetta.dukascopy.com/v1/ticks/NZD-USD/2022/6/30/16,5425b9eb16372160109c08db3130d9c1722496cf32cc6641d287909fac2aa225,159686
2022-06-01,SEK,2022-06-30T16:00:00+00:00,2022-06-30T16:59:59.951000+00:00,https://jetta.dukascopy.com/v1/ticks/USD-SEK/2022/6/30/16,53797c3cf636f7fb7aad99a46095f39d040031e6be9aecfc7c9c25c41d25238d,257515
2022-07-01,AUD,2022-07-29T16:00:00+00:00,2022-07-29T16:59:58.322000+00:00,https://jetta.dukascopy.com/v1/ticks/AUD-USD/2022/7/29/16,cfc116a55db292b95e98f22584e08e4be263edb67e0053a0f6898064f5e0acd2,120340
2022-07-01,CAD,2022-07-29T16:00:00+00:00,2022-07-29T16:59:59.111000+00:00,https://jetta.dukascopy.com/v1/ticks/USD-CAD/2022/7/29/16,9fb11e3bb5faedd76b7b5ae870655a26a38382b363566fd0586a01ef80077746,164559
2022-07-01,CHF,2022-07-29T16:00:00+00:00,2022-07-29T16:59:59.937000+00:00,https://jetta.dukascopy.com/v1/ticks/USD-CHF/2022/7/29/16,63f1870ae0c953d83821c44ef12644b2fa195df389dcdeab54a3007a3d0115a2,150391
2022-07-01,EUR,2022-07-29T16:00:00+00:00,2022-07-29T16:59:59.602000+00:00,https://jetta.dukascopy.com/v1/ticks/EUR-USD/2022/7/29/16,cd7cb78d29ba0699c944029db1a57dcdbd179628b7b9f7cf10e2807ff23cf669,211392
2022-07-01,GBP,2022-07-29T16:00:00+00:00,2022-07-29T16:59:59.667000+00:00,https://jetta.dukascopy.com/v1/ticks/GBP-USD/2022/7/29/16,9d3052bb2c642d300f2e33d5a0d642bb4ab0f12f1ebdc25a71632f8de0e61e0b,193861
2022-07-01,JPY,2022-07-29T16:00:00+00:00,2022-07-29T16:59:59.786000+00:00,https://jetta.dukascopy.com/v1/ticks/USD-JPY/2022/7/29/16,ff01c3c8f0ff5537a16ff89b42ab9f9c048da8032a3c7e9ef1d90ad25fd712cd,160177
2022-07-01,NOK,2022-07-29T16:00:00+00:00,2022-07-29T16:59:59.653000+00:00,https://jetta.dukascopy.com/v1/ticks/USD-NOK/2022/7/29/16,3892bd0f67816db80f5c2d6902cedf33f0264129892ad53a50e6bf67a68b5e6d,311995
2022-07-01,NZD,2022-07-29T16:00:00+00:00,2022-07-29T16:59:59.706000+00:00,https://jetta.dukascopy.com/v1/ticks/NZD-USD/2022/7/29/16,e6b3622e49f983202968d6d06b417b6984af29213a926b353304d769dfc33373,116970
2022-07-01,SEK,2022-07-29T16:00:00+00:00,2022-07-29T16:59:59.835000+00:00,https://jetta.dukascopy.com/v1/ticks/USD-SEK/2022/7/29/16,e946daa8d829421500fa5d6844361102d6c72eb74b319441369c9c9d14db39b7,225728
2022-08-01,AUD,2022-08-31T16:00:00+00:00,2022-08-31T16:59:59.518000+00:00,https://jetta.dukascopy.com/v1/ticks/AUD-USD/2022/8/31/16,f1e8a9a7d06e4a09ae0afad65414923d945922ca64a8f8eb73ddc250df734254,126816
2022-08-01,CAD,2022-08-31T16:00:00+00:00,2022-08-31T16:59:58.577000+00:00,https://jetta.dukascopy.com/v1/ticks/USD-CAD/2022/8/31/16,dfd64f4b03fcdcae50d813e37bc0b49cfca7bc9d95cc5ea26a3c932fc73ed07e,236836
2022-08-01,CHF,2022-08-31T16:00:00+00:00,2022-08-31T16:59:59.575000+00:00,https://jetta.dukascopy.com/v1/ticks/USD-CHF/2022/8/31/16,bb0da5ba25622f8db708cd8e85f6067ac87a81bb96b03d6eb592a79b8d16cff2,110899
2022-08-01,EUR,2022-08-31T16:00:00+00:00,2022-08-31T16:59:59.543000+00:00,https://jetta.dukascopy.com/v1/ticks/EUR-USD/2022/8/31/16,5931814e8c5a783eaea9207e20107242157aac98a1fb93acc52543511e5aa51b,213545
2022-08-01,GBP,2022-08-31T16:00:00+00:00,2022-08-31T16:59:59.493000+00:00,https://jetta.dukascopy.com/v1/ticks/GBP-USD/2022/8/31/16,8553a8722a2efebc7fca9e324e9c77db42e6aa731853476a30e5afa8f21bae93,225721
2022-08-01,JPY,2022-08-31T16:00:00+00:00,2022-08-31T16:59:58.552000+00:00,https://jetta.dukascopy.com/v1/ticks/USD-JPY/2022/8/31/16,2d044f3749da378d8e50a192b18e60503593ac5797871539848b62b4f0708514,130096
2022-08-01,NOK,2022-08-31T16:00:00+00:00,2022-08-31T16:59:59.750000+00:00,https://jetta.dukascopy.com/v1/ticks/USD-NOK/2022/8/31/16,a51b097f3aa6a04276ebb7abdf4ef86a7002687cc4e1f2511bf2d45146c05913,457082
2022-08-01,NZD,2022-08-31T16:00:00+00:00,2022-08-31T16:59:57.819000+00:00,https://jetta.dukascopy.com/v1/ticks/NZD-USD/2022/8/31/16,03920fb88c1cb7fed91d879434562c65b0a9667363903f94f40d87bc10b4f7b5,100454
2022-08-01,SEK,2022-08-31T16:00:00+00:00,2022-08-31T16:59:59.800000+00:00,https://jetta.dukascopy.com/v1/ticks/USD-SEK/2022/8/31/16,06e4bff6d4a43d3ac5c939c35045d4333a2b512842adadf767093fd3cf862ca5,279521
2022-09-01,AUD,2022-09-30T16:00:00+00:00,2022-09-30T16:59:58.313000+00:00,https://jetta.dukascopy.com/v1/ticks/AUD-USD/2022/9/30/16,d704cb2f1ce6bcea92fea874a4402b9be775fb8449a4fa1f14a6635fe44253a7,144632
2022-09-01,CAD,2022-09-30T16:00:00+00:00,2022-09-30T16:59:59.116000+00:00,https://jetta.dukascopy.com/v1/ticks/USD-CAD/2022/9/30/16,01a411cb6fb33400f97e51aec10d77bf27b673a6e9fcfd55a3b451ca63c472e1,267560
2022-09-01,CHF,2022-09-30T16:00:00+00:00,2022-09-30T16:59:59.202000+00:00,https://jetta.dukascopy.com/v1/ticks/USD-CHF/2022/9/30/16,3f98d8b4bd7f88ddd436683e9981be128fad214a9c469c64c90f2f8fcaf520f9,227245
2022-09-01,EUR,2022-09-30T16:00:00+00:00,2022-09-30T16:59:58.117000+00:00,https://jetta.dukascopy.com/v1/ticks/EUR-USD/2022/9/30/16,66eca94d815e7bcb47167c121c81c5a1e342992217541545e72ca1a3cefe8429,259966
2022-09-01,GBP,2022-09-30T16:00:00+00:00,2022-09-30T16:59:59.949000+00:00,https://jetta.dukascopy.com/v1/ticks/GBP-USD/2022/9/30/16,61ff0a8dd27c737efcc4fe844246d5cf312ceec8251712caafec574cf53201a4,372178
2022-09-01,JPY,2022-09-30T16:00:00+00:00,2022-09-30T16:59:59.978000+00:00,https://jetta.dukascopy.com/v1/ticks/USD-JPY/2022/9/30/16,07a82fa831d352dabd326a6af834ff21a2a80f00bfe96b87c0534548de400943,153152
2022-09-01,NOK,2022-09-30T16:00:00+00:00,2022-09-30T16:59:58.137000+00:00,https://jetta.dukascopy.com/v1/ticks/USD-NOK/2022/9/30/16,254b37fbac71ed5ce10ba8b77f394f89e1a261f454ec1eff177863fbfde1b0b9,548713
2022-09-01,NZD,2022-09-30T16:00:00+00:00,2022-09-30T16:59:58.257000+00:00,https://jetta.dukascopy.com/v1/ticks/NZD-USD/2022/9/30/16,005c068a526c6f20b2c3aee79bd5fbf5b4d4d66ed221a191aef62d8949214152,154002
2022-09-01,SEK,2022-09-30T16:00:00+00:00,2022-09-30T16:59:59.968000+00:00,https://jetta.dukascopy.com/v1/ticks/USD-SEK/2022/9/30/16,9e7cbfcd971f0c1c6dd40119f0fd2a8f39c8050ee87f8ece2f84ef2683ff0656,686396
2022-10-01,AUD,2022-10-31T16:00:00+00:00,2022-10-31T16:59:58.087000+00:00,https://jetta.dukascopy.com/v1/ticks/AUD-USD/2022/10/31/16,434fc9b829ea06f76b2fe059d959449aca6e43839ffe4c34616e14fb8bd6f060,241740
2022-10-01,CAD,2022-10-31T16:00:00+00:00,2022-10-31T16:59:59.715000+00:00,https://jetta.dukascopy.com/v1/ticks/USD-CAD/2022/10/31/16,6b7b768312bc20ac8847ccefa09e14d0453fe75b748b9ba5c7ed3f27fe4b2052,255866
2022-10-01,CHF,2022-10-31T16:00:00+00:00,2022-10-31T16:59:59.974000+00:00,https://jetta.dukascopy.com/v1/ticks/USD-CHF/2022/10/31/16,e98267aae53549f75a9275a90fef5625d6dd98396ca7ac95e4ffc0e2c97f541a,197202
2022-10-01,EUR,2022-10-31T16:00:00+00:00,2022-10-31T16:59:59.997000+00:00,https://jetta.dukascopy.com/v1/ticks/EUR-USD/2022/10/31/16,84df39ef8376ac8f1ee15088a4ec3d1cbdd184b2ae343e094b6b6f55e2f64440,285071
2022-10-01,GBP,2022-10-31T16:00:00+00:00,2022-10-31T16:59:59.898000+00:00,https://jetta.dukascopy.com/v1/ticks/GBP-USD/2022/10/31/16,39a5204fe4c797a85fb33ba00636a36585d3f1ac6498d041b5b74aaab765e5f0,343659
2022-10-01,JPY,2022-10-31T16:00:00+00:00,2022-10-31T16:59:59.693000+00:00,https://jetta.dukascopy.com/v1/ticks/USD-JPY/2022/10/31/16,cf4544f11f1678e30aa550c1462b9ee5f5081e4be5750a3e680e4835496a04d2,275611
2022-10-01,NOK,2022-10-31T16:00:00+00:00,2022-10-31T16:59:59.820000+00:00,https://jetta.dukascopy.com/v1/ticks/USD-NOK/2022/10/31/16,45809a27f2c1f83daabfe9b741420c1b921aeb9ce2745b5b8673363611df17c3,313429
2022-10-01,NZD,2022-10-31T16:00:00+00:00,2022-10-31T16:59:59.666000+00:00,https://jetta.dukascopy.com/v1/ticks/NZD-USD/2022/10/31/16,d387c473b2f481869696d673079952e2989c9498fba35602de5ffcdbfcd93407,181448
2022-10-01,SEK,2022-10-31T16:00:00+00:00,2022-10-31T16:59:59.998000+00:00,https://jetta.dukascopy.com/v1/ticks/USD-SEK/2022/10/31/16,ec9b9bf398932b40b7a2b83f2f33c32e9da5f13f5a4f7466725c900bd10cefbf,359011
2022-11-01,AUD,2022-11-30T16:00:00+00:00,2022-11-30T16:59:59.375000+00:00,https://jetta.dukascopy.com/v1/ticks/AUD-USD/2022/11/30/16,3d021d2d3c91ba7b683b3d0c4909d3984a519019520f1cc05bade1ba3b7c2cf0,255069
2022-11-01,CAD,2022-11-30T16:00:00+00:00,2022-11-30T16:59:59.432000+00:00,https://jetta.dukascopy.com/v1/ticks/USD-CAD/2022/11/30/16,51bd0ebc7a36b18a353626e0e5837753bea4d65af971c7c2af1c8cd27c126ded,249383
2022-11-01,CHF,2022-11-30T16:00:00+00:00,2022-11-30T16:59:59.341000+00:00,https://jetta.dukascopy.com/v1/ticks/USD-CHF/2022/11/30/16,e67a2031153c133c085eec24878230f08a06121ab2009de78c82be30a54f0e5b,255560
2022-11-01,EUR,2022-11-30T16:00:00+00:00,2022-11-30T16:59:59.736000+00:00,https://jetta.dukascopy.com/v1/ticks/EUR-USD/2022/11/30/16,f3aa0a61ef400e92126aabeb0b604045ba5a3269721776644a47f5aa594637c9,379173
2022-11-01,GBP,2022-11-30T16:00:00+00:00,2022-11-30T16:59:59.474000+00:00,https://jetta.dukascopy.com/v1/ticks/GBP-USD/2022/11/30/16,19872e80960a012c26c5403a6f48ec00a9f30497ce11895d43edea83c1f81281,401012
2022-11-01,JPY,2022-11-30T16:00:00+00:00,2022-11-30T16:59:59.901000+00:00,https://jetta.dukascopy.com/v1/ticks/USD-JPY/2022/11/30/16,61652016b587d1e9591a4323154a8564af841e501753c15ead4e2e3e2e704518,364833
2022-11-01,NOK,2022-11-30T16:00:00+00:00,2022-11-30T16:59:59.655000+00:00,https://jetta.dukascopy.com/v1/ticks/USD-NOK/2022/11/30/16,6f3388d0a7a0e9b79300cfa9b5821e57e286e0b85a314cc434735811d80ebad8,561485
2022-11-01,NZD,2022-11-30T16:00:00+00:00,2022-11-30T16:59:59.521000+00:00,https://jetta.dukascopy.com/v1/ticks/NZD-USD/2022/11/30/16,761279fae6e6de443346e5fca701f23c07354df8cfbb50d4e5bbfd0826f7062d,175871
2022-11-01,SEK,2022-11-30T16:00:00+00:00,2022-11-30T16:59:59.297000+00:00,https://jetta.dukascopy.com/v1/ticks/USD-SEK/2022/11/30/16,349624e86bb3655450a37034ab9ad5acc310221f7e6ccdf217b7b66c0cbc2dc6,394799
2022-12-01,AUD,2022-12-30T16:00:00+00:00,2022-12-30T16:59:58.596000+00:00,https://jetta.dukascopy.com/v1/ticks/AUD-USD/2022/12/30/16,9283d7e036d96d4236c01b4644ce1c60a12cfa200afd27721797ff8e14342fac,199763
2022-12-01,CAD,2022-12-30T16:00:00+00:00,2022-12-30T16:59:59.495000+00:00,https://jetta.dukascopy.com/v1/ticks/USD-CAD/2022/12/30/16,0ba9ffa4bf3085890e6066776230e9fed28271897e78e46541d6d1278f158f84,211818
2022-12-01,CHF,2022-12-30T16:00:00+00:00,2022-12-30T16:59:58.051000+00:00,https://jetta.dukascopy.com/v1/ticks/USD-CHF/2022/12/30/16,fd326e04ce86fdbe79b49d7eb245176c677883b1ebaa46323b83721e9689e7ad,182617
2022-12-01,EUR,2022-12-30T16:00:00+00:00,2022-12-30T16:59:59.280000+00:00,https://jetta.dukascopy.com/v1/ticks/EUR-USD/2022/12/30/16,8b1b5d0619e9f754de9088fb0a18561bfe19c4f5ae6b697555f364eee9d89560,251423
2022-12-01,GBP,2022-12-30T16:00:00+00:00,2022-12-30T16:59:59.748000+00:00,https://jetta.dukascopy.com/v1/ticks/GBP-USD/2022/12/30/16,9dad58e11595c3c972167e8917517014e045db1002ee6402fc50a614347678f7,280964
2022-12-01,JPY,2022-12-30T16:00:00+00:00,2022-12-30T16:59:59.924000+00:00,https://jetta.dukascopy.com/v1/ticks/USD-JPY/2022/12/30/16,8f458c9c47e636990e6c9cf9db0341082ddf45ab9da7360f638d9600cd1c9016,274829
2022-12-01,NOK,2022-12-30T16:00:00+00:00,2022-12-30T16:59:59.842000+00:00,https://jetta.dukascopy.com/v1/ticks/USD-NOK/2022/12/30/16,181c7f30d1565da38e4c3f45d71f597c7b609a4effda083ac4586456a80e89f9,443482
2022-12-01,NZD,2022-12-30T16:00:00+00:00,2022-12-30T16:59:59.364000+00:00,https://jetta.dukascopy.com/v1/ticks/NZD-USD/2022/12/30/16,0d66db017f2282eda172cf606923d3502e95940bccb9bb76301b4d9ec0e63b93,208777
2022-12-01,SEK,2022-12-30T16:00:00+00:00,2022-12-30T16:59:59.497000+00:00,https://jetta.dukascopy.com/v1/ticks/USD-SEK/2022/12/30/16,2d0338d350402dfc2b82beb2c0f168da95bc7803f4e0d83d49d464b72bd2a2a5,296563
2023-01-01,AUD,2023-01-31T16:00:00+00:00,2023-01-31T16:59:59.414000+00:00,https://jetta.dukascopy.com/v1/ticks/AUD-USD/2023/1/31/16,a4ec0817c1f879e680eb02807f3df9a17870927fd90ca9f9957d8f98598c103b,227639
2023-01-01,CAD,2023-01-31T16:00:00+00:00,2023-01-31T16:59:56.631000+00:00,https://jetta.dukascopy.com/v1/ticks/USD-CAD/2023/1/31/16,1885cc99b727eedb5361305f98fe0afda73f69ec5f81c6d7cdd1b3443f5dbbcd,258019
2023-01-01,CHF,2023-01-31T16:00:00+00:00,2023-01-31T16:59:59.983000+00:00,https://jetta.dukascopy.com/v1/ticks/USD-CHF/2023/1/31/16,86285f7a91dd4eac2afcd1acb4e4dc10f69b0a0327907133bcf2ccdb8276d067,185795
2023-01-01,EUR,2023-01-31T16:00:00+00:00,2023-01-31T16:59:59.870000+00:00,https://jetta.dukascopy.com/v1/ticks/EUR-USD/2023/1/31/16,542ffa5871d9bf75710316313b636abf84cc402a15365a7d023b48285f025133,266442
2023-01-01,GBP,2023-01-31T16:00:00+00:00,2023-01-31T16:59:57.031000+00:00,https://jetta.dukascopy.com/v1/ticks/GBP-USD/2023/1/31/16,02e1e1b8fb39150419b84d7e99a24807c5b80b0438215934ba55f7c8edaebdd3,235996
2023-01-01,JPY,2023-01-31T16:00:00+00:00,2023-01-31T16:59:59.796000+00:00,https://jetta.dukascopy.com/v1/ticks/USD-JPY/2023/1/31/16,69be278a9b3ebc1c9bc849c02eedfeaba29151a7c20dc3321ba3b07bafc7569f,276908
2023-01-01,NOK,2023-01-31T16:00:00+00:00,2023-01-31T16:59:59.997000+00:00,https://jetta.dukascopy.com/v1/ticks/USD-NOK/2023/1/31/16,55b16e43edccd135e28bdebd69d311520e42086225c0d17187f6ae4e08bd11a3,431687
2023-01-01,NZD,2023-01-31T16:00:00+00:00,2023-01-31T16:59:57.539000+00:00,https://jetta.dukascopy.com/v1/ticks/NZD-USD/2023/1/31/16,81fbc728676b192b466c1c65fa633e6dd3865c6a5391258e51bfb7370a6f9819,218201
2023-01-01,SEK,2023-01-31T16:00:00+00:00,2023-01-31T16:59:59.124000+00:00,https://jetta.dukascopy.com/v1/ticks/USD-SEK/2023/1/31/16,533822271caeaa972e8b94343abee87fc3906efb9bf25a88031f2190e0c47147,336743
2023-02-01,AUD,2023-02-28T16:00:00+00:00,2023-02-28T16:59:59.702000+00:00,https://jetta.dukascopy.com/v1/ticks/AUD-USD/2023/2/28/16,d4a1af87b7ade6f8c06f8b52dde180ef2b49dfac7e1eb750ce8cc7e2effd6b6e,224585
2023-02-01,CAD,2023-02-28T16:00:00+00:00,2023-02-28T16:59:59.543000+00:00,https://jetta.dukascopy.com/v1/ticks/USD-CAD/2023/2/28/16,76302ad9a68cea6fb9823eb3d647dba78b8147ad035c1412bdc24f7de34ca100,240580
2023-02-01,CHF,2023-02-28T16:00:00+00:00,2023-02-28T16:59:58.112000+00:00,https://jetta.dukascopy.com/v1/ticks/USD-CHF/2023/2/28/16,25f7475d13e4689a9f920d5f8ff0b9baa73b906fa4ed7e5a2127ded8405de34b,153060
2023-02-01,EUR,2023-02-28T16:00:00+00:00,2023-02-28T16:59:59.148000+00:00,https://jetta.dukascopy.com/v1/ticks/EUR-USD/2023/2/28/16,3e32b04e2b9f8eea2c941e76e81609a3573e933f6336854a2cfbeb5989c35c55,254831
2023-02-01,GBP,2023-02-28T16:00:00+00:00,2023-02-28T16:59:58.368000+00:00,https://jetta.dukascopy.com/v1/ticks/GBP-USD/2023/2/28/16,2d2845b6c081b4170002fd4ec4158dfb7734c08ef6a75b7ff40d450d3211c6d5,248087
2023-02-01,JPY,2023-02-28T16:00:00+00:00,2023-02-28T16:59:58.743000+00:00,https://jetta.dukascopy.com/v1/ticks/USD-JPY/2023/2/28/16,825fa5cf776712d88bb1a930b118084da0d442ea16c2afdb98c6d51e0889b248,325082
2023-02-01,NOK,2023-02-28T16:00:00+00:00,2023-02-28T16:59:59.946000+00:00,https://jetta.dukascopy.com/v1/ticks/USD-NOK/2023/2/28/16,64650450e01fe272233aa707b6d4f7f02ab9263d3b0663eb08cbfb2e840ae4d4,406059
2023-02-01,NZD,2023-02-28T16:00:00+00:00,2023-02-28T16:59:56.855000+00:00,https://jetta.dukascopy.com/v1/ticks/NZD-USD/2023/2/28/16,93ae4794adbdeca48f90241c8443d8758fbabaf0871d4e696e5c3b5055be368b,206547
2023-02-01,SEK,2023-02-28T16:00:00+00:00,2023-02-28T16:59:56.791000+00:00,https://jetta.dukascopy.com/v1/ticks/USD-SEK/2023/2/28/16,d00941d6f31d9273b44822c5bb6e1ce105bd8722c47ba53c67b0c85b20289653,204794
2023-03-01,AUD,2023-03-31T16:00:00+00:00,2023-03-31T16:59:56.245000+00:00,https://jetta.dukascopy.com/v1/ticks/AUD-USD/2023/3/31/16,b3b634829bd100c4536a7571c485313190eb5a2eb6d6509a595a21973874dc75,60219
2023-03-01,CAD,2023-03-31T16:00:00+00:00,2023-03-31T16:59:54.235000+00:00,https://jetta.dukascopy.com/v1/ticks/USD-CAD/2023/3/31/16,dc5a878d8def7ff6f2c844d52d080a4d9068ecded1d21bc7f9aa327aca7a4796,75755
2023-03-01,CHF,2023-03-31T16:00:00+00:00,2023-03-31T16:59:58.691000+00:00,https://jetta.dukascopy.com/v1/ticks/USD-CHF/2023/3/31/16,d80f6da38e1efbe96ae0fd2ac565ac424dcd9db70041bd65bcbc35726a514095,80894
2023-03-01,EUR,2023-03-31T16:00:00+00:00,2023-03-31T16:59:59.980000+00:00,https://jetta.dukascopy.com/v1/ticks/EUR-USD/2023/3/31/16,460213dee05e5155f64f0b3abfd1757d0f869212f184ecb06c951f2b8a964894,112824
2023-03-01,GBP,2023-03-31T16:00:00+00:00,2023-03-31T16:59:56.153000+00:00,https://jetta.dukascopy.com/v1/ticks/GBP-USD/2023/3/31/16,0e559065ddc27501e55ae84fd20c6ea984db05996892dd5a03544d59c7c0a5a8,115009
2023-03-01,JPY,2023-03-31T16:00:00+00:00,2023-03-31T16:59:59.162000+00:00,https://jetta.dukascopy.com/v1/ticks/USD-JPY/2023/3/31/16,7b107fe32b7c1f550b87a96816f710230cd86b3808b8015450bc0773e4be5df0,187109
2023-03-01,NOK,2023-03-31T16:00:00+00:00,2023-03-31T16:59:59.092000+00:00,https://jetta.dukascopy.com/v1/ticks/USD-NOK/2023/3/31/16,bb75c34d4c8d1a9bd238a3edc83152dcecf405eeb665071fcb29571c2f87d0f1,180470
2023-03-01,NZD,2023-03-31T16:00:00+00:00,2023-03-31T16:59:56.383000+00:00,https://jetta.dukascopy.com/v1/ticks/NZD-USD/2023/3/31/16,4b000fde39ddbac7fd5cf2efa0473c62ebe137029f217ebf063df24d7d1cebfb,57638
2023-03-01,SEK,2023-03-31T16:00:00+00:00,2023-03-31T16:59:58.902000+00:00,https://jetta.dukascopy.com/v1/ticks/USD-SEK/2023/3/31/16,7ecdd553db940d4277c4cb53c8d23650df0c9b7854d52eb90c7e8e5425954ce2,79892
2023-04-01,AUD,2023-04-28T16:00:00+00:00,2023-04-28T16:59:55.159000+00:00,https://jetta.dukascopy.com/v1/ticks/AUD-USD/2023/4/28/16,0d78945aaeed5668ebed591fcf3d449c4495555c68315b1fa965f060e5fc419b,63181
2023-04-01,CAD,2023-04-28T16:00:00+00:00,2023-04-28T16:59:59.685000+00:00,https://jetta.dukascopy.com/v1/ticks/USD-CAD/2023/4/28/16,076f78dc9a03ab785f9fcc23ef04e3f9e9f02911b9affafb41e8bf11b19f56d5,86066
2023-04-01,CHF,2023-04-28T16:00:00+00:00,2023-04-28T16:59:57.758000+00:00,https://jetta.dukascopy.com/v1/ticks/USD-CHF/2023/4/28/16,41eae687c273fbc95384d5ee89287e56c6039dc4180f8dbe4e0f62bdddb6b6d2,69253
2023-04-01,EUR,2023-04-28T16:00:00+00:00,2023-04-28T16:59:59.924000+00:00,https://jetta.dukascopy.com/v1/ticks/EUR-USD/2023/4/28/16,0e40ba43156a18992a567087690585666634b4c6e44e4ff19138346631bef053,130276
2023-04-01,GBP,2023-04-28T16:00:00+00:00,2023-04-28T16:59:59.938000+00:00,https://jetta.dukascopy.com/v1/ticks/GBP-USD/2023/4/28/16,e4e48130008a0e446d968399aef1c9ad64d0c9ea9ddd82307f95ef1ffedd4cd0,102741
2023-04-01,JPY,2023-04-28T16:00:00+00:00,2023-04-28T16:59:59.872000+00:00,https://jetta.dukascopy.com/v1/ticks/USD-JPY/2023/4/28/16,c856c7cc18198d3f9cf548545ec4179dc31427c1328e403a48dd47a51cfca15a,209369
2023-04-01,NOK,2023-04-28T16:00:00+00:00,2023-04-28T16:59:59.943000+00:00,https://jetta.dukascopy.com/v1/ticks/USD-NOK/2023/4/28/16,2592c255a68d1975435ef603133b8b280c75b1f1540b26000a7b2b03ec6ae78b,170053
2023-04-01,NZD,2023-04-28T16:00:00+00:00,2023-04-28T16:59:58.700000+00:00,https://jetta.dukascopy.com/v1/ticks/NZD-USD/2023/4/28/16,643a47d7dd2dd7dd945d906f3f12aa3e887ae1c3d48668a84bb84ecacfbc798c,61192
2023-04-01,SEK,2023-04-28T16:00:00+00:00,2023-04-28T16:59:58.703000+00:00,https://jetta.dukascopy.com/v1/ticks/USD-SEK/2023/4/28/16,bf7bbf8ca81d085196a6958b8b8269a2d90de62559a1a0419c864b34fad643ac,83330
2023-05-01,AUD,2023-05-31T16:00:00+00:00,2023-05-31T16:59:26.433000+00:00,https://jetta.dukascopy.com/v1/ticks/AUD-USD/2023/5/31/16,a34ab22c4fa2e13e5b4f7dc08e381d987f3b17f5256bf8c5749d3ce27baab75b,65629
2023-05-01,CAD,2023-05-31T16:00:00+00:00,2023-05-31T16:59:58.611000+00:00,https://jetta.dukascopy.com/v1/ticks/USD-CAD/2023/5/31/16,af2a6fb2436f428def9a1e953d407b089eaa64fbbf5bdd90c916c98f1cb752de,90245
2023-05-01,CHF,2023-05-31T16:00:00+00:00,2023-05-31T16:59:59.133000+00:00,https://jetta.dukascopy.com/v1/ticks/USD-CHF/2023/5/31/16,0e679d5f177b874200dd546143e4a0b2370ed365213fe79903506cab7cfa5517,73141
2023-05-01,EUR,2023-05-31T16:00:00+00:00,2023-05-31T16:59:57.965000+00:00,https://jetta.dukascopy.com/v1/ticks/EUR-USD/2023/5/31/16,67f52dee8bf02a410a4357489abad676a1eaf2f5ad258872b3f2e0cdaeffba47,159010
2023-05-01,GBP,2023-05-31T16:00:00+00:00,2023-05-31T16:59:59.977000+00:00,https://jetta.dukascopy.com/v1/ticks/GBP-USD/2023/5/31/16,36b63fada57c8bec2d5f51ff82a110897683459534aefa362bd4bb94d8701898,124736
2023-05-01,JPY,2023-05-31T16:00:00+00:00,2023-05-31T16:59:50.432000+00:00,https://jetta.dukascopy.com/v1/ticks/USD-JPY/2023/5/31/16,3b013585e1a84f1d52982fec29a14b1fcd9476569640db5b60ddba8099e8968d,204986
2023-05-01,NOK,2023-05-31T16:00:00+00:00,2023-05-31T16:59:57.206000+00:00,https://jetta.dukascopy.com/v1/ticks/USD-NOK/2023/5/31/16,4ab6308f5a2fcf96b9bc4197d7c95d7dfed135b054e4c507c0aff4a70bc4602a,182973
2023-05-01,NZD,2023-05-31T16:00:00+00:00,2023-05-31T16:59:55.636000+00:00,https://jetta.dukascopy.com/v1/ticks/NZD-USD/2023/5/31/16,14afeea0f5e8d8f5f57580b88f247d6c5053258bc1516c23fe2d0e2638a2a3bc,50149
2023-05-01,SEK,2023-05-31T16:00:00+00:00,2023-05-31T16:59:57.394000+00:00,https://jetta.dukascopy.com/v1/ticks/USD-SEK/2023/5/31/16,373b77a1d84fafd4ab12a028b15520c40ee7d2e7aa4b4d335b61f84b5289990e,144940
2023-06-01,AUD,2023-06-30T16:00:00+00:00,2023-06-30T16:59:58.599000+00:00,https://jetta.dukascopy.com/v1/ticks/AUD-USD/2023/6/30/16,456bfb7a909655ae28da149102dc7ecadc0cb523a43e1140e344489822c87341,60155
2023-06-01,CAD,2023-06-30T16:00:00+00:00,2023-06-30T16:59:55.192000+00:00,https://jetta.dukascopy.com/v1/ticks/USD-CAD/2023/6/30/16,55a30a370450bfca5f805bc951c74bff22a571f9adc1a94d8f1902d030661d96,83668
2023-06-01,CHF,2023-06-30T16:00:00+00:00,2023-06-30T16:59:57.950000+00:00,https://jetta.dukascopy.com/v1/ticks/USD-CHF/2023/6/30/16,a7c2631fd0e2c78bf7430aa48cdad69e0cafa9182945ad58da25b5b08f6ec7fb,74559
2023-06-01,EUR,2023-06-30T16:00:00+00:00,2023-06-30T16:59:59.107000+00:00,https://jetta.dukascopy.com/v1/ticks/EUR-USD/2023/6/30/16,84d54c4c370433db5665680c30f0b170b62e154db9f3033c1c447fc7f11198b1,141312
2023-06-01,GBP,2023-06-30T16:00:00+00:00,2023-06-30T16:59:55.395000+00:00,https://jetta.dukascopy.com/v1/ticks/GBP-USD/2023/6/30/16,a1ba8c576d06fe560e8c8bb6bfb4db2c1617e7be545acdcd29cea48ac584c6ed,112616
2023-06-01,JPY,2023-06-30T16:00:00+00:00,2023-06-30T16:59:59.971000+00:00,https://jetta.dukascopy.com/v1/ticks/USD-JPY/2023/6/30/16,0af12e94c1c38bbd8930ec634e1ec203e3aabee2156fedda9e6ff2603340b6fd,190062
2023-06-01,NOK,2023-06-30T16:00:00+00:00,2023-06-30T16:59:59.699000+00:00,https://jetta.dukascopy.com/v1/ticks/USD-NOK/2023/6/30/16,d64a16d219a4736065ddd5a5195e9a315f331bb998c1fc44ec1a2ee10e768255,99617
2023-06-01,NZD,2023-06-30T16:00:00+00:00,2023-06-30T16:59:57.715000+00:00,https://jetta.dukascopy.com/v1/ticks/NZD-USD/2023/6/30/16,b5e672fab44fbd45c9921e657dd39abacb3d90b0091fded49c030486de3c85ea,64356
2023-06-01,SEK,2023-06-30T16:00:00+00:00,2023-06-30T16:59:57.589000+00:00,https://jetta.dukascopy.com/v1/ticks/USD-SEK/2023/6/30/16,f696af2bb0b35880e9a2d51ded1968da409a6e84a0fc0a5859993b8b51c05013,102256
2023-07-01,AUD,2023-07-31T16:00:00+00:00,2023-07-31T16:59:52.568000+00:00,https://jetta.dukascopy.com/v1/ticks/AUD-USD/2023/7/31/16,871ae630af71ada8cd097b2c17a4e7b8030fbaca8ee4c8bf3cb52c33ba56da7d,38869
2023-07-01,CAD,2023-07-31T16:00:00+00:00,2023-07-31T16:59:56.245000+00:00,https://jetta.dukascopy.com/v1/ticks/USD-CAD/2023/7/31/16,ce31421ad2960cb94300a60b5b8f6410852174c93dbeff8aa26d883ee7113f8d,63310
2023-07-01,CHF,2023-07-31T16:00:00+00:00,2023-07-31T16:59:59.223000+00:00,https://jetta.dukascopy.com/v1/ticks/USD-CHF/2023/7/31/16,79310690b6f92649c332d1f440f8a36ca4e185c81612cd0eb574cd15e3648582,52925
2023-07-01,EUR,2023-07-31T16:00:00+00:00,2023-07-31T16:59:59.642000+00:00,https://jetta.dukascopy.com/v1/ticks/EUR-USD/2023/7/31/16,ff0071b5460e291676b401f545d42ef5b007db01a6818aff2853dd91d95e289d,91308
2023-07-01,GBP,2023-07-31T16:00:00+00:00,2023-07-31T16:59:59.200000+00:00,https://jetta.dukascopy.com/v1/ticks/GBP-USD/2023/7/31/16,0c5997385a8a8dab41e4f13184167528dcf9a770a58e45bb89d85f5948b2addb,68199
2023-07-01,JPY,2023-07-31T16:00:00+00:00,2023-07-31T16:59:58.363000+00:00,https://jetta.dukascopy.com/v1/ticks/USD-JPY/2023/7/31/16,e3115d74c0176f977fe2b0654aa64f275270d221d460732d3e1563e85b40b6bf,105566
2023-07-01,NOK,2023-07-31T16:00:00+00:00,2023-07-31T16:59:58.114000+00:00,https://jetta.dukascopy.com/v1/ticks/USD-NOK/2023/7/31/16,d590b1bd442d6d739e2dae0568eadcca8ab3cf3a4e9492c3f6c8211da577f827,64408
2023-07-01,NZD,2023-07-31T16:00:00+00:00,2023-07-31T16:59:56.679000+00:00,https://jetta.dukascopy.com/v1/ticks/NZD-USD/2023/7/31/16,b92d4611b5472c60d33258bdd7477aacee69cf29021e1d0c128370d7d1f3185a,25932
2023-07-01,SEK,2023-07-31T16:00:00+00:00,2023-07-31T16:59:57.099000+00:00,https://jetta.dukascopy.com/v1/ticks/USD-SEK/2023/7/31/16,c143cbac3baf4fabd7718aad7dba2f88f8feac2b43523ca38271b395fa60e519,60329
2023-08-01,AUD,2023-08-31T16:00:00+00:00,2023-08-31T16:59:59.777000+00:00,https://jetta.dukascopy.com/v1/ticks/AUD-USD/2023/8/31/16,b05a6f96dbb083b1a2a94476649ac3387a3bba10dadbd673bebb85622fa92c3c,61833
2023-08-01,CAD,2023-08-31T16:00:00+00:00,2023-08-31T16:59:56.214000+00:00,https://jetta.dukascopy.com/v1/ticks/USD-CAD/2023/8/31/16,dd72b66712504c97fbc116db132386015adb247a3f2be1de93fb39a012002d25,80162
2023-08-01,CHF,2023-08-31T16:00:00+00:00,2023-08-31T16:59:59.756000+00:00,https://jetta.dukascopy.com/v1/ticks/USD-CHF/2023/8/31/16,e0560296bdeebb3fd15f7da380a3d2b34e554e797f570cb68606b2a989642d7f,49672
2023-08-01,EUR,2023-08-31T16:00:00+00:00,2023-08-31T16:59:57.894000+00:00,https://jetta.dukascopy.com/v1/ticks/EUR-USD/2023/8/31/16,4b9a14c351af740cf361db27b998d565842b20b66abfd96b1d062a777704f9cf,107992
2023-08-01,GBP,2023-08-31T16:00:00+00:00,2023-08-31T16:59:59.808000+00:00,https://jetta.dukascopy.com/v1/ticks/GBP-USD/2023/8/31/16,f553b7f26b0553b8efd3fb48ab7aed42dcb6dc4138ccb463dcbf0800daa973c2,86299
2023-08-01,JPY,2023-08-31T16:00:00+00:00,2023-08-31T16:59:58.962000+00:00,https://jetta.dukascopy.com/v1/ticks/USD-JPY/2023/8/31/16,fe65232b4a392c21b0d62bae371ce3b5762698a10ab1c8db0428036ecc81cc3f,148767
2023-08-01,NOK,2023-08-31T16:00:00+00:00,2023-08-31T16:59:59.919000+00:00,https://jetta.dukascopy.com/v1/ticks/USD-NOK/2023/8/31/16,a8867b4cf24d0375e2f467cb85eef6c75ac330d23ac261a0225160a8342b5f56,159656
2023-08-01,NZD,2023-08-31T16:00:00+00:00,2023-08-31T16:59:59.800000+00:00,https://jetta.dukascopy.com/v1/ticks/NZD-USD/2023/8/31/16,6a07012f478ec6865b652f250513ae5ea2757684983c6b04c5f07b1d6d039893,57944
2023-08-01,SEK,2023-08-31T16:00:00+00:00,2023-08-31T16:59:58.616000+00:00,https://jetta.dukascopy.com/v1/ticks/USD-SEK/2023/8/31/16,d2474c6b923870b3165357ddfee7daac85e0a31f574c59847e6f8a0978a2f836,173520
2023-09-01,AUD,2023-09-29T16:00:00+00:00,2023-09-29T16:59:50.453000+00:00,https://jetta.dukascopy.com/v1/ticks/AUD-USD/2023/9/29/16,605fe99357ac4ec70253510d6a2d5ca25e46df80d4146e03bbf4fc0bb4603e75,82548
2023-09-01,CAD,2023-09-29T16:00:00+00:00,2023-09-29T16:59:55.528000+00:00,https://jetta.dukascopy.com/v1/ticks/USD-CAD/2023/9/29/16,e4328cfe2495a78f134f054b6d075c61bca03232971dab510b5feb74ece66350,156061
2023-09-01,CHF,2023-09-29T16:00:00+00:00,2023-09-29T16:59:55.397000+00:00,https://jetta.dukascopy.com/v1/ticks/USD-CHF/2023/9/29/16,70e263deef0d4a205dd300e8268c84a89c919be500959ee96c58b5237a8ad205,85751
2023-09-01,EUR,2023-09-29T16:00:00+00:00,2023-09-29T16:59:58.513000+00:00,https://jetta.dukascopy.com/v1/ticks/EUR-USD/2023/9/29/16,1389596463000e540c2d2975e8b2fd5f3ad997b7a94ea15681985336aa83c522,133957
2023-09-01,GBP,2023-09-29T16:00:00+00:00,2023-09-29T16:59:55.216000+00:00,https://jetta.dukascopy.com/v1/ticks/GBP-USD/2023/9/29/16,15657d5c3512bba6dc58433a9f2b345a9589fb657f0209d3ad7bb6dfd48c0072,118723
2023-09-01,JPY,2023-09-29T16:00:00+00:00,2023-09-29T16:59:58.981000+00:00,https://jetta.dukascopy.com/v1/ticks/USD-JPY/2023/9/29/16,2a8147520b99f983c9d3a71475be26b64f34a541768bcf45c516ca7ce45c7f1c,147834
2023-09-01,NOK,2023-09-29T16:00:00+00:00,2023-09-29T16:59:59.985000+00:00,https://jetta.dukascopy.com/v1/ticks/USD-NOK/2023/9/29/16,38505122d5bccd4427f6591378ac1f5fc53d509e291644827ba597b2bcf05424,143664
2023-09-01,NZD,2023-09-29T16:00:00+00:00,2023-09-29T16:59:55.189000+00:00,https://jetta.dukascopy.com/v1/ticks/NZD-USD/2023/9/29/16,5fc40cd6d647587f9b906d855e2bdf304d758fa3b9bf1a93468516c307af2702,105669
2023-09-01,SEK,2023-09-29T16:00:00+00:00,2023-09-29T16:59:58.715000+00:00,https://jetta.dukascopy.com/v1/ticks/USD-SEK/2023/9/29/16,6847f414f165fdb84fdc05b8492b87430faef874637a585bde61479a7f1b138b,69875
2023-10-01,AUD,2023-10-31T16:00:00+00:00,2023-10-31T16:59:57.581000+00:00,https://jetta.dukascopy.com/v1/ticks/AUD-USD/2023/10/31/16,98793e155d6f47926688d0cb356f3c0d4316fef814a318cf3f33042a46077e78,109330
2023-10-01,CAD,2023-10-31T16:00:00+00:00,2023-10-31T16:59:59.953000+00:00,https://jetta.dukascopy.com/v1/ticks/USD-CAD/2023/10/31/16,21e0bc29bef9973c05ff23214eb403c7c079693913db37f12006a84388685821,127480
2023-10-01,CHF,2023-10-31T16:00:00+00:00,2023-10-31T16:59:58.029000+00:00,https://jetta.dukascopy.com/v1/ticks/USD-CHF/2023/10/31/16,b6c145850f3e0e8e3fa12b49ca2a467df6c7a69d581816feb5f8cc5bc17b781b,126304
2023-10-01,EUR,2023-10-31T16:00:00+00:00,2023-10-31T16:59:58.092000+00:00,https://jetta.dukascopy.com/v1/ticks/EUR-USD/2023/10/31/16,64598998cc9d818de27d1ed9eec07f61a814fe37397e68d7e6960bd1b74f4ffe,211925
2023-10-01,GBP,2023-10-31T16:00:00+00:00,2023-10-31T16:59:58.275000+00:00,https://jetta.dukascopy.com/v1/ticks/GBP-USD/2023/10/31/16,219d75ea82e984724690e34e949c1e37f5e4b023c935fa9b913b207e3d09d0be,136668
2023-10-01,JPY,2023-10-31T16:00:00+00:00,2023-10-31T16:59:57.768000+00:00,https://jetta.dukascopy.com/v1/ticks/USD-JPY/2023/10/31/16,8ec1be37cb32c7b9376ec6c7cc07d8d588e3be5fbaa61039ff95555666d2def1,209815
2023-10-01,NOK,2023-10-31T16:00:00+00:00,2023-10-31T16:59:59.637000+00:00,https://jetta.dukascopy.com/v1/ticks/USD-NOK/2023/10/31/16,4c43727a2777f745ab34626580a5b7df34ce0c902f1e5abac3da9d9a3e1bb50d,234604
2023-10-01,NZD,2023-10-31T16:00:00+00:00,2023-10-31T16:59:55.559000+00:00,https://jetta.dukascopy.com/v1/ticks/NZD-USD/2023/10/31/16,a3d65560b4711f2884a6125a1cb7be637ef0f5698159782a403f486a2f38be4f,108843
2023-10-01,SEK,2023-10-31T16:00:00+00:00,2023-10-31T16:59:58.065000+00:00,https://jetta.dukascopy.com/v1/ticks/USD-SEK/2023/10/31/16,f88a9979e4640489cdecaa7b4470ad22308e1d33dc864c8a4cd72f1200b7cc88,163723
2023-11-01,AUD,2023-11-30T16:00:00+00:00,2023-11-30T16:59:59.886000+00:00,https://jetta.dukascopy.com/v1/ticks/AUD-USD/2023/11/30/16,a543fc957d1f53c91e829d5809dd6e6c5f48b03d5b1b95da02862b89ee141500,257036
2023-11-01,CAD,2023-11-30T16:00:00+00:00,2023-11-30T16:59:58.671000+00:00,https://jetta.dukascopy.com/v1/ticks/USD-CAD/2023/11/30/16,a0db9378c923ef76f520fbbbd08c6e5c96683a2852a25503a2d457d97ce56988,333302
2023-11-01,CHF,2023-11-30T16:00:00+00:00,2023-11-30T16:59:59.534000+00:00,https://jetta.dukascopy.com/v1/ticks/USD-CHF/2023/11/30/16,be66dadbf546de308ad149aa6688765ba8e68d3280ebbb08650739dc71ab0a90,240171
2023-11-01,EUR,2023-11-30T16:00:00+00:00,2023-11-30T16:59:58.501000+00:00,https://jetta.dukascopy.com/v1/ticks/EUR-USD/2023/11/30/16,138df62e33a53a06508843e3abbbcbbad1863c6dd9fe87a485e8421b2e1fcb02,303949
2023-11-01,GBP,2023-11-30T16:00:00+00:00,2023-11-30T16:59:59.785000+00:00,https://jetta.dukascopy.com/v1/ticks/GBP-USD/2023/11/30/16,42c0f5bc0e960f6a10300b4c12058f38a4563201b43f14cb48f90c226f4ec263,268134
2023-11-01,JPY,2023-11-30T16:00:00+00:00,2023-11-30T16:59:59.993000+00:00,https://jetta.dukascopy.com/v1/ticks/USD-JPY/2023/11/30/16,83aadb61c86484882da61a27e86f96e064c98bab648c4e796c11dab40166c0f2,353701
2023-11-01,NOK,2023-11-30T16:00:00+00:00,2023-11-30T16:59:58.450000+00:00,https://jetta.dukascopy.com/v1/ticks/USD-NOK/2023/11/30/16,064db38ad34b211d33d8b21e93c8488de05877678ea3909e0f4f6fabe0bd33f7,369304
2023-11-01,NZD,2023-11-30T16:00:00+00:00,2023-11-30T16:59:59.682000+00:00,https://jetta.dukascopy.com/v1/ticks/NZD-USD/2023/11/30/16,fca7a4bc66e3cb213135a449af284a7f0d8341366807d1732c489d613f80e3ea,213965
2023-11-01,SEK,2023-11-30T16:00:00+00:00,2023-11-30T16:59:58.423000+00:00,https://jetta.dukascopy.com/v1/ticks/USD-SEK/2023/11/30/16,68afb903422037e9382852e769681ed3d625b61062b0649e426b6f547fcca901,296600
2023-12-01,AUD,2023-12-29T16:00:00+00:00,2023-12-29T16:59:59.930000+00:00,https://jetta.dukascopy.com/v1/ticks/AUD-USD/2023/12/29/16,162b1986ae66dd9ca07db2653f302584e229b5451e827094ff204d7f006b4ef9,163718
2023-12-01,CAD,2023-12-29T16:00:00+00:00,2023-12-29T16:59:59.969000+00:00,https://jetta.dukascopy.com/v1/ticks/USD-CAD/2023/12/29/16,fc866c23d8479d0aa214186309b698b42e43f0169b982467fbf16d15939e42fb,208029
2023-12-01,CHF,2023-12-29T16:00:00+00:00,2023-12-29T16:59:59.954000+00:00,https://jetta.dukascopy.com/v1/ticks/USD-CHF/2023/12/29/16,48019e9fda7986a5f0750d7cb79b2844a53a8aab187ea014bd6a6c43e15690e5,202453
2023-12-01,EUR,2023-12-29T16:00:00+00:00,2023-12-29T16:59:59.926000+00:00,https://jetta.dukascopy.com/v1/ticks/EUR-USD/2023/12/29/16,93afbd0250dced7929fd7cbfed8ebcc6c51649b5c6a5dcaaba92c284bcc397cb,250169
2023-12-01,GBP,2023-12-29T16:00:00+00:00,2023-12-29T16:59:59.899000+00:00,https://jetta.dukascopy.com/v1/ticks/GBP-USD/2023/12/29/16,7aee1681b75d0b105cb2fdd53b0a271b9dec8b5b89e5ae42a29b22b07dad0302,190480
2023-12-01,JPY,2023-12-29T16:00:00+00:00,2023-12-29T16:59:59.952000+00:00,https://jetta.dukascopy.com/v1/ticks/USD-JPY/2023/12/29/16,68177ff73c47c6454377cd79081668d8fc909341d4fba37f221ed5f38371ac4f,306568
2023-12-01,NOK,2023-12-29T16:00:00+00:00,2023-12-29T16:59:59.928000+00:00,https://jetta.dukascopy.com/v1/ticks/USD-NOK/2023/12/29/16,091c5fc10870f02485eeaf792fa4023a0c78da4f3601f3ebb7856371b23b27a7,235885
2023-12-01,NZD,2023-12-29T16:00:00+00:00,2023-12-29T16:59:59.932000+00:00,https://jetta.dukascopy.com/v1/ticks/NZD-USD/2023/12/29/16,fdf210e183f6c65d0b3bdffa4e8e62f173612a4d9bf3e52e2dc0f5727a6c2da4,231196
2023-12-01,SEK,2023-12-29T16:00:00+00:00,2023-12-29T16:59:59.919000+00:00,https://jetta.dukascopy.com/v1/ticks/USD-SEK/2023/12/29/16,1858e2206113ff295aafa721cecbf8d16490a5141a1430c1711fda388c5c6b6c,299904
2024-01-01,AUD,2024-01-31T16:00:00+00:00,2024-01-31T16:59:59.258000+00:00,https://jetta.dukascopy.com/v1/ticks/AUD-USD/2024/1/31/16,8423c014977c502460cf161905bf44e6daf81e08589446351227e0a80a053bdf,136360
2024-01-01,CAD,2024-01-31T16:00:00+00:00,2024-01-31T16:59:59.922000+00:00,https://jetta.dukascopy.com/v1/ticks/USD-CAD/2024/1/31/16,feadb77fbe3db0e1ca4d3840e5c09a5ace94c92dfe1f543c52904256a2580ec8,174170
2024-01-01,CHF,2024-01-31T16:00:00+00:00,2024-01-31T16:59:57.416000+00:00,https://jetta.dukascopy.com/v1/ticks/USD-CHF/2024/1/31/16,fdd3fc6878bf05690d85126414aaba7ec35632f6f8382fc5550e987228792856,181036
2024-01-01,EUR,2024-01-31T16:00:00+00:00,2024-01-31T16:59:58.162000+00:00,https://jetta.dukascopy.com/v1/ticks/EUR-USD/2024/1/31/16,cb7a80e415cd99f785bb1431c29a152308a40030ef5dbf1b3ef10af357fae470,265354
2024-01-01,GBP,2024-01-31T16:00:00+00:00,2024-01-31T16:59:55.765000+00:00,https://jetta.dukascopy.com/v1/ticks/GBP-USD/2024/1/31/16,dc19fe9d3ea26234235bff8e055a6c8b1a0ebefd1bdf5c0a1658e13886d3f78b,217200
2024-01-01,JPY,2024-01-31T16:00:00+00:00,2024-01-31T16:59:59.902000+00:00,https://jetta.dukascopy.com/v1/ticks/USD-JPY/2024/1/31/16,9e084192d94d6a484c2583aeadfa45e738b9555f211a34a5fb8c67acdac08523,404493
2024-01-01,NOK,2024-01-31T16:00:00+00:00,2024-01-31T16:59:55.831000+00:00,https://jetta.dukascopy.com/v1/ticks/USD-NOK/2024/1/31/16,b3adea22afd11fe2c57cba28d4c20fd8eb8acbc93c357012a39c5b76f4a0ed36,372725
2024-01-01,NZD,2024-01-31T16:00:00+00:00,2024-01-31T16:59:50.878000+00:00,https://jetta.dukascopy.com/v1/ticks/NZD-USD/2024/1/31/16,631c36a253a79e086053f44ed685d3a8ca28231bac52cccbb36bdcb4859cb575,138924
2024-01-01,SEK,2024-01-31T16:00:00+00:00,2024-01-31T16:59:57.480000+00:00,https://jetta.dukascopy.com/v1/ticks/USD-SEK/2024/1/31/16,2dedc4a34a5a033abaa2fb5073856c67875a9ebbcfea183468d406c0a4c90b0e,200336
2024-02-01,AUD,2024-02-29T16:00:00+00:00,2024-02-29T16:59:57.758000+00:00,https://jetta.dukascopy.com/v1/ticks/AUD-USD/2024/2/29/16,adef7b0073be44294cac9df6f9e5878ca741c2a64b53f239a3e505082e237d13,117701
2024-02-01,CAD,2024-02-29T16:00:00+00:00,2024-02-29T16:59:59.249000+00:00,https://jetta.dukascopy.com/v1/ticks/USD-CAD/2024/2/29/16,6916e5c003d7fe4fb6832a0439c9cd2c509dbb07e49cef675ca64b04cdc147fb,163207
2024-02-01,CHF,2024-02-29T16:00:00+00:00,2024-02-29T16:59:57.604000+00:00,https://jetta.dukascopy.com/v1/ticks/USD-CHF/2024/2/29/16,3ea3c1ac5f53a6a7afcffe4ebd842e88aab641eab0a04e33ae7512bdce2344d9,152877
2024-02-01,EUR,2024-02-29T16:00:00+00:00,2024-02-29T16:59:59.592000+00:00,https://jetta.dukascopy.com/v1/ticks/EUR-USD/2024/2/29/16,ab23ba74adfd705fa5f5dd625db952bc4eef54f916e740a5f7988931fbcf2dbe,191216
2024-02-01,GBP,2024-02-29T16:00:00+00:00,2024-02-29T16:59:54.624000+00:00,https://jetta.dukascopy.com/v1/ticks/GBP-USD/2024/2/29/16,e51e0e9110e977aea3c14a4c6e236db46d6fd6bc517d4a398daaa5a60ea47cea,136870
2024-02-01,JPY,2024-02-29T16:00:00+00:00,2024-02-29T16:59:59.901000+00:00,https://jetta.dukascopy.com/v1/ticks/USD-JPY/2024/2/29/16,16fef83135b8f83823587b38027d34ef7ad2eda825c34987119832e15e1fdea6,265935
2024-02-01,NOK,2024-02-29T16:00:00+00:00,2024-02-29T16:59:58.322000+00:00,https://jetta.dukascopy.com/v1/ticks/USD-NOK/2024/2/29/16,fb57a938b15f48af2832eadb34aa8d2e556c50d381d02c6c413d004c163994f1,173902
2024-02-01,NZD,2024-02-29T16:00:00+00:00,2024-02-29T16:59:59.214000+00:00,https://jetta.dukascopy.com/v1/ticks/NZD-USD/2024/2/29/16,99b8c4c171587af78af4ad393c8cdfa18c92c9d6677a8e459e15ccb9ea4b35ae,97896
2024-02-01,SEK,2024-02-29T16:00:00+00:00,2024-02-29T16:59:59.535000+00:00,https://jetta.dukascopy.com/v1/ticks/USD-SEK/2024/2/29/16,5ee12a57eb6c3fa9778fa14be6c77825fc918df1c2aa9a63684fead4e181d4d8,240286
2024-03-01,AUD,2024-03-29T16:00:00+00:00,2024-03-29T16:58:00.239000+00:00,https://jetta.dukascopy.com/v1/ticks/AUD-USD/2024/3/29/16,22db87f6d6c52e4331dd4a647e9f59f2ed17cbdcd780ed885eb0cd4127162f55,12146
2024-03-01,CAD,2024-03-29T16:00:00+00:00,2024-03-29T16:59:44.111000+00:00,https://jetta.dukascopy.com/v1/ticks/USD-CAD/2024/3/29/16,20b2c833573053fd0e6df115547ed0d6efd3603f8e092549f3c223d4c00eb337,8256
2024-03-01,CHF,2024-03-29T16:00:00+00:00,2024-03-29T16:59:59.365000+00:00,https://jetta.dukascopy.com/v1/ticks/USD-CHF/2024/3/29/16,e0ebe621bda7853eaedb721cb14c20766b773bf65d13b46c573ee2dc64795595,117897
2024-03-01,EUR,2024-03-29T16:00:00+00:00,2024-03-29T16:59:57.053000+00:00,https://jetta.dukascopy.com/v1/ticks/EUR-USD/2024/3/29/16,32137f1e94d49faa3a741afedc336c96f72b49880acea25a2f96054e15d62c81,73467
2024-03-01,GBP,2024-03-29T16:00:00+00:00,2024-03-29T16:59:36.937000+00:00,https://jetta.dukascopy.com/v1/ticks/GBP-USD/2024/3/29/16,3bd5bf613a16e74c6d3a6521891f8ce4d8437c2f9706da06e8cd9ff3d16137ac,16727
2024-03-01,JPY,2024-03-29T16:00:00+00:00,2024-03-29T16:59:55.145000+00:00,https://jetta.dukascopy.com/v1/ticks/USD-JPY/2024/3/29/16,bf0de77b62970906490c8b7dacf057413da1c248bfa5a7486acce24175d092a9,158564
2024-03-01,NOK,2024-03-29T16:00:00+00:00,2024-03-29T16:59:59.870000+00:00,https://jetta.dukascopy.com/v1/ticks/USD-NOK/2024/3/29/16,c8c7408abeaaa8e3fc08c29d38c5419a2650583a58a989b0d7bb33413ee596ab,186509
2024-03-01,NZD,2024-03-29T16:00:00+00:00,2024-03-29T16:59:43.358000+00:00,https://jetta.dukascopy.com/v1/ticks/NZD-USD/2024/3/29/16,42d40328c7597a66568fab54de811511040fc7725a3112d6aa6769d5a2f85d6e,3641
2024-03-01,SEK,2024-03-29T16:00:00+00:00,2024-03-29T16:59:59.961000+00:00,https://jetta.dukascopy.com/v1/ticks/USD-SEK/2024/3/29/16,2b6c01f6169157ec898b3dfe342ca24f32fe203c9bc6cb7fa1b05ac01f29c3d4,91232
2024-04-01,AUD,2024-04-30T16:00:00+00:00,2024-04-30T16:59:58.974000+00:00,https://jetta.dukascopy.com/v1/ticks/AUD-USD/2024/4/30/16,214c53738610390ca08e9433aa18bd5b9d542590831a94ca6f2473dab30a29dc,55910
2024-04-01,CAD,2024-04-30T16:00:00+00:00,2024-04-30T16:59:59.087000+00:00,https://jetta.dukascopy.com/v1/ticks/USD-CAD/2024/4/30/16,3dbc1da4ab996986a66a2523828aed93dbdd4078203b23f4f8386f3256e75bfd,111597
2024-04-01,CHF,2024-04-30T16:00:00+00:00,2024-04-30T16:59:59.895000+00:00,https://jetta.dukascopy.com/v1/ticks/USD-CHF/2024/4/30/16,12c6b54e71370a30ea71c8e2a18719475cd933a70b37f99de25c9b6c82a4827d,74317
2024-04-01,EUR,2024-04-30T16:00:00+00:00,2024-04-30T16:59:59.963000+00:00,https://jetta.dukascopy.com/v1/ticks/EUR-USD/2024/4/30/16,2d63bfb71521d5a68236c7108415c45cf8198221ea42edfb17554ea50bf35675,87082
2024-04-01,GBP,2024-04-30T16:00:00+00:00,2024-04-30T16:59:59.906000+00:00,https://jetta.dukascopy.com/v1/ticks/GBP-USD/2024/4/30/16,80ac2493af967a20596d22ef35c9d4add0a2a6e2632e3ec314409c83268ed63c,86230
2024-04-01,JPY,2024-04-30T16:00:00+00:00,2024-04-30T16:59:59.742000+00:00,https://jetta.dukascopy.com/v1/ticks/USD-JPY/2024/4/30/16,e10bdac2607afec909da1eee006b2c1a1b18721a8650bc1f750572dad8eedd9c,66635
2024-04-01,NOK,2024-04-30T16:00:00+00:00,2024-04-30T16:59:59.943000+00:00,https://jetta.dukascopy.com/v1/ticks/USD-NOK/2024/4/30/16,b1b19d79306a3fdc54be0a178c02555f2582c6a9219bc36e4488eec099948434,80006
2024-04-01,NZD,2024-04-30T16:00:00+00:00,2024-04-30T16:59:59.277000+00:00,https://jetta.dukascopy.com/v1/ticks/NZD-USD/2024/4/30/16,ebed83f20fb6a7269915b33b7da07da64c977420cfdfef4059169154a720580d,51915
2024-04-01,SEK,2024-04-30T16:00:00+00:00,2024-04-30T16:59:59.937000+00:00,https://jetta.dukascopy.com/v1/ticks/USD-SEK/2024/4/30/16,2d6471516bc78452baee3660be39c39a9a8875776c678bd63e3593ce407db267,86489
2024-05-01,AUD,2024-05-31T16:00:00+00:00,2024-05-31T16:59:49.709000+00:00,https://jetta.dukascopy.com/v1/ticks/AUD-USD/2024/5/31/16,8593114028569315cc3824fc50defec03f3cd523ee27751e7b3671df9d1d4d4e,84582
2024-05-01,CAD,2024-05-31T16:00:00+00:00,2024-05-31T16:59:51.028000+00:00,https://jetta.dukascopy.com/v1/ticks/USD-CAD/2024/5/31/16,3b5727bade171bea5d6b8445984d601e7291a7d2313ed1bfabbd6f78d8b08480,121912
2024-05-01,CHF,2024-05-31T16:00:00+00:00,2024-05-31T16:59:51.990000+00:00,https://jetta.dukascopy.com/v1/ticks/USD-CHF/2024/5/31/16,2cc8ba3ab9550fe952f400d3549bfa8135a72110a2809f26fcf5b211732e0a14,48421
2024-05-01,EUR,2024-05-31T16:00:00+00:00,2024-05-31T16:59:53.916000+00:00,https://jetta.dukascopy.com/v1/ticks/EUR-USD/2024/5/31/16,334d0dd612d3fcb9c523e800b8dc39150d5b1893ca41d1b689a2f334ca46162f,84106
2024-05-01,GBP,2024-05-31T16:00:00+00:00,2024-05-31T16:59:55.398000+00:00,https://jetta.dukascopy.com/v1/ticks/GBP-USD/2024/5/31/16,ecf00b9fc7ae9d5d235a4b2462a3856c7e79ed649acbdbe242f54724da3af2dd,95025
2024-05-01,JPY,2024-05-31T16:00:00+00:00,2024-05-31T16:59:53.018000+00:00,https://jetta.dukascopy.com/v1/ticks/USD-JPY/2024/5/31/16,e349fd6af14c6fd61e95ca4d1c5f5c4187d49195ce06559aaf3cbd17d2663f97,111591
2024-05-01,NOK,2024-05-31T16:00:00+00:00,2024-05-31T16:59:53.944000+00:00,https://jetta.dukascopy.com/v1/ticks/USD-NOK/2024/5/31/16,444cba9781fe755f0965df0837ea53ab1fe59e3d3f47c90c6a6ce12cd1405395,197396
2024-05-01,NZD,2024-05-31T16:00:00+00:00,2024-05-31T16:59:49.985000+00:00,https://jetta.dukascopy.com/v1/ticks/NZD-USD/2024/5/31/16,e21d7d6200b35b0f5c5a4d0e7806c55bb04c8eace2445dcfb6ce8f8af1d88586,71660
2024-05-01,SEK,2024-05-31T16:00:00+00:00,2024-05-31T16:59:58.599000+00:00,https://jetta.dukascopy.com/v1/ticks/USD-SEK/2024/5/31/16,d1e31de14aab41c229983fdb95699c5d6104daa330d26f14c1c45feaf4c1f6b5,109722
2024-06-01,AUD,2024-06-28T16:00:00+00:00,2024-06-28T16:59:58.752000+00:00,https://jetta.dukascopy.com/v1/ticks/AUD-USD/2024/6/28/16,0398b1a56ba370b0033e41a8bfda4d106f2b604fe24041120776649cc633cb5b,97339
2024-06-01,CAD,2024-06-28T16:00:00+00:00,2024-06-28T16:59:59.693000+00:00,https://jetta.dukascopy.com/v1/ticks/USD-CAD/2024/6/28/16,e1388025fd323776c3e405146ed98eb4936ef0825415068e6f44da452cac1b52,137357
2024-06-01,CHF,2024-06-28T16:00:00+00:00,2024-06-28T16:59:58.758000+00:00,https://jetta.dukascopy.com/v1/ticks/USD-CHF/2024/6/28/16,68000150676195e69fe4996a87e39525c15f6370b533d9503b9fd4cb235720e5,49210
2024-06-01,EUR,2024-06-28T16:00:00+00:00,2024-06-28T16:59:58.752000+00:00,https://jetta.dukascopy.com/v1/ticks/EUR-USD/2024/6/28/16,0d3fe59783f2c819020dbf8b16551cd836f3a79c976fafe8b1c13776467810d5,89259
2024-06-01,GBP,2024-06-28T16:00:00+00:00,2024-06-28T16:59:59.572000+00:00,https://jetta.dukascopy.com/v1/ticks/GBP-USD/2024/6/28/16,5a5a72797394a0f5afb9bded8cd6e8c128ee7ee5b798eb0ecfeeb592210d5b18,121792
2024-06-01,JPY,2024-06-28T16:00:00+00:00,2024-06-28T16:59:59.746000+00:00,https://jetta.dukascopy.com/v1/ticks/USD-JPY/2024/6/28/16,9b2c53189c8632864aa2c664e404274fae3e7af6da80c553baa1af6997cd450a,134522
2024-06-01,NOK,2024-06-28T16:00:00+00:00,2024-06-28T16:59:58.748000+00:00,https://jetta.dukascopy.com/v1/ticks/USD-NOK/2024/6/28/16,3ed5a533d9407ef12711277a51ab3c6adb0681dbf58ac7b142617fea2c6907b2,113522
2024-06-01,NZD,2024-06-28T16:00:00+00:00,2024-06-28T16:59:59.612000+00:00,https://jetta.dukascopy.com/v1/ticks/NZD-USD/2024/6/28/16,a5e02703cc9e838da7a4d675b54b75c7218d5b9c66fa81f5820b9b9636c896c2,69705
2024-06-01,SEK,2024-06-28T16:00:00+00:00,2024-06-28T16:59:51.359000+00:00,https://jetta.dukascopy.com/v1/ticks/USD-SEK/2024/6/28/16,3771165b601c253f8d4398c9711800c845a381c131df03a2c0f066df25cebbe3,97531
2024-07-01,AUD,2024-07-31T16:00:00+00:00,2024-07-31T16:59:57.413000+00:00,https://jetta.dukascopy.com/v1/ticks/AUD-USD/2024/7/31/16,95de27d7499e17f4403f14b3313c5e389db4cd28efadc2979da3821f18f6547d,58610
2024-07-01,CAD,2024-07-31T16:00:00+00:00,2024-07-31T16:59:51.297000+00:00,https://jetta.dukascopy.com/v1/ticks/USD-CAD/2024/7/31/16,12f25f8c0aea0446e502d5ec0dfe60a446531e894dfba9c012e1754d9badd172,76489
2024-07-01,CHF,2024-07-31T16:00:00+00:00,2024-07-31T16:59:57.261000+00:00,https://jetta.dukascopy.com/v1/ticks/USD-CHF/2024/7/31/16,b5339b04d429a20a1cb64669bd48f748050718bef6a0b704e3151f321b7d3ba6,58601
2024-07-01,EUR,2024-07-31T16:00:00+00:00,2024-07-31T16:59:38.988000+00:00,https://jetta.dukascopy.com/v1/ticks/EUR-USD/2024/7/31/16,9e286b386b5b3e448350c55653cd463b9af5103b003e882d58cb111cd5be2af5,89141
2024-07-01,GBP,2024-07-31T16:00:00+00:00,2024-07-31T16:59:59.981000+00:00,https://jetta.dukascopy.com/v1/ticks/GBP-USD/2024/7/31/16,301e65253619a9de2582ce1ca987df34acb659d497c15d0935eb46998331baa9,99938
2024-07-01,JPY,2024-07-31T16:00:00+00:00,2024-07-31T16:59:58.771000+00:00,https://jetta.dukascopy.com/v1/ticks/USD-JPY/2024/7/31/16,7f4717caaa33b4dc438ebd6760a7d89c1d63ec14bd155ac1f4bc94ab7b4104da,249235
2024-07-01,NOK,2024-07-31T16:00:00+00:00,2024-07-31T16:59:59.336000+00:00,https://jetta.dukascopy.com/v1/ticks/USD-NOK/2024/7/31/16,288ba634ab3ec3f4ac9974773aaa039da67e5c72a51a7d2a347c204e17a33252,145923
2024-07-01,NZD,2024-07-31T16:00:00+00:00,2024-07-31T16:59:57.266000+00:00,https://jetta.dukascopy.com/v1/ticks/NZD-USD/2024/7/31/16,d338a26f52f699761081288e513a2cbef79f8407182f416ad8e9bc4fd5ee15e0,47958
2024-07-01,SEK,2024-07-31T16:00:00+00:00,2024-07-31T16:59:51.683000+00:00,https://jetta.dukascopy.com/v1/ticks/USD-SEK/2024/7/31/16,f4413fde1670782e19dc6d7036d72458f508b404125e031b5b89ebb7100a0279,77918
2024-08-01,AUD,2024-08-30T16:00:00+00:00,2024-08-30T16:59:57.069000+00:00,https://jetta.dukascopy.com/v1/ticks/AUD-USD/2024/8/30/16,a55ef307c15114dae5de428ce4f381124af4f09013f91fdb141b16cd7e955ad8,91965
2024-08-01,CAD,2024-08-30T16:00:00+00:00,2024-08-30T16:59:59.973000+00:00,https://jetta.dukascopy.com/v1/ticks/USD-CAD/2024/8/30/16,6aaaf2c050d4019a2c0d18cecd999dd08200167016857ba429bfe9e5537677ac,190694
2024-08-01,CHF,2024-08-30T16:00:00+00:00,2024-08-30T16:59:51.431000+00:00,https://jetta.dukascopy.com/v1/ticks/USD-CHF/2024/8/30/16,cd81932054052041de92dc7d10ba10a4a78a86a23d1e542152ad6b90ec5ba9d9,68124
2024-08-01,EUR,2024-08-30T16:00:00+00:00,2024-08-30T16:59:56.924000+00:00,https://jetta.dukascopy.com/v1/ticks/EUR-USD/2024/8/30/16,c50be7fb8e300ec112eba52e54234395d1b29ef488442deaad1b46ca6a1d0209,126871
2024-08-01,GBP,2024-08-30T16:00:00+00:00,2024-08-30T16:59:56.180000+00:00,https://jetta.dukascopy.com/v1/ticks/GBP-USD/2024/8/30/16,c783f9963740091404b16cd7f98b9b0b8f5a1a55e9b8a49a203a23c08001b6c9,118905
2024-08-01,JPY,2024-08-30T16:00:00+00:00,2024-08-30T16:59:58.147000+00:00,https://jetta.dukascopy.com/v1/ticks/USD-JPY/2024/8/30/16,ea2b1c464d1f0bfc8d98987ccaf16503cea3697ccfe775b92e1cb1507e11cc32,264986
2024-08-01,NOK,2024-08-30T16:00:00+00:00,2024-08-30T16:59:59.355000+00:00,https://jetta.dukascopy.com/v1/ticks/USD-NOK/2024/8/30/16,f03b9bd6085e2b7b0a0605fed96d821175b22fc731675fdf74b5314ef57eb058,340751
2024-08-01,NZD,2024-08-30T16:00:00+00:00,2024-08-30T16:59:58.981000+00:00,https://jetta.dukascopy.com/v1/ticks/NZD-USD/2024/8/30/16,985dba83ad8836042a69e7f28315ae7b82cb2530106e37e217a313bdb4104a06,91261
2024-08-01,SEK,2024-08-30T16:00:00+00:00,2024-08-30T16:59:57.526000+00:00,https://jetta.dukascopy.com/v1/ticks/USD-SEK/2024/8/30/16,03fe85122965837d07b301d9671cf5ca2434546c0d22a49a47d313a7a73cd7da,68034
2024-09-01,AUD,2024-09-30T16:00:00+00:00,2024-09-30T16:59:59.087000+00:00,https://jetta.dukascopy.com/v1/ticks/AUD-USD/2024/9/30/16,c70d31be2a886cdb3bb0afa2fb4a1d345d2da4322c9f3772defcdff106f24749,62477
2024-09-01,CAD,2024-09-30T16:00:00+00:00,2024-09-30T16:59:59.969000+00:00,https://jetta.dukascopy.com/v1/ticks/USD-CAD/2024/9/30/16,7680fc6d8c42e91c70cdde0229b7a2f882f5d130864bc5e1dd5fd8a218f8e801,119631
2024-09-01,CHF,2024-09-30T16:00:00+00:00,2024-09-30T16:59:58.449000+00:00,https://jetta.dukascopy.com/v1/ticks/USD-CHF/2024/9/30/16,da146aad3cd650ee20f26aa64e1a580d8e185bf0c90d4c26ca5593b74e3d2a94,85562
2024-09-01,EUR,2024-09-30T16:00:00+00:00,2024-09-30T16:59:58.550000+00:00,https://jetta.dukascopy.com/v1/ticks/EUR-USD/2024/9/30/16,83a7cd19bcc7045b6ae2a5be9c1013c95660abbc4bea791192b20457036f0c52,131111
2024-09-01,GBP,2024-09-30T16:00:00+00:00,2024-09-30T16:59:58.149000+00:00,https://jetta.dukascopy.com/v1/ticks/GBP-USD/2024/9/30/16,65710a563873456f910ac06da439f57e3a43247e0ead2896be0547fdd7580689,156938
2024-09-01,JPY,2024-09-30T16:00:00+00:00,2024-09-30T16:59:58.104000+00:00,https://jetta.dukascopy.com/v1/ticks/USD-JPY/2024/9/30/16,bea72f8b03409a25ae5619c593ad51da80413d17daaf4582e461082c195ee9c8,212199
2024-09-01,NOK,2024-09-30T16:00:00+00:00,2024-09-30T16:59:59.912000+00:00,https://jetta.dukascopy.com/v1/ticks/USD-NOK/2024/9/30/16,3baf57a6ee4f663da46c48617c6ff22e8900c1f0083598fd630ac8115446b544,203953
2024-09-01,NZD,2024-09-30T16:00:00+00:00,2024-09-30T16:59:59.958000+00:00,https://jetta.dukascopy.com/v1/ticks/NZD-USD/2024/9/30/16,ea9dec02e4fc2dcc0a883a7acb516c81bb33a263635b9e43153415f209c62b95,91724
2024-09-01,SEK,2024-09-30T16:00:00+00:00,2024-09-30T16:59:58.189000+00:00,https://jetta.dukascopy.com/v1/ticks/USD-SEK/2024/9/30/16,352ff36cf5fb24663efe808ec35b29d288cb058c8a3728c7c2a9ef8856362755,94427
2024-10-01,AUD,2024-10-31T16:00:00+00:00,2024-10-31T16:59:53.431000+00:00,https://jetta.dukascopy.com/v1/ticks/AUD-USD/2024/10/31/16,e2761faf5724b4835e6b1ea64b5283e6b51f65cb32970ad22a577a7f39dd8bbb,91550
2024-10-01,CAD,2024-10-31T16:00:00+00:00,2024-10-31T16:59:52.214000+00:00,https://jetta.dukascopy.com/v1/ticks/USD-CAD/2024/10/31/16,ef0d549563b8bbec7d87561e1230fddf1109838bf3295722a63c6fbbdc13a3c4,170132
2024-10-01,CHF,2024-10-31T16:00:00+00:00,2024-10-31T16:59:59.191000+00:00,https://jetta.dukascopy.com/v1/ticks/USD-CHF/2024/10/31/16,9ef5628e2d6dd37d6c4aac6072ae31bfa63ef160d3d8c9d811015584207f9fc4,141107
2024-10-01,EUR,2024-10-31T16:00:00+00:00,2024-10-31T16:59:58.602000+00:00,https://jetta.dukascopy.com/v1/ticks/EUR-USD/2024/10/31/16,725f8819af1456105ce643c47d518ff122e4f1476e868e52acbd54b127017ec4,168466
2024-10-01,GBP,2024-10-31T16:00:00+00:00,2024-10-31T16:59:55.326000+00:00,https://jetta.dukascopy.com/v1/ticks/GBP-USD/2024/10/31/16,e178b6bc8dcbdd95ac14327be8a1393996a4c8d4a40703ecd6f6c5d33c8be711,193868
2024-10-01,JPY,2024-10-31T16:00:00+00:00,2024-10-31T16:59:57.056000+00:00,https://jetta.dukascopy.com/v1/ticks/USD-JPY/2024/10/31/16,57bc881a40087bce8aae08b0cc2f7111223391eb8f5a181a82e55dfca0b2d4ad,280521
2024-10-01,NOK,2024-10-31T16:00:00+00:00,2024-10-31T16:59:58.835000+00:00,https://jetta.dukascopy.com/v1/ticks/USD-NOK/2024/10/31/16,7bd5165c744e3e3482872580dd3497d83e22ae929021e0c2cacbcd36c65591d6,216733
2024-10-01,NZD,2024-10-31T16:00:00+00:00,2024-10-31T16:59:58.620000+00:00,https://jetta.dukascopy.com/v1/ticks/NZD-USD/2024/10/31/16,26d2e4e43dbc7434411bbef09b765722dbabb5dbfc90455f6f024e7f9547129e,122606
2024-10-01,SEK,2024-10-31T16:00:00+00:00,2024-10-31T16:59:57.084000+00:00,https://jetta.dukascopy.com/v1/ticks/USD-SEK/2024/10/31/16,b98cee7d19685e6c20351d0976d358e1c9b78ac30b408deab1ac32b38cd746da,136185
2024-11-01,AUD,2024-11-29T16:00:00+00:00,2024-11-29T16:59:59.118000+00:00,https://jetta.dukascopy.com/v1/ticks/AUD-USD/2024/11/29/16,a3def0b9c34bee492d9c318dfa12852cc5e5530ab07b3879e709486a313b9802,192601
2024-11-01,CAD,2024-11-29T16:00:00+00:00,2024-11-29T16:59:59.327000+00:00,https://jetta.dukascopy.com/v1/ticks/USD-CAD/2024/11/29/16,15f4e39688a5f2aebf37732886446e99104faac53cb144e7ce289bdcf88d2ea0,172906
2024-11-01,CHF,2024-11-29T16:00:00+00:00,2024-11-29T16:59:57.192000+00:00,https://jetta.dukascopy.com/v1/ticks/USD-CHF/2024/11/29/16,f034b3fb2d0383a85c12f818bb0a72a7c5532fe29263bdb347e486000e82d01c,150048
2024-11-01,EUR,2024-11-29T16:00:00+00:00,2024-11-29T16:59:59.120000+00:00,https://jetta.dukascopy.com/v1/ticks/EUR-USD/2024/11/29/16,771a996f3796471380b3bcb9baa9bf556cc8571c686990bf76ae192d1c7a2f64,231214
2024-11-01,GBP,2024-11-29T16:00:00+00:00,2024-11-29T16:59:59.671000+00:00,https://jetta.dukascopy.com/v1/ticks/GBP-USD/2024/11/29/16,42087d13b8fe87d9fc0767f29e285422bc106b578eb5a2c40b2f24a838696de2,230024
2024-11-01,JPY,2024-11-29T16:00:00+00:00,2024-11-29T16:59:59.967000+00:00,https://jetta.dukascopy.com/v1/ticks/USD-JPY/2024/11/29/16,31554b098e26910a66b7664fe4b23db61ab031dedb2bb16dcbe1844f823dcec0,326884
2024-11-01,NOK,2024-11-29T16:00:00+00:00,2024-11-29T16:59:59.454000+00:00,https://jetta.dukascopy.com/v1/ticks/USD-NOK/2024/11/29/16,098d1f4e6fdad44121172eb7ea9c38edff397afea8aa0a9c5a513d005d1184e1,363125
2024-11-01,NZD,2024-11-29T16:00:00+00:00,2024-11-29T16:59:59.095000+00:00,https://jetta.dukascopy.com/v1/ticks/NZD-USD/2024/11/29/16,cc55800d73c973ee90448713f272805f03ece4716acea743d5978ba9d9453762,146333
2024-11-01,SEK,2024-11-29T16:00:00+00:00,2024-11-29T16:59:51.350000+00:00,https://jetta.dukascopy.com/v1/ticks/USD-SEK/2024/11/29/16,c183eec402e25e00d21c2e1952ac1761d7b46254cf548243ad4fae4aaadb9ac2,222874
2024-12-01,AUD,2024-12-31T16:00:00+00:00,2024-12-31T16:59:59.800000+00:00,https://jetta.dukascopy.com/v1/ticks/AUD-USD/2024/12/31/16,1c36731c5e16d7174b1461bb82d03c2f7c6d0b57cf8a1625c52276911bcf919f,145056
2024-12-01,CAD,2024-12-31T16:00:00+00:00,2024-12-31T16:59:59.822000+00:00,https://jetta.dukascopy.com/v1/ticks/USD-CAD/2024/12/31/16,b2608cee9a43ae0ff4c6cc27f63d501bd7524faf18db82c960dd9139d63d0234,219504
2024-12-01,CHF,2024-12-31T16:00:00+00:00,2024-12-31T16:59:59.628000+00:00,https://jetta.dukascopy.com/v1/ticks/USD-CHF/2024/12/31/16,118af9587b19a9eafbdf4eac5c040f9692b120ec1e71225759fc1f32b0cf5ec6,118954
2024-12-01,EUR,2024-12-31T16:00:00+00:00,2024-12-31T16:59:59.801000+00:00,https://jetta.dukascopy.com/v1/ticks/EUR-USD/2024/12/31/16,370700dd7c6a0e9182f91f80a5c5c67c2cab0c04017bed6592c97de39639dd46,184095
2024-12-01,GBP,2024-12-31T16:00:00+00:00,2024-12-31T16:59:59.956000+00:00,https://jetta.dukascopy.com/v1/ticks/GBP-USD/2024/12/31/16,b0bfb1cbf062b9d71a11b0f58a386289fbd9e1831d7c21484649b2fae8dec1df,211576
2024-12-01,JPY,2024-12-31T16:00:00+00:00,2024-12-31T16:59:59.982000+00:00,https://jetta.dukascopy.com/v1/ticks/USD-JPY/2024/12/31/16,bf461370e8c3107d3beb3704b999873cbf9ba0c0e3a8979a672cf0093cd41e4b,305226
2024-12-01,NOK,2024-12-31T16:00:00+00:00,2024-12-31T16:59:59.882000+00:00,https://jetta.dukascopy.com/v1/ticks/USD-NOK/2024/12/31/16,e95c0536504aba963f28ab52a8e3bf703700d326d236241800531d103cf4d535,202974
2024-12-01,NZD,2024-12-31T16:00:00+00:00,2024-12-31T16:59:59.725000+00:00,https://jetta.dukascopy.com/v1/ticks/NZD-USD/2024/12/31/16,bd6a42228712f215634182d5a2e1cec4a0131b8b824307f20191c93d07d9fc24,137809
2024-12-01,SEK,2024-12-31T16:00:00+00:00,2024-12-31T16:59:59.715000+00:00,https://jetta.dukascopy.com/v1/ticks/USD-SEK/2024/12/31/16,729838a3ecf2558688be8eec67e4f177186719ecd916ca6696edac471938c90f,161002
